timestamp,rate
2025-03-01 08:23:16,1.786947
2025-03-01 08:31:17,1.786947
2025-03-01 08:31:47,1.786947
2025-03-01 08:32:17,1.786947
2025-03-01 08:32:47,1.786947
2025-03-01 08:33:17,1.786947
2025-03-01 08:33:47,1.786947
2025-03-01 08:34:18,1.786947
2025-03-01 08:34:48,1.786947
2025-03-01 08:35:18,1.786947
2025-03-01 08:35:48,1.786947
2025-03-01 08:36:18,1.786947
2025-03-01 08:36:48,1.786947
2025-03-01 08:37:19,1.786947
2025-03-01 08:37:49,1.786947
2025-03-01 08:38:19,1.786947
2025-03-01 08:38:49,1.786947
2025-03-01 08:39:19,1.786947
2025-03-01 08:39:49,1.786947
2025-03-01 08:40:19,1.786947
2025-03-01 08:40:49,1.786947
2025-03-01 08:41:19,1.786947
2025-03-01 08:41:50,1.786947
2025-03-01 08:42:20,1.786947
2025-03-01 08:42:50,1.786947
2025-03-01 08:43:20,1.786947
2025-03-01 08:43:50,1.786947
2025-03-01 08:44:20,1.786947
2025-03-01 08:44:50,1.786947
2025-03-01 08:45:20,1.786947
2025-03-01 08:45:51,1.786947
2025-03-01 08:46:21,1.786947
2025-03-01 08:46:51,1.786947
2025-03-01 08:47:21,1.786947
2025-03-01 08:47:51,1.786947
2025-03-01 08:48:21,1.786947
2025-03-01 08:48:51,1.786947
2025-03-01 08:49:21,1.786947
2025-03-01 08:49:52,1.786947
2025-03-01 08:50:22,1.786947
2025-03-01 08:50:52,1.786947
2025-03-01 08:51:22,1.786947
2025-03-01 08:51:52,1.786947
2025-03-01 08:52:22,1.786947
2025-03-01 08:52:53,1.786947
2025-03-01 08:53:23,1.786947
2025-03-01 08:53:53,1.786947
2025-03-01 08:54:23,1.786947
2025-03-01 08:54:53,1.786947
2025-03-01 08:55:23,1.786947
2025-03-01 08:55:53,1.786947
2025-03-01 08:56:23,1.786947
2025-03-01 08:56:54,1.786947
2025-03-01 08:57:24,1.786947
2025-03-01 08:57:54,1.786947
2025-03-01 08:58:24,1.786947
2025-03-01 08:58:54,1.786947
2025-03-01 08:59:24,1.786947
2025-03-01 08:59:54,1.786947
2025-03-01 09:00:24,1.786947
2025-03-01 09:00:55,1.786947
2025-03-01 09:01:25,1.786947
2025-03-01 09:01:55,1.786947
2025-03-01 09:02:25,1.786947
2025-03-01 09:02:55,1.786947
2025-03-01 09:03:25,1.786947
2025-03-01 09:03:55,1.786947
2025-03-01 09:04:26,1.786947
2025-03-01 09:04:56,1.786947
2025-03-01 09:05:26,1.786947
2025-03-01 09:05:56,1.786947
2025-03-01 09:06:26,1.786947
2025-03-01 09:06:56,1.786947
2025-03-01 09:07:27,1.786947
2025-03-01 09:07:57,1.786947
2025-03-01 09:08:27,1.786947
2025-03-01 09:08:57,1.786947
2025-03-01 09:09:27,1.786947
2025-03-01 09:09:57,1.786947
2025-03-01 09:10:27,1.786947
2025-03-01 09:10:57,1.786947
2025-03-01 09:11:27,1.786947
2025-03-01 09:11:58,1.786947
2025-03-01 09:12:28,1.786947
2025-03-01 09:12:58,1.786947
2025-03-01 09:13:28,1.786947
2025-03-01 09:13:58,1.786947
2025-03-01 09:14:28,1.786947
2025-03-01 09:14:59,1.786947
2025-03-01 09:15:29,1.786947
2025-03-01 09:15:59,1.786947
2025-03-01 09:16:29,1.786947
2025-03-01 09:16:59,1.786947
2025-03-01 09:17:29,1.786947
2025-03-01 09:17:59,1.786947
2025-03-01 09:18:29,1.786947
2025-03-01 09:19:00,1.786947
2025-03-01 09:19:30,1.786947
2025-03-01 09:20:00,1.786947
2025-03-01 09:20:30,1.786947
2025-03-01 09:21:00,1.786947
2025-03-01 09:21:30,1.786947
2025-03-01 09:22:00,1.786947
2025-03-01 09:22:31,1.786947
2025-03-01 09:23:01,1.786947
2025-03-01 09:23:31,1.786947
2025-03-01 09:24:01,1.786947
2025-03-01 09:24:31,1.786947
2025-03-01 09:25:01,1.786947
2025-03-01 09:25:31,1.786947
2025-03-01 09:26:02,1.786947
2025-03-01 09:26:32,1.786947
2025-03-01 09:27:02,1.786947
2025-03-01 09:27:32,1.786947
2025-03-01 09:28:02,1.786947
2025-03-01 09:28:32,1.786947
2025-03-01 09:29:02,1.786947
2025-03-01 09:29:32,1.786947
2025-03-01 09:30:03,1.786947
2025-03-01 09:30:33,1.786947
2025-03-01 09:31:03,1.786947
2025-03-01 09:31:33,1.786947
2025-03-01 09:32:03,1.786947
2025-03-01 09:32:33,1.786947
2025-03-01 09:33:03,1.786947
2025-03-01 09:33:34,1.786947
2025-03-01 09:34:04,1.786947
2025-03-01 09:34:34,1.786947
2025-03-01 09:35:04,1.786947
2025-03-01 09:35:34,1.786947
2025-03-01 09:36:04,1.786947
2025-03-01 09:36:34,1.786947
2025-03-01 09:37:05,1.786947
2025-03-01 09:37:35,1.786947
2025-03-01 09:38:05,1.786947
2025-03-01 09:38:35,1.786947
2025-03-01 09:39:05,1.786947
2025-03-01 09:39:35,1.786947
2025-03-01 09:40:05,1.786947
2025-03-01 09:40:35,1.786947
2025-03-01 09:41:05,1.786947
2025-03-01 09:41:36,1.786947
2025-03-01 09:42:06,1.786947
2025-03-01 09:42:36,1.786947
2025-03-01 09:43:06,1.786947
2025-03-01 09:43:36,1.786947
2025-03-01 09:44:06,1.786947
2025-03-01 09:44:36,1.786947
2025-03-01 09:45:07,1.786947
2025-03-01 09:45:37,1.786947
2025-03-01 09:46:07,1.786947
2025-03-01 09:46:37,1.786947
2025-03-01 09:47:07,1.786947
2025-03-01 09:47:37,1.786947
2025-03-01 09:48:07,1.786947
2025-03-01 09:48:37,1.786947
2025-03-01 09:49:08,1.786947
2025-03-01 09:49:38,1.786947
2025-03-01 09:50:08,1.786947
2025-03-01 09:50:38,1.786947
2025-03-01 09:51:08,1.786947
2025-03-01 09:51:38,1.786947
2025-03-01 09:52:08,1.786947
2025-03-01 09:52:38,1.786947
2025-03-01 09:53:09,1.786947
2025-03-01 09:53:39,1.786947
2025-03-01 09:54:09,1.786947
2025-03-01 09:54:39,1.786947
2025-03-01 09:55:09,1.786947
2025-03-01 09:55:39,1.786947
2025-03-01 09:56:09,1.786947
2025-03-01 09:56:39,1.786947
2025-03-01 09:57:09,1.786947
2025-03-01 09:57:40,1.786947
2025-03-01 09:58:10,1.786947
2025-03-01 09:58:40,1.786947
2025-03-01 09:59:10,1.786947
2025-03-01 09:59:40,1.786947
2025-03-01 10:00:10,1.786947
2025-03-01 10:00:40,1.786947
2025-03-01 10:01:11,1.786947
2025-03-01 10:01:41,1.786947
2025-03-01 10:02:11,1.786947
2025-03-01 10:02:41,1.786947
2025-03-01 10:03:11,1.786947
2025-03-01 10:03:41,1.786947
2025-03-01 10:04:11,1.786947
2025-03-01 10:04:41,1.786947
2025-03-01 10:05:12,1.786947
2025-03-01 10:05:42,1.786947
2025-03-01 10:06:12,1.786947
2025-03-01 10:06:42,1.786947
2025-03-01 10:07:12,1.786947
2025-03-01 10:07:42,1.786947
2025-03-01 10:08:12,1.786947
2025-03-01 10:08:43,1.786947
2025-03-01 10:09:13,1.786947
2025-03-01 10:09:43,1.786947
2025-03-01 10:10:13,1.786947
2025-03-01 10:10:43,1.786947
2025-03-01 10:11:13,1.786947
2025-03-01 10:11:43,1.786947
2025-03-01 10:12:13,1.786947
2025-03-01 10:12:44,1.786947
2025-03-01 10:13:14,1.786947
2025-03-01 10:13:44,1.786947
2025-03-01 10:14:14,1.786947
2025-03-01 10:14:44,1.786947
2025-03-01 10:15:14,1.786947
2025-03-01 10:15:44,1.786947
2025-03-01 10:16:14,1.786947
2025-03-01 10:16:44,1.786947
2025-03-01 10:17:15,1.786947
2025-03-01 10:17:45,1.786947
2025-03-01 10:18:15,1.786947
2025-03-01 10:18:45,1.786947
2025-03-01 10:19:15,1.786947
2025-03-01 10:19:45,1.786947
2025-03-01 10:20:15,1.786947
2025-03-01 10:20:45,1.786947
2025-03-01 10:21:16,1.786947
2025-03-01 10:21:46,1.786947
2025-03-01 10:22:16,1.786947
2025-03-01 10:22:46,1.786947
2025-03-01 10:23:16,1.786947
2025-03-01 10:23:46,1.786947
2025-03-01 10:24:16,1.786947
2025-03-01 10:24:46,1.786947
2025-03-01 10:25:17,1.786947
2025-03-01 10:25:47,1.786947
2025-03-01 10:26:17,1.786947
2025-03-01 10:26:47,1.786947
2025-03-01 10:27:17,1.786947
2025-03-01 10:27:47,1.786947
2025-03-01 10:28:17,1.786947
2025-03-01 10:28:47,1.786947
2025-03-01 10:29:18,1.786947
2025-03-01 10:29:48,1.786947
2025-03-01 10:30:18,1.786947
2025-03-01 10:30:48,1.786947
2025-03-01 10:31:18,1.786947
2025-03-01 10:31:48,1.786947
2025-03-01 10:32:18,1.786947
2025-03-01 10:32:48,1.786947
2025-03-01 10:33:19,1.786947
2025-03-01 10:33:49,1.786947
2025-03-01 10:34:19,1.786947
2025-03-01 10:34:49,1.786947
2025-03-01 10:35:19,1.786947
2025-03-01 10:35:49,1.786947
2025-03-01 10:36:19,1.786947
2025-03-01 10:36:49,1.786947
2025-03-01 10:37:20,1.786947
2025-03-01 10:37:50,1.786947
2025-03-01 10:38:20,1.786947
2025-03-01 10:38:50,1.786947
2025-03-01 10:39:20,1.786947
2025-03-01 10:39:50,1.786947
2025-03-01 10:40:21,1.786947
2025-03-01 10:40:51,1.786947
2025-03-01 10:41:21,1.786947
2025-03-01 10:41:51,1.786947
2025-03-01 10:42:21,1.786947
2025-03-01 10:42:51,1.786947
2025-03-01 10:43:21,1.786947
2025-03-01 10:43:52,1.786947
2025-03-01 10:44:22,1.786947
2025-03-01 10:44:52,1.786947
2025-03-01 10:45:22,1.786947
2025-03-01 10:45:52,1.786947
2025-03-01 10:46:22,1.786947
2025-03-01 10:46:52,1.786947
2025-03-01 10:47:22,1.786947
2025-03-01 10:47:52,1.786947
2025-03-01 10:48:23,1.786947
2025-03-01 10:48:53,1.786947
2025-03-01 10:49:23,1.786947
2025-03-01 10:49:53,1.786947
2025-03-01 10:50:23,1.786947
2025-03-01 10:50:53,1.786947
2025-03-01 10:51:23,1.786947
2025-03-01 10:51:54,1.786947
2025-03-01 10:52:24,1.786947
2025-03-01 10:52:54,1.786947
2025-03-01 10:53:24,1.786947
2025-03-01 10:53:54,1.786947
2025-03-01 10:54:24,1.786947
2025-03-01 10:54:54,1.786947
2025-03-01 10:55:25,1.786947
2025-03-01 10:55:55,1.786947
2025-03-01 10:56:25,1.786947
2025-03-01 10:56:55,1.786947
2025-03-01 10:57:25,1.786947
2025-03-01 10:57:55,1.786947
2025-03-01 10:58:25,1.786947
2025-03-01 10:58:55,1.786947
2025-03-01 10:59:25,1.786947
2025-03-01 10:59:56,1.786947
2025-03-01 11:00:26,1.786947
2025-03-01 11:00:56,1.786947
2025-03-01 11:01:26,1.786947
2025-03-01 11:01:56,1.786947
2025-03-01 11:02:26,1.786947
2025-03-01 11:02:56,1.786947
2025-03-01 11:03:27,1.786947
2025-03-01 11:03:57,1.786947
2025-03-01 11:04:27,1.786947
2025-03-01 11:04:57,1.786947
2025-03-01 11:05:27,1.786947
2025-03-01 11:05:57,1.786947
2025-03-01 11:06:27,1.786947
2025-03-01 11:06:57,1.786947
2025-03-01 11:07:28,1.786947
2025-03-01 11:07:58,1.786947
2025-03-01 11:08:28,1.786947
2025-03-01 11:08:58,1.786947
2025-03-01 11:09:28,1.786947
2025-03-01 11:09:58,1.786947
2025-03-01 11:10:28,1.786947
2025-03-01 11:10:59,1.786947
2025-03-01 11:11:29,1.786947
2025-03-01 11:11:59,1.786947
2025-03-01 11:12:29,1.786947
2025-03-01 11:12:59,1.786947
2025-03-01 11:13:29,1.786947
2025-03-01 11:13:59,1.786947
2025-03-01 11:14:30,1.786947
2025-03-01 11:15:00,1.786947
2025-03-01 11:15:30,1.786947
2025-03-01 11:16:00,1.786947
2025-03-01 11:16:30,1.786947
2025-03-01 11:17:00,1.786947
2025-03-01 11:17:30,1.786947
2025-03-01 11:18:00,1.786947
2025-03-01 11:18:31,1.786947
2025-03-01 11:19:01,1.786947
2025-03-01 11:19:31,1.786947
2025-03-01 11:20:01,1.786947
2025-03-01 11:20:31,1.786947
2025-03-01 11:21:01,1.786947
2025-03-01 11:21:31,1.786947
2025-03-01 11:22:01,1.786947
2025-03-01 11:22:32,1.786947
2025-03-01 11:23:02,1.786947
2025-03-01 11:23:32,1.786947
2025-03-01 11:24:02,1.786947
2025-03-01 11:24:32,1.786947
2025-03-01 11:25:02,1.786947
2025-03-01 11:25:32,1.786947
2025-03-01 11:26:02,1.786947
2025-03-01 11:26:33,1.786947
2025-03-01 11:27:03,1.786947
2025-03-01 11:27:33,1.786947
2025-03-01 11:28:03,1.786947
2025-03-01 11:28:33,1.786947
2025-03-01 11:29:03,1.786947
2025-03-01 11:29:33,1.786947
2025-03-01 11:30:03,1.786947
2025-03-01 11:30:34,1.786947
2025-03-01 11:31:04,1.786947
2025-03-01 11:31:34,1.786947
2025-03-01 11:32:04,1.786947
2025-03-01 11:32:34,1.786947
2025-03-01 11:33:04,1.786947
2025-03-01 11:33:34,1.786947
2025-03-01 11:34:04,1.786947
2025-03-01 11:34:35,1.786947
2025-03-01 11:35:05,1.786947
2025-03-01 11:35:35,1.786947
2025-03-01 11:36:05,1.786947
2025-03-01 11:36:35,1.786947
2025-03-01 11:37:05,1.786947
2025-03-01 11:37:35,1.786947
2025-03-01 11:38:06,1.786947
2025-03-01 11:38:36,1.786947
2025-03-01 11:39:06,1.786947
2025-03-01 11:39:36,1.786947
2025-03-01 11:40:06,1.786947
2025-03-01 11:40:36,1.786947
2025-03-01 11:41:06,1.786947
2025-03-01 11:41:36,1.786947
2025-03-01 11:42:07,1.786947
2025-03-01 11:42:37,1.786947
2025-03-01 11:43:07,1.786947
2025-03-01 11:43:37,1.786947
2025-03-01 11:44:07,1.786947
2025-03-01 11:44:37,1.786947
2025-03-01 11:45:07,1.786947
2025-03-01 11:45:38,1.786947
2025-03-01 11:46:08,1.786947
2025-03-01 11:46:38,1.786947
2025-03-01 11:47:08,1.786947
2025-03-01 11:47:38,1.786947
2025-03-01 11:48:08,1.786947
2025-03-01 11:48:38,1.786947
2025-03-01 11:49:09,1.786947
2025-03-01 11:49:39,1.786947
2025-03-01 11:50:09,1.786947
2025-03-01 11:50:39,1.786947
2025-03-01 11:51:09,1.786947
2025-03-01 11:51:39,1.786947
2025-03-01 11:52:09,1.786947
2025-03-01 11:52:39,1.786947
2025-03-01 11:53:10,1.786947
2025-03-01 11:53:40,1.786947
2025-03-01 11:54:10,1.786947
2025-03-01 11:54:40,1.786947
2025-03-01 11:55:10,1.786947
2025-03-01 11:55:40,1.786947
2025-03-01 11:56:10,1.786947
2025-03-01 11:56:40,1.786947
2025-03-01 11:57:11,1.786947
2025-03-01 11:57:41,1.786947
2025-03-01 11:58:11,1.786947
2025-03-01 11:58:41,1.786947
2025-03-01 11:59:11,1.786947
2025-03-01 11:59:41,1.786947
2025-03-01 12:00:12,1.786947
2025-03-01 12:00:42,1.786947
2025-03-01 12:01:12,1.786947
2025-03-01 12:01:42,1.786947
2025-03-01 12:02:12,1.786947
2025-03-01 12:02:42,1.786947
2025-03-01 12:03:12,1.786947
2025-03-01 12:03:42,1.786947
2025-03-01 12:04:13,1.786947
2025-03-01 12:04:43,1.786947
2025-03-01 12:05:13,1.786947
2025-03-01 12:05:43,1.786947
2025-03-01 12:06:13,1.786947
2025-03-01 12:06:43,1.786947
2025-03-01 12:07:13,1.786947
2025-03-01 12:07:43,1.786947
2025-03-01 12:08:14,1.786947
2025-03-01 12:08:44,1.786947
2025-03-01 12:09:14,1.786947
2025-03-01 12:09:44,1.786947
2025-03-01 12:10:14,1.786947
2025-03-01 12:10:44,1.786947
2025-03-01 12:11:14,1.786947
2025-03-01 12:11:45,1.786947
2025-03-01 12:12:15,1.786947
2025-03-01 12:12:45,1.786947
2025-03-01 12:13:15,1.786947
2025-03-01 12:13:45,1.786947
2025-03-01 12:14:15,1.786947
2025-03-01 12:14:45,1.786947
2025-03-01 12:15:16,1.786947
2025-03-01 12:15:46,1.786947
2025-03-01 12:16:16,1.786947
2025-03-01 12:16:46,1.786947
2025-03-01 12:17:16,1.786947
2025-03-01 12:17:46,1.786947
2025-03-01 12:18:16,1.786947
2025-03-01 12:18:46,1.786947
2025-03-01 12:19:17,1.786947
2025-03-01 12:19:47,1.786947
2025-03-01 12:20:17,1.786947
2025-03-01 12:20:47,1.786947
2025-03-01 12:21:17,1.786947
2025-03-01 12:21:47,1.786947
2025-03-01 12:22:17,1.786947
2025-03-01 12:22:47,1.786947
2025-03-01 12:23:18,1.786947
2025-03-01 12:23:48,1.786947
2025-03-01 12:24:18,1.786947
2025-03-01 12:24:48,1.786947
2025-03-01 12:25:18,1.786947
2025-03-01 12:25:48,1.786947
2025-03-01 12:26:18,1.786947
2025-03-01 12:26:48,1.786947
2025-03-01 12:27:19,1.786947
2025-03-01 12:27:49,1.786947
2025-03-01 12:28:19,1.786947
2025-03-01 12:28:49,1.786947
2025-03-01 12:29:19,1.786947
2025-03-01 12:29:49,1.786947
2025-03-01 12:30:20,1.786947
2025-03-01 12:30:50,1.786947
2025-03-01 12:31:20,1.786947
2025-03-01 12:31:50,1.786947
2025-03-01 12:32:20,1.786947
2025-03-01 12:32:50,1.786947
2025-03-01 12:33:20,1.786947
2025-03-01 12:33:51,1.786947
2025-03-01 12:34:21,1.786947
2025-03-01 12:34:51,1.786947
2025-03-01 12:35:21,1.786947
2025-03-01 12:35:51,1.786947
2025-03-01 12:36:21,1.786947
2025-03-01 12:36:51,1.786947
2025-03-01 12:37:21,1.786947
2025-03-01 12:37:52,1.786947
2025-03-01 12:38:22,1.786947
2025-03-01 12:38:52,1.786947
2025-03-01 12:39:22,1.786947
2025-03-01 12:39:52,1.786947
2025-03-01 12:40:22,1.786947
2025-03-01 12:40:52,1.786947
2025-03-01 12:41:23,1.786947
2025-03-01 12:41:53,1.786947
2025-03-01 12:42:23,1.786947
2025-03-01 12:42:53,1.786947
2025-03-01 12:43:23,1.786947
2025-03-01 12:43:53,1.786947
2025-03-01 12:44:23,1.786947
2025-03-01 12:44:54,1.786947
2025-03-01 12:45:24,1.786947
2025-03-01 12:45:54,1.786947
2025-03-01 12:46:25,1.786947
2025-03-01 12:46:55,1.786947
2025-03-01 12:47:25,1.786947
2025-03-01 12:47:55,1.786947
2025-03-01 12:48:25,1.786947
2025-03-01 12:48:55,1.786947
2025-03-01 12:49:25,1.786947
2025-03-01 12:49:55,1.786947
2025-03-01 12:50:26,1.786947
2025-03-01 12:50:56,1.786947
2025-03-01 12:51:26,1.786947
2025-03-01 12:51:56,1.786947
2025-03-01 12:52:26,1.786947
2025-03-01 12:52:56,1.786947
2025-03-01 12:53:26,1.786947
2025-03-01 12:53:56,1.786947
2025-03-01 12:54:27,1.786947
2025-03-01 12:54:57,1.786947
2025-03-01 12:55:27,1.786947
2025-03-01 12:55:57,1.786947
2025-03-01 12:56:27,1.786947
2025-03-01 12:56:57,1.786947
2025-03-01 12:57:28,1.786947
2025-03-01 12:57:58,1.786947
2025-03-01 12:58:28,1.786947
2025-03-01 12:58:58,1.786947
2025-03-01 12:59:28,1.786947
2025-03-01 12:59:58,1.786947
2025-03-01 13:00:28,1.786947
2025-03-01 13:00:59,1.786947
2025-03-01 13:01:29,1.786947
2025-03-01 13:01:59,1.786947
2025-03-01 13:02:29,1.786947
2025-03-01 13:02:59,1.786947
2025-03-01 13:03:29,1.786947
2025-03-01 13:03:59,1.786947
2025-03-01 13:04:29,1.786947
2025-03-01 13:05:00,1.786947
2025-03-01 13:05:30,1.786947
2025-03-01 13:06:00,1.786947
2025-03-01 13:06:30,1.786947
2025-03-01 13:07:00,1.786947
2025-03-01 13:07:30,1.786947
2025-03-01 13:08:00,1.786947
2025-03-01 13:08:31,1.786947
2025-03-01 13:09:01,1.786947
2025-03-01 13:09:31,1.786947
2025-03-01 13:10:01,1.786947
2025-03-01 13:10:31,1.786947
2025-03-01 13:11:01,1.786947
2025-03-01 13:11:31,1.786947
2025-03-01 13:12:02,1.786947
2025-03-01 13:12:32,1.786947
2025-03-01 13:13:02,1.786947
2025-03-01 13:13:32,1.786947
2025-03-01 13:14:02,1.786947
2025-03-01 13:14:32,1.786947
2025-03-01 13:15:03,1.786947
2025-03-01 13:15:33,1.786947
2025-03-01 13:16:03,1.786947
2025-03-01 13:16:33,1.786947
2025-03-01 13:17:03,1.786947
2025-03-01 13:17:33,1.786947
2025-03-01 13:18:03,1.786947
2025-03-01 13:18:33,1.786947
2025-03-01 13:19:04,1.786947
2025-03-01 13:19:34,1.786947
2025-03-01 13:20:04,1.786947
2025-03-01 13:20:34,1.786947
2025-03-01 13:21:04,1.786947
2025-03-01 13:21:34,1.786947
2025-03-01 13:22:04,1.786947
2025-03-01 13:22:34,1.786947
2025-03-01 13:23:05,1.786947
2025-03-01 13:23:35,1.786947
2025-03-01 13:24:05,1.786947
2025-03-01 13:24:35,1.786947
2025-03-01 13:25:05,1.786947
2025-03-01 13:25:35,1.786947
2025-03-01 13:26:05,1.786947
2025-03-01 13:26:35,1.786947
2025-03-01 13:27:05,1.786947
2025-03-01 13:27:36,1.786947
2025-03-01 13:28:06,1.786947
2025-03-01 13:28:36,1.786947
2025-03-01 13:29:06,1.786947
2025-03-01 13:29:36,1.786947
2025-03-01 13:30:06,1.786947
2025-03-01 13:30:37,1.786947
2025-03-01 13:31:07,1.786947
2025-03-01 13:31:37,1.786947
2025-03-01 13:32:07,1.786947
2025-03-01 13:32:37,1.786947
2025-03-01 13:33:07,1.786947
2025-03-01 13:33:37,1.786947
2025-03-01 13:34:08,1.786947
2025-03-01 13:34:38,1.786947
2025-03-01 13:35:08,1.786947
2025-03-01 13:35:38,1.786947
2025-03-01 13:36:08,1.786947
2025-03-01 13:36:38,1.786947
2025-03-01 13:37:08,1.786947
2025-03-01 13:37:38,1.786947
2025-03-01 13:38:09,1.786947
2025-03-01 13:38:39,1.786947
2025-03-01 13:39:09,1.786947
2025-03-01 13:39:39,1.786947
2025-03-01 13:40:09,1.786947
2025-03-01 13:40:39,1.786947
2025-03-01 13:41:09,1.786947
2025-03-01 13:41:39,1.786947
2025-03-01 13:42:10,1.786947
2025-03-01 13:42:40,1.786947
2025-03-01 13:43:10,1.786947
2025-03-01 13:43:40,1.786947
2025-03-01 13:44:10,1.786947
2025-03-01 13:44:40,1.786947
2025-03-01 13:45:10,1.786947
2025-03-01 13:45:41,1.786947
2025-03-01 13:46:11,1.786947
2025-03-01 13:46:41,1.786947
2025-03-01 13:47:11,1.786947
2025-03-01 13:47:41,1.786947
2025-03-01 13:48:11,1.786947
2025-03-01 13:48:41,1.786947
2025-03-01 13:49:12,1.786947
2025-03-01 13:49:42,1.786947
2025-03-01 13:50:12,1.786947
2025-03-01 13:50:42,1.786947
2025-03-01 13:51:12,1.786947
2025-03-01 13:51:42,1.786947
2025-03-01 13:52:12,1.786947
2025-03-01 13:52:43,1.786947
2025-03-01 13:53:13,1.786947
2025-03-01 13:53:43,1.786947
2025-03-01 13:54:13,1.786947
2025-03-01 13:54:43,1.786947
2025-03-01 13:55:13,1.786947
2025-03-01 13:55:43,1.786947
2025-03-01 13:56:13,1.786947
2025-03-01 13:56:44,1.786947
2025-03-01 13:57:14,1.786947
2025-03-01 13:57:44,1.786947
2025-03-01 13:58:14,1.786947
2025-03-01 13:58:44,1.786947
2025-03-01 13:59:14,1.786947
2025-03-01 13:59:44,1.786947
2025-03-01 14:00:15,1.786947
2025-03-01 14:00:45,1.786947
2025-03-01 14:01:15,1.786947
2025-03-01 14:01:45,1.786947
2025-03-01 14:02:15,1.786947
2025-03-01 14:02:45,1.786947
2025-03-01 14:03:15,1.786947
2025-03-01 14:03:46,1.786947
2025-03-01 14:04:16,1.786947
2025-03-01 14:04:46,1.786947
2025-03-01 14:05:16,1.786947
2025-03-01 14:05:46,1.786947
2025-03-01 14:06:16,1.786947
2025-03-01 14:06:46,1.786947
2025-03-01 14:07:16,1.786947
2025-03-01 14:07:47,1.786947
2025-03-01 14:08:17,1.786947
2025-03-01 14:08:47,1.786947
2025-03-01 14:09:17,1.786947
2025-03-01 14:09:47,1.786947
2025-03-01 14:10:17,1.786947
2025-03-01 14:10:47,1.786947
2025-03-01 14:11:18,1.786947
2025-03-01 14:11:48,1.786947
2025-03-01 14:12:18,1.786947
2025-03-01 14:12:48,1.786947
2025-03-01 14:13:18,1.786947
2025-03-01 14:13:48,1.786947
2025-03-01 14:14:18,1.786947
2025-03-01 14:14:48,1.786947
2025-03-01 14:15:19,1.786947
2025-03-01 14:15:49,1.786947
2025-03-01 14:16:19,1.786947
2025-03-01 14:16:49,1.786947
2025-03-01 14:17:19,1.786947
2025-03-01 14:17:49,1.786947
2025-03-01 14:18:19,1.786947
2025-03-01 14:18:49,1.786947
2025-03-01 14:19:20,1.786947
2025-03-01 14:19:50,1.786947
2025-03-01 14:20:20,1.786947
2025-03-01 14:20:50,1.786947
2025-03-01 14:21:20,1.786947
2025-03-01 14:21:50,1.786947
2025-03-01 14:22:20,1.786947
2025-03-01 14:22:51,1.786947
2025-03-01 14:23:21,1.786947
2025-03-01 14:23:51,1.786947
2025-03-01 14:24:21,1.786947
2025-03-01 14:24:51,1.786947
2025-03-01 14:25:21,1.786947
2025-03-01 14:25:51,1.786947
2025-03-01 14:26:21,1.786947
2025-03-01 14:26:51,1.786947
2025-03-01 14:27:22,1.786947
2025-03-01 14:27:52,1.786947
2025-03-01 14:28:22,1.786947
2025-03-01 14:28:52,1.786947
2025-03-01 14:29:22,1.786947
2025-03-01 14:29:52,1.786947
2025-03-01 14:30:22,1.786947
2025-03-01 14:30:53,1.786947
2025-03-01 14:31:23,1.786947
2025-03-01 14:31:53,1.786947
2025-03-01 14:32:23,1.786947
2025-03-01 14:32:53,1.786947
2025-03-01 14:33:23,1.786947
2025-03-01 14:33:53,1.786947
2025-03-01 14:34:24,1.786947
2025-03-01 14:34:54,1.786947
2025-03-01 14:35:24,1.786947
2025-03-01 14:35:54,1.786947
2025-03-01 14:36:24,1.786947
2025-03-01 14:36:54,1.786947
2025-03-01 14:37:24,1.786947
2025-03-01 14:37:54,1.786947
2025-03-01 14:38:25,1.786947
2025-03-01 14:38:55,1.786947
2025-03-01 14:39:25,1.786947
2025-03-01 14:39:55,1.786947
2025-03-01 14:40:25,1.786947
2025-03-01 14:40:55,1.786947
2025-03-01 14:41:25,1.786947
2025-03-01 14:41:55,1.786947
2025-03-01 14:42:26,1.786947
2025-03-01 14:42:56,1.786947
2025-03-01 14:43:26,1.786947
2025-03-01 14:43:56,1.786947
2025-03-01 14:44:26,1.786947
2025-03-01 14:44:56,1.786947
2025-03-01 14:45:26,1.786947
2025-03-01 14:45:57,1.786947
2025-03-01 14:46:27,1.786947
2025-03-01 14:46:57,1.786947
2025-03-01 14:47:27,1.786947
2025-03-01 14:47:57,1.786947
2025-03-01 14:48:27,1.786947
2025-03-01 14:48:57,1.786947
2025-03-01 14:49:27,1.786947
2025-03-01 14:49:58,1.786947
2025-03-01 14:50:28,1.786947
2025-03-01 14:50:58,1.786947
2025-03-01 14:51:28,1.786947
2025-03-01 14:51:58,1.786947
2025-03-01 14:52:28,1.786947
2025-03-01 14:52:58,1.786947
2025-03-01 14:53:28,1.786947
2025-03-01 14:53:59,1.786947
2025-03-01 14:54:29,1.786947
2025-03-01 14:54:59,1.786947
2025-03-01 14:55:29,1.786947
2025-03-01 14:55:59,1.786947
2025-03-01 14:56:29,1.786947
2025-03-01 14:56:59,1.786947
2025-03-01 14:57:29,1.786947
2025-03-01 14:58:00,1.786947
2025-03-01 14:58:30,1.786947
2025-03-01 14:59:00,1.786947
2025-03-01 14:59:30,1.786947
2025-03-01 15:00:00,1.786947
2025-03-01 15:00:31,1.786947
2025-03-01 15:01:01,1.786947
2025-03-01 15:01:31,1.786947
2025-03-01 15:02:01,1.786947
2025-03-01 15:02:31,1.786947
2025-03-01 15:03:01,1.786947
2025-03-01 15:03:31,1.786947
2025-03-01 15:04:01,1.786947
2025-03-01 15:04:32,1.786947
2025-03-01 15:05:02,1.786947
2025-03-01 15:05:32,1.786947
2025-03-01 15:06:02,1.786947
2025-03-01 15:06:32,1.786947
2025-03-01 15:07:02,1.786947
2025-03-01 15:07:32,1.786947
2025-03-01 15:08:02,1.786947
2025-03-01 15:08:33,1.786947
2025-03-01 15:09:03,1.786947
2025-03-01 15:09:33,1.786947
2025-03-01 15:10:03,1.786947
2025-03-01 15:10:33,1.786947
2025-03-01 15:11:03,1.786947
2025-03-01 15:11:33,1.786947
2025-03-01 15:12:04,1.786947
2025-03-01 15:12:34,1.786947
2025-03-01 15:13:04,1.786947
2025-03-01 15:13:34,1.786947
2025-03-01 15:14:04,1.786947
2025-03-01 15:14:34,1.786947
2025-03-01 15:15:04,1.786947
2025-03-01 15:15:34,1.786947
2025-03-01 15:16:05,1.786947
2025-03-01 15:16:35,1.786947
2025-03-01 15:17:05,1.786947
2025-03-01 15:17:35,1.786947
2025-03-01 15:18:05,1.786947
2025-03-01 15:18:35,1.786947
2025-03-01 15:19:05,1.786947
2025-03-01 15:19:36,1.786947
2025-03-01 15:20:06,1.786947
2025-03-01 15:20:36,1.786947
2025-03-01 15:21:06,1.786947
2025-03-01 15:21:36,1.786947
2025-03-01 15:22:06,1.786947
2025-03-01 15:22:36,1.786947
2025-03-01 15:23:06,1.786947
2025-03-01 15:23:37,1.786947
2025-03-01 15:24:07,1.786947
2025-03-01 15:24:37,1.786947
2025-03-01 15:25:07,1.786947
2025-03-01 15:25:37,1.786947
2025-03-01 15:26:07,1.786947
2025-03-01 15:26:37,1.786947
2025-03-01 15:27:07,1.786947
2025-03-01 15:27:37,1.786947
2025-03-01 15:28:08,1.786947
2025-03-01 15:28:38,1.786947
2025-03-01 15:29:08,1.786947
2025-03-01 15:29:38,1.786947
2025-03-01 15:30:08,1.786947
2025-03-01 15:30:38,1.786947
2025-03-01 15:31:09,1.786947
2025-03-01 15:31:39,1.786947
2025-03-01 15:32:09,1.786947
2025-03-01 15:32:39,1.786947
2025-03-01 15:33:09,1.786947
2025-03-01 15:33:39,1.786947
2025-03-01 15:34:09,1.786947
2025-03-01 15:34:39,1.786947
2025-03-01 15:35:10,1.786947
2025-03-01 15:35:40,1.786947
2025-03-01 15:36:10,1.786947
2025-03-01 15:36:40,1.786947
2025-03-01 15:37:10,1.786947
2025-03-01 15:37:40,1.786947
2025-03-01 15:38:10,1.786947
2025-03-01 15:38:41,1.786947
2025-03-01 15:39:11,1.786947
2025-03-01 15:39:41,1.786947
2025-03-01 15:40:11,1.786947
2025-03-01 15:40:41,1.786947
2025-03-01 15:41:11,1.786947
2025-03-01 15:41:41,1.786947
2025-03-01 15:42:11,1.786947
2025-03-01 15:42:42,1.786947
2025-03-01 15:43:12,1.786947
2025-03-01 15:43:42,1.786947
2025-03-01 15:44:12,1.786947
2025-03-01 15:44:42,1.786947
2025-03-01 15:45:12,1.786947
2025-03-01 15:45:42,1.786947
2025-03-01 15:46:13,1.786947
2025-03-01 15:46:43,1.786947
2025-03-01 15:47:13,1.786947
2025-03-01 15:47:43,1.786947
2025-03-01 15:48:13,1.786947
2025-03-01 15:48:43,1.786947
2025-03-01 15:49:13,1.786947
2025-03-01 15:49:44,1.786947
2025-03-01 15:50:14,1.786947
2025-03-01 15:50:44,1.786947
2025-03-01 15:51:14,1.786947
2025-03-01 15:51:44,1.786947
2025-03-01 15:52:14,1.786947
2025-03-01 15:52:44,1.786947
2025-03-01 15:53:15,1.786947
2025-03-01 15:53:45,1.786947
2025-03-01 15:54:15,1.786947
2025-03-01 15:54:45,1.786947
2025-03-01 15:55:15,1.786947
2025-03-01 15:55:45,1.786947
2025-03-01 15:56:15,1.786947
2025-03-01 15:56:45,1.786947
2025-03-01 15:57:16,1.786947
2025-03-01 15:57:46,1.786947
2025-03-01 15:58:16,1.786947
2025-03-01 15:58:46,1.786947
2025-03-01 15:59:16,1.786947
2025-03-01 15:59:46,1.786947
2025-03-01 16:00:17,1.786947
2025-03-01 16:00:47,1.786947
2025-03-01 16:01:17,1.786947
2025-03-01 16:01:47,1.786947
2025-03-01 16:02:17,1.786947
2025-03-01 16:02:47,1.786947
2025-03-01 16:03:17,1.786947
2025-03-01 16:03:47,1.786947
2025-03-01 16:04:18,1.786947
2025-03-01 16:04:48,1.786947
2025-03-01 16:05:18,1.786947
2025-03-01 16:05:48,1.786947
2025-03-01 16:06:18,1.786947
2025-03-01 16:06:48,1.786947
2025-03-01 16:07:18,1.786947
2025-03-01 16:07:48,1.786947
2025-03-01 16:08:19,1.786947
2025-03-01 16:08:49,1.786947
2025-03-01 16:09:19,1.786947
2025-03-01 16:09:49,1.786947
2025-03-01 16:10:19,1.786947
2025-03-01 16:10:49,1.786947
2025-03-01 16:11:19,1.786947
2025-03-01 16:11:49,1.786947
2025-03-01 16:12:20,1.786947
2025-03-01 16:12:50,1.786947
2025-03-01 16:13:20,1.786947
2025-03-01 16:13:50,1.786947
2025-03-01 16:14:20,1.786947
2025-03-01 16:14:50,1.786947
2025-03-01 16:15:21,1.786947
2025-03-01 16:15:51,1.786947
2025-03-01 16:16:21,1.786947
2025-03-01 16:16:51,1.786947
2025-03-01 16:17:21,1.786947
2025-03-01 16:17:51,1.786947
2025-03-01 16:18:21,1.786947
2025-03-01 16:18:51,1.786947
2025-03-01 16:19:22,1.786947
2025-03-01 16:19:52,1.786947
2025-03-01 16:20:22,1.786947
2025-03-01 16:20:52,1.786947
2025-03-01 16:21:22,1.786947
2025-03-01 16:21:52,1.786947
2025-03-01 16:22:22,1.786947
2025-03-01 16:22:52,1.786947
2025-03-01 16:23:23,1.786947
2025-03-01 16:23:53,1.786947
2025-03-01 16:24:23,1.786947
2025-03-01 16:24:53,1.786947
2025-03-01 16:25:23,1.786947
2025-03-01 16:25:53,1.786947
2025-03-01 16:26:23,1.786947
2025-03-01 16:26:53,1.786947
2025-03-01 16:27:23,1.786947
2025-03-01 16:27:54,1.786947
2025-03-01 16:28:24,1.786947
2025-03-01 16:28:54,1.786947
2025-03-01 16:29:24,1.786947
2025-03-01 16:29:54,1.786947
2025-03-01 16:30:24,1.786947
2025-03-01 16:30:55,1.786947
2025-03-01 16:31:25,1.786947
2025-03-01 16:31:55,1.786947
2025-03-01 16:32:25,1.786947
2025-03-01 16:32:55,1.786947
2025-03-01 16:33:25,1.786947
2025-03-01 16:33:55,1.786947
2025-03-01 16:34:26,1.786947
2025-03-01 16:34:56,1.786947
2025-03-01 16:35:26,1.786947
2025-03-01 16:35:56,1.786947
2025-03-01 16:36:26,1.786947
2025-03-01 16:36:56,1.786947
2025-03-01 16:37:26,1.786947
2025-03-01 16:37:56,1.786947
2025-03-01 16:38:27,1.786947
2025-03-01 16:38:57,1.786947
2025-03-01 16:39:27,1.786947
2025-03-01 16:39:57,1.786947
2025-03-01 16:40:27,1.786947
2025-03-01 16:40:57,1.786947
2025-03-01 16:41:27,1.786947
2025-03-01 16:41:58,1.786947
2025-03-01 16:42:28,1.786947
2025-03-01 16:42:58,1.786947
2025-03-01 16:43:28,1.786947
2025-03-01 16:43:58,1.786947
2025-03-01 16:44:28,1.786947
2025-03-01 16:44:58,1.786947
2025-03-01 16:45:28,1.786947
2025-03-01 16:45:59,1.786947
2025-03-01 16:46:29,1.786947
2025-03-01 16:46:59,1.786947
2025-03-01 16:47:29,1.786947
2025-03-01 16:47:59,1.786947
2025-03-01 16:48:30,1.786947
2025-03-01 16:49:00,1.786947
2025-03-01 16:49:30,1.786947
2025-03-01 16:50:00,1.786947
2025-03-01 16:50:30,1.786947
2025-03-01 16:51:00,1.786947
2025-03-01 16:51:30,1.786947
2025-03-01 16:52:00,1.786947
2025-03-01 16:52:30,1.786947
2025-03-01 16:53:01,1.786947
2025-03-01 16:53:31,1.786947
2025-03-01 16:54:01,1.786947
2025-03-01 16:54:31,1.786947
2025-03-01 16:55:01,1.786947
2025-03-01 16:55:31,1.786947
2025-03-01 16:56:01,1.786947
2025-03-01 16:56:32,1.786947
2025-03-01 16:57:02,1.786947
2025-03-01 16:57:32,1.786947
2025-03-01 16:58:02,1.786947
2025-03-01 16:58:32,1.786947
2025-03-01 16:59:02,1.786947
2025-03-01 16:59:32,1.786947
2025-03-01 17:00:03,1.786947
2025-03-01 17:00:33,1.786947
2025-03-01 17:01:03,1.786947
2025-03-01 17:01:33,1.786947
2025-03-01 17:02:03,1.786947
2025-03-01 17:02:33,1.786947
2025-03-01 17:03:03,1.786947
2025-03-01 17:03:33,1.786947
2025-03-01 17:04:04,1.786947
2025-03-01 17:04:34,1.786947
2025-03-01 17:05:04,1.786947
2025-03-01 17:05:34,1.786947
2025-03-01 17:06:04,1.786947
2025-03-01 17:06:34,1.786947
2025-03-01 17:07:04,1.786947
2025-03-01 17:07:35,1.786947
2025-03-01 17:08:05,1.786947
2025-03-01 17:08:35,1.786947
2025-03-01 17:09:05,1.786947
2025-03-01 17:09:35,1.786947
2025-03-01 17:10:05,1.786947
2025-03-01 17:10:35,1.786947
2025-03-01 17:11:05,1.786947
2025-03-01 17:11:36,1.786947
2025-03-01 17:12:06,1.786947
2025-03-01 17:12:36,1.786947
2025-03-01 17:13:06,1.786947
2025-03-01 17:13:36,1.786947
2025-03-01 17:14:07,1.786947
2025-03-01 17:14:37,1.786947
2025-03-01 17:15:07,1.786947
2025-03-01 17:15:37,1.786947
2025-03-01 17:16:07,1.786947
2025-03-01 17:16:37,1.786947
2025-03-01 17:17:07,1.786947
2025-03-01 17:17:37,1.786947
2025-03-01 17:18:07,1.786947
2025-03-01 17:18:38,1.786947
2025-03-01 17:19:08,1.786947
2025-03-01 17:19:38,1.786947
2025-03-01 17:20:08,1.786947
2025-03-01 17:20:38,1.786947
2025-03-01 17:21:08,1.786947
2025-03-01 17:21:38,1.786947
2025-03-01 17:22:09,1.786947
2025-03-01 17:22:39,1.786947
2025-03-01 17:23:09,1.786947
2025-03-01 17:23:39,1.786947
2025-03-01 17:24:09,1.786947
2025-03-01 17:24:39,1.786947
2025-03-01 17:25:09,1.786947
2025-03-01 17:25:39,1.786947
2025-03-01 17:26:10,1.786947
2025-03-01 17:26:40,1.786947
2025-03-01 17:27:10,1.786947
2025-03-01 17:27:40,1.786947
2025-03-01 17:28:10,1.786947
2025-03-01 17:28:40,1.786947
2025-03-01 17:29:11,1.786947
2025-03-01 17:29:41,1.786947
2025-03-01 17:30:11,1.786947
2025-03-01 17:30:41,1.786947
2025-03-01 17:31:11,1.786947
2025-03-01 17:31:41,1.786947
2025-03-01 17:32:11,1.786947
2025-03-01 17:32:41,1.786947
2025-03-01 17:33:12,1.786947
2025-03-01 17:33:42,1.786947
2025-03-01 17:34:12,1.786947
2025-03-01 17:34:42,1.786947
2025-03-01 17:35:12,1.786947
2025-03-01 17:35:42,1.786947
2025-03-01 17:36:12,1.786947
2025-03-01 17:36:43,1.786947
2025-03-01 17:37:13,1.786947
2025-03-01 17:37:43,1.786947
2025-03-01 17:38:13,1.786947
2025-03-01 17:38:43,1.786947
2025-03-01 17:39:13,1.786947
2025-03-01 17:39:43,1.786947
2025-03-01 17:40:13,1.786947
2025-03-01 17:40:43,1.786947
2025-03-01 17:41:14,1.786947
2025-03-01 17:41:44,1.786947
2025-03-01 17:42:14,1.786947
2025-03-01 17:42:44,1.786947
2025-03-01 17:43:14,1.786947
2025-03-01 17:43:44,1.786947
2025-03-01 17:44:15,1.786947
2025-03-01 17:44:45,1.786947
2025-03-01 17:45:15,1.786947
2025-03-01 17:45:45,1.786947
2025-03-01 17:46:15,1.786947
2025-03-01 17:46:46,1.786947
2025-03-01 17:47:16,1.786947
2025-03-01 17:47:46,1.786947
2025-03-01 17:48:16,1.786947
2025-03-01 17:48:46,1.786947
2025-03-01 17:49:17,1.786947
2025-03-01 17:49:47,1.786947
2025-03-01 17:50:17,1.786947
2025-03-01 17:50:47,1.786947
2025-03-01 17:51:17,1.786947
2025-03-01 17:51:47,1.786947
2025-03-01 17:52:17,1.786947
2025-03-01 17:52:47,1.786947
2025-03-01 17:53:18,1.786947
2025-03-01 17:53:48,1.786947
2025-03-01 17:54:18,1.786947
2025-03-01 17:54:48,1.786947
2025-03-01 17:55:18,1.786947
2025-03-01 17:55:48,1.786947
2025-03-01 17:56:18,1.786947
2025-03-01 17:56:48,1.786947
2025-03-01 17:57:19,1.786947
2025-03-01 17:57:49,1.786947
2025-03-01 17:58:19,1.786947
2025-03-01 17:58:49,1.786947
2025-03-01 17:59:19,1.786947
2025-03-01 17:59:49,1.786947
2025-03-01 18:00:20,1.786947
2025-03-01 18:00:50,1.786947
2025-03-01 18:01:20,1.786947
2025-03-01 18:01:50,1.786947
2025-03-01 18:02:20,1.786947
2025-03-01 18:02:50,1.786947
2025-03-01 18:03:20,1.786947
2025-03-01 18:03:50,1.786947
2025-03-01 18:04:21,1.786947
2025-03-01 18:04:51,1.786947
2025-03-01 18:05:21,1.786947
2025-03-01 18:05:51,1.786947
2025-03-01 18:06:21,1.786947
2025-03-01 18:06:51,1.786947
2025-03-01 18:07:21,1.786947
2025-03-01 18:07:51,1.786947
2025-03-01 18:08:22,1.786947
2025-03-01 18:08:52,1.786947
2025-03-01 18:09:22,1.786947
2025-03-01 18:09:52,1.786947
2025-03-01 18:10:22,1.786947
2025-03-01 18:10:52,1.786947
2025-03-01 18:11:22,1.786947
2025-03-01 18:11:52,1.786947
2025-03-01 18:12:23,1.786947
2025-03-01 18:12:53,1.786947
2025-03-01 18:13:23,1.786947
2025-03-01 18:13:53,1.786947
2025-03-01 18:14:23,1.786947
2025-03-01 18:14:53,1.786947
2025-03-01 18:15:24,1.786947
2025-03-01 18:15:54,1.786947
2025-03-01 18:16:24,1.786947
2025-03-01 18:16:54,1.786947
2025-03-01 18:17:24,1.786947
2025-03-01 18:17:54,1.786947
2025-03-01 18:18:24,1.786947
2025-03-01 18:18:54,1.786947
2025-03-01 18:19:25,1.786947
2025-03-01 18:19:55,1.786947
2025-03-01 18:20:25,1.786947
2025-03-01 18:20:55,1.786947
2025-03-01 18:21:25,1.786947
2025-03-01 18:21:55,1.786947
2025-03-01 18:22:25,1.786947
2025-03-01 18:22:55,1.786947
2025-03-01 18:23:26,1.786947
2025-03-01 18:23:56,1.786947
2025-03-01 18:24:26,1.786947
2025-03-01 18:24:56,1.786947
2025-03-01 18:25:26,1.786947
2025-03-01 18:25:56,1.786947
2025-03-01 18:26:26,1.786947
2025-03-01 18:26:56,1.786947
2025-03-01 18:27:27,1.786947
2025-03-01 18:27:57,1.786947
2025-03-01 18:28:27,1.786947
2025-03-01 18:28:57,1.786947
2025-03-01 18:29:27,1.786947
2025-03-01 18:29:57,1.786947
2025-03-01 18:30:28,1.786947
2025-03-01 18:30:58,1.786947
2025-03-01 18:31:28,1.786947
2025-03-01 18:31:58,1.786947
2025-03-01 18:32:28,1.786947
2025-03-01 18:32:58,1.786947
2025-03-01 18:33:28,1.786947
2025-03-01 18:33:58,1.786947
2025-03-01 18:34:29,1.786947
2025-03-01 18:34:59,1.786947
2025-03-01 18:35:29,1.786947
2025-03-01 18:35:59,1.786947
2025-03-01 18:36:29,1.786947
2025-03-01 18:36:59,1.786947
2025-03-01 18:37:29,1.786947
2025-03-01 18:37:59,1.786947
2025-03-01 18:38:30,1.786947
2025-03-01 18:39:00,1.786947
2025-03-01 18:39:30,1.786947
2025-03-01 18:40:00,1.786947
2025-03-01 18:40:30,1.786947
2025-03-01 18:41:00,1.786947
2025-03-01 18:41:30,1.786947
2025-03-01 18:42:01,1.786947
2025-03-01 18:42:31,1.786947
2025-03-01 18:43:01,1.786947
2025-03-01 18:43:31,1.786947
2025-03-01 18:44:01,1.786947
2025-03-01 18:44:31,1.786947
2025-03-01 18:45:02,1.786947
2025-03-01 18:45:32,1.786947
2025-03-01 18:46:02,1.786947
2025-03-01 18:46:32,1.786947
2025-03-01 18:47:02,1.786947
2025-03-01 18:47:32,1.786947
2025-03-01 18:48:02,1.786947
2025-03-01 18:48:32,1.786947
2025-03-01 18:49:03,1.786947
2025-03-01 18:49:33,1.786947
2025-03-01 18:50:03,1.786947
2025-03-01 18:50:33,1.786947
2025-03-01 18:51:03,1.786947
2025-03-01 18:51:33,1.786947
2025-03-01 18:52:03,1.786947
2025-03-01 18:52:33,1.786947
2025-03-01 18:53:04,1.786947
2025-03-01 18:53:34,1.786947
2025-03-01 18:54:04,1.786947
2025-03-01 18:54:34,1.786947
2025-03-01 18:55:04,1.786947
2025-03-01 18:55:34,1.786947
2025-03-01 18:56:04,1.786947
2025-03-01 18:56:35,1.786947
2025-03-01 18:57:05,1.786947
2025-03-01 18:57:35,1.786947
2025-03-01 18:58:05,1.786947
2025-03-01 18:58:35,1.786947
2025-03-01 18:59:05,1.786947
2025-03-01 18:59:35,1.786947
2025-03-01 19:00:06,1.786947
2025-03-01 19:00:36,1.786947
2025-03-01 19:01:06,1.786947
2025-03-01 19:01:36,1.786947
2025-03-01 19:02:06,1.786947
2025-03-01 19:02:36,1.786947
2025-03-01 19:03:06,1.786947
2025-03-01 19:03:36,1.786947
2025-03-01 19:04:07,1.786947
2025-03-01 19:04:37,1.786947
2025-03-01 19:05:07,1.786947
2025-03-01 19:05:37,1.786947
2025-03-01 19:06:07,1.786947
2025-03-01 19:06:37,1.786947
2025-03-01 19:07:07,1.786947
2025-03-01 19:07:38,1.786947
2025-03-01 19:08:08,1.786947
2025-03-01 19:08:38,1.786947
2025-03-01 19:09:08,1.786947
2025-03-01 19:09:38,1.786947
2025-03-01 19:10:08,1.786947
2025-03-01 19:10:38,1.786947
2025-03-01 19:11:08,1.786947
2025-03-01 19:11:39,1.786947
2025-03-01 19:12:09,1.786947
2025-03-01 19:12:39,1.786947
2025-03-01 19:13:09,1.786947
2025-03-01 19:13:39,1.786947
2025-03-01 19:14:09,1.786947
2025-03-01 19:14:39,1.786947
2025-03-01 19:15:09,1.786947
2025-03-01 19:15:40,1.786947
2025-03-01 19:16:10,1.786947
2025-03-01 19:16:40,1.786947
2025-03-01 19:17:10,1.786947
2025-03-01 19:17:40,1.786947
2025-03-01 19:18:10,1.786947
2025-03-01 19:18:41,1.786947
2025-03-01 19:19:11,1.786947
2025-03-01 19:19:41,1.786947
2025-03-01 19:20:11,1.786947
2025-03-01 19:20:41,1.786947
2025-03-01 19:21:11,1.786947
2025-03-01 19:21:41,1.786947
2025-03-01 19:22:12,1.786947
2025-03-01 19:22:42,1.786947
2025-03-01 19:23:12,1.786947
2025-03-01 19:23:42,1.786947
2025-03-01 19:24:12,1.786947
2025-03-01 19:24:42,1.786947
2025-03-01 19:25:12,1.786947
2025-03-01 19:25:42,1.786947
2025-03-01 19:26:13,1.786947
2025-03-01 19:26:43,1.786947
2025-03-01 19:27:13,1.786947
2025-03-01 19:27:43,1.786947
2025-03-01 19:28:13,1.786947
2025-03-01 19:28:43,1.786947
2025-03-01 19:29:13,1.786947
2025-03-01 19:29:43,1.786947
2025-03-01 19:30:14,1.786947
2025-03-01 19:30:44,1.786947
2025-03-01 19:31:14,1.786947
2025-03-01 19:31:44,1.786947
2025-03-01 19:32:14,1.786947
2025-03-01 19:32:44,1.786947
2025-03-01 19:33:14,1.786947
2025-03-01 19:33:45,1.786947
2025-03-01 19:34:15,1.786947
2025-03-01 19:34:45,1.786947
2025-03-01 19:35:15,1.786947
2025-03-01 19:35:45,1.786947
2025-03-01 19:36:15,1.786947
2025-03-01 19:36:45,1.786947
2025-03-01 19:37:16,1.786947
2025-03-01 19:37:46,1.786947
2025-03-01 19:38:16,1.786947
2025-03-01 19:38:46,1.786947
2025-03-01 19:39:16,1.786947
2025-03-01 19:39:46,1.786947
2025-03-01 19:40:16,1.786947
2025-03-01 19:40:46,1.786947
2025-03-01 19:41:17,1.786947
2025-03-01 19:41:47,1.786947
2025-03-01 19:42:17,1.786947
2025-03-01 19:42:47,1.786947
2025-03-01 19:43:17,1.786947
2025-03-01 19:43:47,1.786947
2025-03-01 19:44:17,1.786947
2025-03-01 19:44:47,1.786947
2025-03-01 19:45:18,1.786947
2025-03-01 19:45:48,1.786947
2025-03-01 19:46:18,1.786947
2025-03-01 19:46:48,1.786947
2025-03-01 19:47:18,1.786947
2025-03-01 19:47:48,1.786947
2025-03-01 19:48:19,1.786947
2025-03-01 19:48:49,1.786947
2025-03-01 19:49:19,1.786947
2025-03-01 19:49:49,1.786947
2025-03-01 19:50:19,1.786947
2025-03-01 19:50:49,1.786947
2025-03-01 19:51:19,1.786947
2025-03-01 19:51:50,1.786947
2025-03-01 19:52:20,1.786947
2025-03-01 19:52:50,1.786947
2025-03-01 19:53:20,1.786947
2025-03-01 19:53:50,1.786947
2025-03-01 19:54:20,1.786947
2025-03-01 19:54:50,1.786947
2025-03-01 19:55:20,1.786947
2025-03-01 19:55:51,1.786947
2025-03-01 19:56:21,1.786947
2025-03-01 19:56:51,1.786947
2025-03-01 19:57:21,1.786947
2025-03-01 19:57:51,1.786947
2025-03-01 19:58:21,1.786947
2025-03-01 19:58:51,1.786947
2025-03-01 19:59:22,1.786947
2025-03-01 19:59:52,1.786947
2025-03-01 20:00:22,1.786947
2025-03-01 20:00:52,1.786947
2025-03-01 20:01:22,1.786947
2025-03-01 20:01:52,1.786947
2025-03-01 20:02:22,1.786947
2025-03-01 20:02:52,1.786947
2025-03-01 20:03:23,1.786947
2025-03-01 20:03:53,1.786947
2025-03-01 20:04:23,1.786947
2025-03-01 20:04:53,1.786947
2025-03-01 20:05:23,1.786947
2025-03-01 20:05:53,1.786947
2025-03-01 20:06:24,1.786947
2025-03-01 20:06:54,1.786947
2025-03-01 20:07:24,1.786947
2025-03-01 20:07:54,1.786947
2025-03-01 20:08:24,1.786947
2025-03-01 20:08:54,1.786947
2025-03-01 20:09:24,1.786947
2025-03-01 20:09:54,1.786947
2025-03-01 20:10:25,1.786947
2025-03-01 20:10:55,1.786947
2025-03-01 20:11:25,1.786947
2025-03-01 20:11:55,1.786947
2025-03-01 20:12:25,1.786947
2025-03-01 20:12:55,1.786947
2025-03-01 20:13:25,1.786947
2025-03-01 20:13:56,1.786947
2025-03-01 20:14:26,1.786947
2025-03-01 20:14:56,1.786947
2025-03-01 20:15:26,1.786947
2025-03-01 20:15:56,1.786947
2025-03-01 20:16:26,1.786947
2025-03-01 20:16:56,1.786947
2025-03-01 20:17:26,1.786947
2025-03-01 20:17:56,1.786947
2025-03-01 20:18:27,1.786947
2025-03-01 20:18:57,1.786947
2025-03-01 20:19:27,1.786947
2025-03-01 20:19:57,1.786947
2025-03-01 20:20:27,1.786947
2025-03-01 20:20:57,1.786947
2025-03-01 20:21:28,1.786947
2025-03-01 20:21:58,1.786947
2025-03-01 20:22:28,1.786947
2025-03-01 20:22:58,1.786947
2025-03-01 20:23:28,1.786947
2025-03-01 20:23:58,1.786947
2025-03-01 20:24:28,1.786947
2025-03-01 20:24:59,1.786947
2025-03-01 20:25:29,1.786947
2025-03-01 20:25:59,1.786947
2025-03-01 20:26:29,1.786947
2025-03-01 20:26:59,1.786947
2025-03-01 20:27:29,1.786947
2025-03-01 20:27:59,1.786947
2025-03-01 20:28:30,1.786947
2025-03-01 20:29:00,1.786947
2025-03-01 20:29:30,1.786947
2025-03-01 20:30:00,1.786947
2025-03-01 20:30:30,1.786947
2025-03-01 20:31:00,1.786947
2025-03-01 20:31:30,1.786947
2025-03-01 20:32:00,1.786947
2025-03-01 20:32:30,1.786947
2025-03-01 20:33:01,1.786947
2025-03-01 20:33:31,1.786947
2025-03-01 20:34:01,1.786947
2025-03-01 20:34:31,1.786947
2025-03-01 20:35:01,1.786947
2025-03-01 20:35:31,1.786947
2025-03-01 20:36:02,1.786947
2025-03-01 20:36:32,1.786947
2025-03-01 20:37:02,1.786947
2025-03-01 20:37:32,1.786947
2025-03-01 20:38:02,1.786947
2025-03-01 20:38:32,1.786947
2025-03-01 20:39:02,1.786947
2025-03-01 20:39:32,1.786947
2025-03-01 20:40:03,1.786947
2025-03-01 20:40:33,1.786947
2025-03-01 20:41:03,1.786947
2025-03-01 20:41:33,1.786947
2025-03-01 20:42:03,1.786947
2025-03-01 20:42:33,1.786947
2025-03-01 20:43:03,1.786947
2025-03-01 20:43:33,1.786947
2025-03-01 20:44:04,1.786947
2025-03-01 20:44:34,1.786947
2025-03-01 20:45:04,1.786947
2025-03-01 20:45:34,1.786947
2025-03-01 20:46:04,1.786947
2025-03-01 20:46:34,1.786947
2025-03-01 20:47:04,1.786947
2025-03-01 20:47:34,1.786947
2025-03-01 20:48:05,1.786947
2025-03-01 20:48:35,1.786947
2025-03-01 20:49:05,1.786947
2025-03-01 20:49:35,1.786947
2025-03-01 20:50:05,1.786947
2025-03-01 20:50:35,1.786947
2025-03-01 20:51:06,1.786947
2025-03-01 20:51:36,1.786947
2025-03-01 20:52:06,1.786947
2025-03-01 20:52:36,1.786947
2025-03-01 20:53:06,1.786947
2025-03-01 20:53:36,1.786947
2025-03-01 20:54:06,1.786947
2025-03-01 20:54:36,1.786947
2025-03-01 20:55:07,1.786947
2025-03-01 20:55:37,1.786947
2025-03-01 20:56:07,1.786947
2025-03-01 20:56:37,1.786947
2025-03-01 20:57:07,1.786947
2025-03-01 20:57:37,1.786947
2025-03-01 20:58:07,1.786947
2025-03-01 20:58:37,1.786947
2025-03-01 20:59:07,1.786947
2025-03-01 20:59:38,1.786947
2025-03-01 21:00:08,1.786947
2025-03-01 21:00:38,1.786947
2025-03-01 21:01:08,1.786947
2025-03-01 21:01:38,1.786947
2025-03-01 21:02:08,1.786947
2025-03-01 21:02:38,1.786947
2025-03-01 21:03:09,1.786947
2025-03-01 21:03:39,1.786947
2025-03-01 21:04:10,1.786947
2025-03-01 21:04:40,1.786947
2025-03-01 21:05:10,1.786947
2025-03-01 21:05:40,1.786947
2025-03-01 21:06:11,1.786947
2025-03-01 21:06:41,1.786947
2025-03-01 21:07:11,1.786947
2025-03-01 21:07:41,1.786947
2025-03-01 21:08:11,1.786947
2025-03-01 21:08:41,1.786947
2025-03-01 21:09:11,1.786947
2025-03-01 21:09:42,1.786947
2025-03-01 21:10:12,1.786947
2025-03-01 21:10:42,1.786947
2025-03-01 21:11:12,1.786947
2025-03-01 21:11:42,1.786947
2025-03-01 21:12:12,1.786947
2025-03-01 21:12:42,1.786947
2025-03-01 21:13:12,1.786947
2025-03-01 21:13:43,1.786947
2025-03-01 21:14:13,1.786947
2025-03-01 21:14:43,1.786947
2025-03-01 21:15:13,1.786947
2025-03-01 21:15:43,1.786947
2025-03-01 21:16:13,1.786947
2025-03-01 21:16:43,1.786947
2025-03-01 21:17:13,1.786947
2025-03-01 21:17:44,1.786947
2025-03-01 21:18:14,1.786947
2025-03-01 21:18:44,1.786947
2025-03-01 21:19:14,1.786947
2025-03-01 21:19:44,1.786947
2025-03-01 21:20:14,1.786947
2025-03-01 21:20:44,1.786947
2025-03-01 21:21:15,1.786947
2025-03-01 21:21:45,1.786947
2025-03-01 21:22:15,1.786947
2025-03-01 21:22:45,1.786947
2025-03-01 21:23:15,1.786947
2025-03-01 21:23:45,1.786947
2025-03-01 21:24:15,1.786947
2025-03-01 21:24:45,1.786947
2025-03-01 21:25:16,1.786947
2025-03-01 21:25:46,1.786947
2025-03-01 21:26:16,1.786947
2025-03-01 21:26:46,1.786947
2025-03-01 21:27:16,1.786947
2025-03-01 21:27:46,1.786947
2025-03-01 21:28:16,1.786947
2025-03-01 21:28:46,1.786947
2025-03-01 21:29:17,1.786947
2025-03-01 21:29:47,1.786947
2025-03-01 21:30:17,1.786947
2025-03-01 21:30:47,1.786947
2025-03-01 21:31:17,1.786947
2025-03-01 21:31:47,1.786947
2025-03-01 21:32:17,1.786947
2025-03-01 21:32:47,1.786947
2025-03-01 21:33:18,1.786947
2025-03-01 21:33:48,1.786947
2025-03-01 21:34:18,1.786947
2025-03-01 21:34:48,1.786947
2025-03-01 21:35:18,1.786947
2025-03-01 21:35:48,1.786947
2025-03-01 21:36:18,1.786947
2025-03-01 21:36:49,1.786947
2025-03-01 21:37:19,1.786947
2025-03-01 21:37:49,1.786947
2025-03-01 21:38:19,1.786947
2025-03-01 21:38:49,1.786947
2025-03-01 21:39:19,1.786947
2025-03-01 21:39:50,1.786947
2025-03-01 21:40:20,1.786947
2025-03-01 21:40:50,1.786947
2025-03-01 21:41:20,1.786947
2025-03-01 21:41:50,1.786947
2025-03-01 21:42:20,1.786947
2025-03-01 21:42:50,1.786947
2025-03-01 21:43:20,1.786947
2025-03-01 21:43:51,1.786947
2025-03-01 21:44:21,1.786947
2025-03-01 21:44:51,1.786947
2025-03-01 21:45:21,1.786947
2025-03-01 21:45:51,1.786947
2025-03-01 21:46:21,1.786947
2025-03-01 21:46:51,1.786947
2025-03-01 21:47:22,1.786947
2025-03-01 21:47:52,1.786947
2025-03-01 21:48:22,1.786947
2025-03-01 21:48:52,1.786947
2025-03-01 21:49:22,1.786947
2025-03-01 21:49:52,1.786947
2025-03-01 21:50:22,1.786947
2025-03-01 21:50:52,1.786947
2025-03-01 21:51:23,1.786947
2025-03-01 21:51:53,1.786947
2025-03-01 21:52:23,1.786947
2025-03-01 21:52:53,1.786947
2025-03-01 21:53:23,1.786947
2025-03-01 21:53:53,1.786947
2025-03-01 21:54:23,1.786947
2025-03-01 21:54:54,1.786947
2025-03-01 21:55:24,1.786947
2025-03-01 21:55:54,1.786947
2025-03-01 21:56:24,1.786947
2025-03-01 21:56:54,1.786947
2025-03-01 21:57:24,1.786947
2025-03-01 21:57:54,1.786947
2025-03-01 21:58:24,1.786947
2025-03-01 21:58:55,1.786947
2025-03-01 21:59:25,1.786947
2025-03-01 21:59:55,1.786947
2025-03-01 22:00:25,1.786947
2025-03-01 22:00:55,1.786947
2025-03-01 22:01:25,1.786947
2025-03-01 22:01:55,1.786947
2025-03-01 22:02:25,1.786947
2025-03-01 22:02:56,1.786947
2025-03-01 22:03:26,1.786947
2025-03-01 22:03:56,1.786947
2025-03-01 22:04:26,1.786947
2025-03-01 22:04:56,1.786947
2025-03-01 22:05:26,1.786947
2025-03-01 22:05:56,1.786947
2025-03-01 22:06:26,1.786947
2025-03-01 22:06:57,1.786947
2025-03-01 22:07:27,1.786947
2025-03-01 22:07:57,1.786947
2025-03-01 22:08:27,1.786947
2025-03-01 22:08:57,1.786947
2025-03-01 22:09:28,1.786947
2025-03-01 22:09:58,1.786947
2025-03-01 22:10:28,1.786947
2025-03-01 22:10:58,1.786947
2025-03-01 22:11:28,1.786947
2025-03-01 22:11:58,1.786947
2025-03-01 22:12:28,1.786947
2025-03-01 22:12:58,1.786947
2025-03-01 22:13:28,1.786947
2025-03-01 22:13:59,1.786947
2025-03-01 22:14:29,1.786947
2025-03-01 22:14:59,1.786947
2025-03-01 22:15:29,1.786947
2025-03-01 22:15:59,1.786947
2025-03-01 22:16:29,1.786947
2025-03-01 22:16:59,1.786947
2025-03-01 22:17:29,1.786947
2025-03-01 22:18:00,1.786947
2025-03-01 22:18:30,1.786947
2025-03-01 22:19:00,1.786947
2025-03-01 22:19:30,1.786947
2025-03-01 22:20:00,1.786947
2025-03-01 22:20:30,1.786947
2025-03-01 22:21:00,1.786947
2025-03-01 22:21:30,1.786947
2025-03-01 22:22:01,1.786947
2025-03-01 22:22:31,1.786947
2025-03-01 22:23:01,1.786947
2025-03-01 22:23:31,1.786947
2025-03-01 22:24:01,1.786947
2025-03-01 22:24:31,1.786947
2025-03-01 22:25:02,1.786947
2025-03-01 22:25:32,1.786947
2025-03-01 22:26:02,1.786947
2025-03-01 22:26:32,1.786947
2025-03-01 22:27:02,1.786947
2025-03-01 22:27:32,1.786947
2025-03-01 22:28:02,1.786947
2025-03-01 22:28:32,1.786947
2025-03-01 22:29:03,1.786947
2025-03-01 22:29:33,1.786947
2025-03-01 22:30:03,1.786947
2025-03-01 22:30:33,1.786947
2025-03-01 22:31:03,1.786947
2025-03-01 22:31:33,1.786947
2025-03-01 22:32:03,1.786947
2025-03-01 22:32:33,1.786947
2025-03-01 22:33:04,1.786947
2025-03-01 22:33:34,1.786947
2025-03-01 22:34:04,1.786947
2025-03-01 22:34:34,1.786947
2025-03-01 22:35:04,1.786947
2025-03-01 22:35:34,1.786947
2025-03-01 22:36:04,1.786947
2025-03-01 22:36:34,1.786947
2025-03-01 22:37:05,1.786947
2025-03-01 22:37:35,1.786947
2025-03-01 22:38:05,1.786947
2025-03-01 22:38:35,1.786947
2025-03-01 22:39:05,1.786947
2025-03-01 22:39:35,1.786947
2025-03-01 22:40:06,1.786947
2025-03-01 22:40:36,1.786947
2025-03-01 22:41:06,1.786947
2025-03-01 22:41:36,1.786947
2025-03-01 22:42:06,1.786947
2025-03-01 22:42:36,1.786947
2025-03-01 22:43:06,1.786947
2025-03-01 22:43:36,1.786947
2025-03-01 22:44:07,1.786947
2025-03-01 22:44:37,1.786947
2025-03-01 22:45:07,1.786947
2025-03-01 22:45:37,1.786947
2025-03-01 22:46:07,1.786947
2025-03-01 22:46:37,1.786947
2025-03-01 22:47:07,1.786947
2025-03-01 22:47:38,1.786947
2025-03-01 22:48:08,1.786947
2025-03-01 22:48:38,1.786947
2025-03-01 22:49:08,1.786947
2025-03-01 22:49:38,1.786947
2025-03-01 22:50:08,1.786947
2025-03-01 22:50:38,1.786947
2025-03-01 22:51:09,1.786947
2025-03-01 22:51:39,1.786947
2025-03-01 22:52:09,1.786947
2025-03-01 22:52:39,1.786947
2025-03-01 22:53:09,1.786947
2025-03-01 22:53:39,1.786947
2025-03-01 22:54:09,1.786947
2025-03-01 22:54:40,1.786947
2025-03-01 22:55:10,1.786947
2025-03-01 22:55:40,1.786947
2025-03-01 22:56:10,1.786947
2025-03-01 22:56:40,1.786947
2025-03-01 22:57:10,1.786947
2025-03-01 22:57:40,1.786947
2025-03-01 22:58:10,1.786947
2025-03-01 22:58:41,1.786947
2025-03-01 22:59:11,1.786947
2025-03-01 22:59:41,1.786947
2025-03-01 23:00:11,1.786947
2025-03-01 23:00:41,1.786947
2025-03-01 23:01:11,1.786947
2025-03-01 23:01:41,1.786947
2025-03-01 23:02:11,1.786947
2025-03-01 23:02:42,1.786947
2025-03-01 23:03:12,1.786947
2025-03-01 23:03:42,1.786947
2025-03-01 23:04:12,1.786947
2025-03-01 23:04:42,1.786947
2025-03-01 23:05:12,1.786947
2025-03-01 23:05:42,1.786947
2025-03-01 23:06:13,1.786947
2025-03-01 23:06:43,1.786947
2025-03-01 23:07:13,1.786947
2025-03-01 23:07:43,1.786947
2025-03-01 23:08:13,1.786947
2025-03-01 23:08:43,1.786947
2025-03-01 23:09:13,1.786947
2025-03-01 23:09:43,1.786947
2025-03-01 23:10:14,1.786947
2025-03-01 23:10:44,1.786947
2025-03-01 23:11:14,1.786947
2025-03-01 23:11:44,1.786947
2025-03-01 23:12:14,1.786947
2025-03-01 23:12:44,1.786947
2025-03-01 23:13:14,1.786947
2025-03-01 23:13:44,1.786947
2025-03-01 23:14:15,1.786947
2025-03-01 23:14:45,1.786947
2025-03-01 23:15:15,1.786947
2025-03-01 23:15:45,1.786947
2025-03-01 23:16:15,1.786947
2025-03-01 23:16:45,1.786947
2025-03-01 23:17:15,1.786947
2025-03-01 23:17:45,1.786947
2025-03-01 23:18:16,1.786947
2025-03-01 23:18:46,1.786947
2025-03-01 23:19:16,1.786947
2025-03-01 23:19:46,1.786947
2025-03-01 23:20:16,1.786947
2025-03-01 23:20:46,1.786947
2025-03-01 23:21:17,1.786947
2025-03-01 23:21:47,1.786947
2025-03-01 23:22:17,1.786947
2025-03-01 23:22:47,1.786947
2025-03-01 23:23:17,1.786947
2025-03-01 23:23:47,1.786947
2025-03-01 23:24:17,1.786947
2025-03-01 23:24:47,1.786947
2025-03-01 23:25:18,1.786947
2025-03-01 23:25:48,1.786947
2025-03-01 23:26:18,1.786947
2025-03-01 23:26:48,1.786947
2025-03-01 23:27:18,1.786947
2025-03-01 23:27:48,1.786947
2025-03-01 23:28:18,1.786947
2025-03-01 23:28:49,1.786947
2025-03-01 23:29:19,1.786947
2025-03-01 23:29:49,1.786947
2025-03-01 23:30:19,1.786947
2025-03-01 23:30:49,1.786947
2025-03-01 23:31:19,1.786947
2025-03-01 23:31:49,1.786947
2025-03-01 23:32:20,1.786947
2025-03-01 23:32:50,1.786947
2025-03-01 23:33:20,1.786947
2025-03-01 23:33:50,1.786947
2025-03-01 23:34:20,1.786947
2025-03-01 23:34:50,1.786947
2025-03-01 23:35:20,1.786947
2025-03-01 23:35:51,1.786947
2025-03-01 23:36:21,1.786947
2025-03-01 23:36:51,1.786947
2025-03-01 23:37:21,1.786947
2025-03-01 23:37:51,1.786947
2025-03-01 23:38:21,1.786947
2025-03-01 23:38:51,1.786947
2025-03-01 23:39:22,1.786947
2025-03-01 23:39:52,1.786947
2025-03-01 23:40:22,1.786947
2025-03-01 23:40:52,1.786947
2025-03-01 23:41:22,1.786947
2025-03-01 23:41:52,1.786947
2025-03-01 23:42:22,1.786947
2025-03-01 23:42:52,1.786947
2025-03-01 23:43:23,1.786947
2025-03-01 23:43:53,1.786947
2025-03-01 23:44:23,1.786947
2025-03-01 23:44:53,1.786947
2025-03-01 23:45:23,1.786947
2025-03-01 23:45:53,1.786947
2025-03-01 23:46:24,1.786947
2025-03-01 23:46:54,1.786947
2025-03-01 23:47:24,1.786947
2025-03-01 23:47:54,1.786947
2025-03-01 23:48:24,1.786947
2025-03-01 23:48:54,1.786947
2025-03-01 23:49:24,1.786947
2025-03-01 23:49:55,1.786947
2025-03-01 23:50:30,1.786947
2025-03-01 23:51:00,1.786947
2025-03-01 23:51:30,1.786947
2025-03-01 23:52:00,1.786947
2025-03-01 23:52:30,1.786947
2025-03-01 23:53:00,1.786947
2025-03-01 23:53:30,1.786947
2025-03-01 23:54:01,1.786947
2025-03-01 23:54:31,1.786947
2025-03-01 23:55:01,1.786947
2025-03-01 23:55:31,1.786947
2025-03-01 23:56:01,1.786947
2025-03-01 23:56:31,1.786947
2025-03-01 23:57:01,1.786947
2025-03-01 23:57:32,1.786947
2025-03-01 23:58:02,1.786947
2025-03-01 23:58:32,1.786947
2025-03-01 23:59:02,1.786947
2025-03-01 23:59:32,1.786947
2025-03-02 00:00:02,1.786947
2025-03-02 00:00:33,1.786947
2025-03-02 00:01:03,1.786947
2025-03-02 00:01:33,1.786947
2025-03-02 00:02:03,1.786947
2025-03-02 00:02:33,1.786947
2025-03-02 00:03:03,1.786947
2025-03-02 00:03:33,1.786947
2025-03-02 00:04:03,1.786947
2025-03-02 00:04:34,1.786947
2025-03-02 00:05:04,1.786947
2025-03-02 00:05:34,1.786947
2025-03-02 00:06:04,1.786947
2025-03-02 00:06:34,1.786947
2025-03-02 00:07:04,1.786947
2025-03-02 00:07:34,1.786947
2025-03-02 00:08:04,1.786947
2025-03-02 00:08:35,1.786947
2025-03-02 00:09:05,1.786947
2025-03-02 00:09:35,1.786947
2025-03-02 00:10:05,1.786947
2025-03-02 00:10:35,1.786947
2025-03-02 00:11:05,1.786947
2025-03-02 00:11:35,1.786947
2025-03-02 00:12:05,1.786947
2025-03-02 00:12:36,1.786947
2025-03-02 00:13:06,1.786947
2025-03-02 00:13:36,1.786947
2025-03-02 00:14:06,1.786947
2025-03-02 00:14:36,1.786947
2025-03-02 00:15:06,1.786947
2025-03-02 00:15:37,1.786947
2025-03-02 00:16:07,1.786947
2025-03-02 00:16:37,1.786947
2025-03-02 00:17:07,1.786947
2025-03-02 00:17:37,1.786947
2025-03-02 00:18:07,1.786947
2025-03-02 00:18:37,1.786947
2025-03-02 00:19:08,1.786947
2025-03-02 00:19:38,1.786947
2025-03-02 00:20:08,1.786947
2025-03-02 00:20:38,1.786947
2025-03-02 00:21:08,1.786947
2025-03-02 00:21:43,1.786947
2025-03-02 00:22:13,1.786947
2025-03-02 00:22:43,1.786947
2025-03-02 00:23:14,1.786947
2025-03-02 00:23:44,1.786947
2025-03-02 00:24:14,1.786947
2025-03-02 00:24:44,1.786947
2025-03-02 00:25:14,1.786947
2025-03-02 00:25:44,1.786947
2025-03-02 00:26:14,1.786947
2025-03-02 00:26:45,1.786947
2025-03-02 00:27:15,1.786947
2025-03-02 00:27:45,1.786947
2025-03-02 00:28:15,1.786947
2025-03-02 00:28:45,1.786947
2025-03-02 00:29:16,1.786947
2025-03-02 00:29:46,1.786947
2025-03-02 00:30:16,1.786947
2025-03-02 00:30:46,1.786947
2025-03-02 00:31:16,1.786947
2025-03-02 00:31:46,1.786947
2025-03-02 00:32:16,1.786947
2025-03-02 00:32:46,1.786947
2025-03-02 00:33:17,1.786947
2025-03-02 00:33:47,1.786947
2025-03-02 00:34:17,1.786947
2025-03-02 00:34:47,1.786947
2025-03-02 00:35:17,1.786947
2025-03-02 00:35:52,1.786947
2025-03-02 00:36:27,1.786947
2025-03-02 00:36:57,1.786947
2025-03-02 00:37:28,1.786947
2025-03-02 00:37:58,1.786947
2025-03-02 00:38:28,1.786947
2025-03-02 00:38:58,1.786947
2025-03-02 00:39:28,1.786947
2025-03-02 00:39:58,1.786947
2025-03-02 00:40:28,1.786947
2025-03-02 00:40:59,1.786947
2025-03-02 00:41:29,1.786947
2025-03-02 00:41:59,1.786947
2025-03-02 00:42:29,1.786947
2025-03-02 00:42:59,1.786947
2025-03-02 00:43:29,1.786947
2025-03-02 00:43:59,1.786947
2025-03-02 00:44:29,1.786947
2025-03-02 00:45:00,1.786947
2025-03-02 00:45:30,1.786947
2025-03-02 00:46:00,1.786947
2025-03-02 00:46:30,1.786947
2025-03-02 00:47:00,1.786947
2025-03-02 00:47:30,1.786947
2025-03-02 00:48:01,1.786947
2025-03-02 00:48:31,1.786947
2025-03-02 00:49:01,1.786947
2025-03-02 00:49:31,1.786947
2025-03-02 00:50:06,1.786947
2025-03-02 00:50:36,1.786947
2025-03-02 00:51:06,1.786947
2025-03-02 00:51:36,1.786947
2025-03-02 00:52:07,1.786947
2025-03-02 00:52:37,1.786947
2025-03-02 00:53:07,1.786947
2025-03-02 00:53:37,1.786947
2025-03-02 00:54:07,1.786947
2025-03-02 00:54:37,1.786947
2025-03-02 00:55:07,1.786947
2025-03-02 00:55:38,1.786947
2025-03-02 00:56:13,1.786947
2025-03-02 00:56:43,1.786947
2025-03-02 00:57:13,1.786947
2025-03-02 00:57:43,1.786947
2025-03-02 00:58:13,1.786947
2025-03-02 00:58:43,1.786947
2025-03-02 00:59:13,1.786947
2025-03-02 00:59:44,1.786947
2025-03-02 01:00:14,1.786947
2025-03-02 01:00:44,1.786947
2025-03-02 01:01:14,1.786947
2025-03-02 01:01:44,1.786947
2025-03-02 01:02:14,1.786947
2025-03-02 01:02:44,1.786947
2025-03-02 01:03:14,1.786947
2025-03-02 01:03:45,1.786947
2025-03-02 01:04:15,1.786947
2025-03-02 01:04:45,1.786947
2025-03-02 01:05:15,1.786947
2025-03-02 01:05:45,1.786947
2025-03-02 01:06:16,1.786947
2025-03-02 01:06:46,1.786947
2025-03-02 01:07:16,1.786947
2025-03-02 01:07:46,1.786947
2025-03-02 01:08:16,1.786947
2025-03-02 01:08:46,1.786947
2025-03-02 01:09:16,1.786947
2025-03-02 01:09:47,1.786947
2025-03-02 01:10:17,1.786947
2025-03-02 01:10:47,1.786947
2025-03-02 01:11:17,1.786947
2025-03-02 01:11:47,1.786947
2025-03-02 01:12:17,1.786947
2025-03-02 01:12:47,1.786947
2025-03-02 01:13:17,1.786947
2025-03-02 01:13:48,1.786947
2025-03-02 01:14:18,1.786947
2025-03-02 01:14:48,1.786947
2025-03-02 01:15:18,1.786947
2025-03-02 01:15:48,1.786947
2025-03-02 01:16:18,1.786947
2025-03-02 01:16:48,1.786947
2025-03-02 01:17:19,1.786947
2025-03-02 01:17:49,1.786947
2025-03-02 01:18:19,1.786947
2025-03-02 01:18:49,1.786947
2025-03-02 01:19:19,1.786947
2025-03-02 01:19:49,1.786947
2025-03-02 01:20:20,1.786947
2025-03-02 01:20:50,1.786947
2025-03-02 01:21:20,1.786947
2025-03-02 01:21:50,1.786947
2025-03-02 01:22:20,1.786947
2025-03-02 01:22:50,1.786947
2025-03-02 01:23:20,1.786947
2025-03-02 01:23:51,1.786947
2025-03-02 01:24:26,1.786947
2025-03-02 01:24:56,1.786947
2025-03-02 01:25:26,1.786947
2025-03-02 01:25:56,1.786947
2025-03-02 01:26:26,1.786947
2025-03-02 01:26:56,1.786947
2025-03-02 01:27:26,1.786947
2025-03-02 01:27:57,1.786947
2025-03-02 01:28:27,1.786947
2025-03-02 01:28:57,1.786947
2025-03-02 01:29:27,1.786947
2025-03-02 01:29:57,1.786947
2025-03-02 01:30:27,1.786947
2025-03-02 01:30:57,1.786947
2025-03-02 01:31:28,1.786947
2025-03-02 01:31:58,1.786947
2025-03-02 01:32:28,1.786947
2025-03-02 01:32:58,1.786947
2025-03-02 01:33:28,1.786947
2025-03-02 01:33:58,1.786947
2025-03-02 01:34:28,1.786947
2025-03-02 01:34:58,1.786947
2025-03-02 01:35:29,1.786947
2025-03-02 01:36:04,1.786947
2025-03-02 01:36:34,1.786947
2025-03-02 01:37:04,1.786947
2025-03-02 01:37:34,1.786947
2025-03-02 01:38:04,1.786947
2025-03-02 01:38:35,1.786947
2025-03-02 01:39:05,1.786947
2025-03-02 01:39:35,1.786947
2025-03-02 01:40:05,1.786947
2025-03-02 01:40:35,1.786947
2025-03-02 01:41:05,1.786947
2025-03-02 01:41:35,1.786947
2025-03-02 01:42:05,1.786947
2025-03-02 01:42:36,1.786947
2025-03-02 01:43:06,1.786947
2025-03-02 01:43:36,1.786947
2025-03-02 01:44:11,1.786947
2025-03-02 01:44:41,1.786947
2025-03-02 01:45:11,1.786947
2025-03-02 01:45:41,1.786947
2025-03-02 01:46:12,1.786947
2025-03-02 01:46:42,1.786947
2025-03-02 01:47:12,1.787623
2025-03-02 01:47:42,1.787623
2025-03-02 01:48:12,1.787623
2025-03-02 01:48:42,1.787623
2025-03-02 01:49:13,1.787623
2025-03-02 01:49:43,1.787623
2025-03-02 01:50:13,1.787623
2025-03-02 01:50:43,1.787623
2025-03-02 01:51:13,1.787623
2025-03-02 01:51:43,1.787623
2025-03-02 01:52:13,1.787623
2025-03-02 01:52:43,1.787623
2025-03-02 01:53:14,1.787623
2025-03-02 01:53:44,1.787623
2025-03-02 01:54:14,1.787623
2025-03-02 01:54:44,1.787623
2025-03-02 01:55:14,1.787623
2025-03-02 01:55:45,1.787623
2025-03-02 01:56:15,1.787623
2025-03-02 01:56:45,1.787623
2025-03-02 01:57:20,1.787623
2025-03-02 01:57:50,1.787623
2025-03-02 01:58:20,1.787623
2025-03-02 01:58:50,1.787623
2025-03-02 01:59:20,1.787623
2025-03-02 01:59:51,1.787623
2025-03-02 02:00:21,1.787623
2025-03-02 02:00:51,1.787623
2025-03-02 02:01:21,1.787623
2025-03-02 02:01:51,1.787623
2025-03-02 02:02:21,1.787623
2025-03-02 02:02:51,1.787623
2025-03-02 02:03:21,1.787623
2025-03-02 02:03:52,1.787623
2025-03-02 02:04:22,1.787623
2025-03-02 02:04:52,1.787623
2025-03-02 02:05:22,1.787623
2025-03-02 02:05:52,1.787623
2025-03-02 02:06:22,1.787623
2025-03-02 02:06:52,1.787623
2025-03-02 02:07:22,1.787623
2025-03-02 02:07:53,1.787623
2025-03-02 02:08:23,1.787623
2025-03-02 02:08:53,1.787623
2025-03-02 02:09:23,1.787623
2025-03-02 02:09:53,1.787623
2025-03-02 02:10:23,1.787623
2025-03-02 02:10:54,1.787623
2025-03-02 02:11:24,1.787623
2025-03-02 02:11:54,1.787623
2025-03-02 02:12:24,1.787623
2025-03-02 02:12:54,1.787623
2025-03-02 02:13:24,1.787623
2025-03-02 02:13:54,1.787623
2025-03-02 02:14:24,1.787623
2025-03-02 02:14:55,1.787623
2025-03-02 02:15:25,1.787623
2025-03-02 02:15:55,1.787623
2025-03-02 02:16:25,1.787623
2025-03-02 02:16:55,1.787623
2025-03-02 02:17:25,1.787623
2025-03-02 02:17:55,1.787623
2025-03-02 02:18:25,1.787623
2025-03-02 02:18:56,1.787623
2025-03-02 02:19:26,1.787623
2025-03-02 02:19:56,1.787623
2025-03-02 02:20:26,1.787623
2025-03-02 02:20:56,1.787623
2025-03-02 02:21:26,1.787623
2025-03-02 02:21:56,1.787623
2025-03-02 02:22:26,1.787623
2025-03-02 02:22:57,1.787623
2025-03-02 02:23:27,1.787623
2025-03-02 02:23:57,1.787623
2025-03-02 02:24:27,1.787623
2025-03-02 02:24:57,1.787623
2025-03-02 02:25:28,1.787623
2025-03-02 02:25:58,1.787623
2025-03-02 02:26:28,1.787623
2025-03-02 02:26:58,1.787623
2025-03-02 02:27:28,1.787623
2025-03-02 02:27:58,1.787623
2025-03-02 02:28:28,1.787623
2025-03-02 02:28:58,1.787623
2025-03-02 02:29:29,1.787623
2025-03-02 02:30:04,1.787623
2025-03-02 02:30:34,1.787623
2025-03-02 02:31:44,1.787623
2025-03-02 02:32:19,1.787623
2025-03-02 02:32:49,1.787623
2025-03-02 02:33:19,1.787623
2025-03-02 02:33:50,1.787623
2025-03-02 02:34:20,1.787623
2025-03-02 02:34:50,1.787623
2025-03-02 02:35:20,1.787623
2025-03-02 02:35:50,1.787623
2025-03-02 02:36:20,1.787623
2025-03-02 02:36:50,1.787623
2025-03-02 02:37:20,1.787623
2025-03-02 02:37:51,1.787623
2025-03-02 02:38:21,1.787623
2025-03-02 02:38:51,1.787623
2025-03-02 02:39:21,1.787623
2025-03-02 02:39:51,1.787623
2025-03-02 02:40:21,1.787623
2025-03-02 02:40:51,1.787623
2025-03-02 02:41:21,1.787623
2025-03-02 02:41:52,1.787623
2025-03-02 02:42:22,1.787623
2025-03-02 02:42:52,1.787623
2025-03-02 02:43:22,1.787623
2025-03-02 02:43:52,1.787623
2025-03-02 02:44:23,1.787623
2025-03-02 02:44:53,1.787623
2025-03-02 02:45:23,1.787623
2025-03-02 02:45:53,1.787623
2025-03-02 02:46:23,1.787623
2025-03-02 02:46:53,1.787623
2025-03-02 02:47:28,1.787623
2025-03-02 02:47:58,1.787623
2025-03-02 02:48:28,1.787623
2025-03-02 02:48:59,1.787623
2025-03-02 02:49:29,1.787623
2025-03-02 02:49:59,1.787623
2025-03-02 02:50:29,1.787623
2025-03-02 02:50:59,1.787623
2025-03-02 02:51:29,1.787623
2025-03-02 02:51:59,1.787623
2025-03-02 02:52:30,1.787623
2025-03-02 02:53:00,1.787623
2025-03-02 02:53:30,1.787623
2025-03-02 02:54:00,1.787623
2025-03-02 02:54:30,1.787623
2025-03-02 02:55:00,1.787623
2025-03-02 02:55:30,1.787623
2025-03-02 02:56:01,1.787623
2025-03-02 02:56:31,1.787623
2025-03-02 02:57:01,1.787623
2025-03-02 02:57:31,1.787623
2025-03-02 02:58:01,1.787623
2025-03-02 02:58:31,1.787623
2025-03-02 02:59:01,1.787623
2025-03-02 02:59:31,1.787623
2025-03-02 03:00:02,1.787623
2025-03-02 03:00:32,1.787623
2025-03-02 03:01:02,1.787623
2025-03-02 03:01:32,1.787623
2025-03-02 03:02:02,1.787623
2025-03-02 03:02:32,1.787623
2025-03-02 03:03:02,1.787623
2025-03-02 03:03:33,1.787623
2025-03-02 03:04:03,1.787623
2025-03-02 03:04:33,1.787623
2025-03-02 03:05:03,1.787623
2025-03-02 03:05:33,1.787623
2025-03-02 03:06:03,1.787623
2025-03-02 03:06:33,1.787623
2025-03-02 03:07:03,1.787623
2025-03-02 03:07:39,1.787623
2025-03-02 03:08:09,1.787623
2025-03-02 03:08:39,1.787623
2025-03-02 03:09:09,1.787623
2025-03-02 03:09:39,1.787623
2025-03-02 03:10:09,1.787623
2025-03-02 03:10:39,1.787623
2025-03-02 03:11:09,1.787623
2025-03-02 03:11:40,1.787623
2025-03-02 03:12:10,1.787623
2025-03-02 03:12:40,1.787623
2025-03-02 03:13:10,1.787623
2025-03-02 03:13:40,1.787623
2025-03-02 03:14:11,1.787623
2025-03-02 03:14:41,1.787623
2025-03-02 03:15:11,1.787623
2025-03-02 03:15:41,1.787623
2025-03-02 03:16:11,1.787623
2025-03-02 03:16:41,1.787623
2025-03-02 03:17:11,1.787623
2025-03-02 03:17:41,1.787623
2025-03-02 03:18:11,1.787623
2025-03-02 03:18:42,1.787623
2025-03-02 03:19:12,1.787623
2025-03-02 03:19:42,1.787623
2025-03-02 03:20:12,1.787623
2025-03-02 03:20:42,1.787623
2025-03-02 03:21:12,1.787623
2025-03-02 03:21:42,1.787623
2025-03-02 03:22:13,1.787623
2025-03-02 03:22:43,1.787623
2025-03-02 03:23:13,1.787623
2025-03-02 03:23:43,1.787623
2025-03-02 03:24:13,1.787623
2025-03-02 03:24:43,1.787623
2025-03-02 03:25:13,1.787623
2025-03-02 03:25:44,1.787623
2025-03-02 03:26:14,1.787623
2025-03-02 03:26:44,1.787623
2025-03-02 03:27:14,1.787623
2025-03-02 03:27:44,1.787623
2025-03-02 03:28:14,1.787623
2025-03-02 03:28:44,1.787623
2025-03-02 03:29:15,1.787623
2025-03-02 03:29:45,1.787623
2025-03-02 03:30:15,1.787623
2025-03-02 03:30:45,1.787623
2025-03-02 03:31:15,1.787623
2025-03-02 03:31:45,1.787623
2025-03-02 03:32:15,1.787623
2025-03-02 03:32:45,1.787623
2025-03-02 03:33:16,1.787623
2025-03-02 03:33:46,1.787623
2025-03-02 03:34:16,1.787623
2025-03-02 03:34:46,1.787623
2025-03-02 03:35:16,1.787623
2025-03-02 03:35:46,1.787623
2025-03-02 03:36:21,1.787623
2025-03-02 03:36:52,1.787623
2025-03-02 03:37:22,1.787623
2025-03-02 03:37:52,1.787623
2025-03-02 03:38:22,1.787623
2025-03-02 03:38:52,1.787623
2025-03-02 03:39:22,1.787623
2025-03-02 03:39:52,1.787623
2025-03-02 03:40:23,1.787623
2025-03-02 03:40:53,1.787623
2025-03-02 03:41:23,1.787623
2025-03-02 03:41:53,1.787623
2025-03-02 03:42:23,1.787623
2025-03-02 03:42:53,1.787623
2025-03-02 03:43:23,1.787623
2025-03-02 03:43:53,1.787623
2025-03-02 03:44:24,1.787623
2025-03-02 03:44:54,1.787623
2025-03-02 03:45:24,1.787623
2025-03-02 03:45:54,1.787623
2025-03-02 03:46:24,1.787623
2025-03-02 03:46:54,1.787623
2025-03-02 03:47:24,1.787623
2025-03-02 03:47:55,1.787623
2025-03-02 03:48:25,1.787623
2025-03-02 03:48:55,1.787623
2025-03-02 03:49:25,1.787623
2025-03-02 03:49:55,1.787623
2025-03-02 03:50:25,1.787623
2025-03-02 03:50:56,1.787623
2025-03-02 03:51:26,1.787623
2025-03-02 03:51:56,1.787623
2025-03-02 03:52:26,1.787623
2025-03-02 03:52:56,1.787623
2025-03-02 03:53:26,1.787623
2025-03-02 03:54:01,1.787623
2025-03-02 03:54:32,1.787623
2025-03-02 03:55:02,1.787623
2025-03-02 03:55:32,1.787623
2025-03-02 03:56:02,1.787623
2025-03-02 03:56:32,1.787623
2025-03-02 03:57:02,1.787623
2025-03-02 03:57:32,1.787623
2025-03-02 03:58:02,1.787623
2025-03-02 03:58:33,1.787623
2025-03-02 03:59:03,1.787623
2025-03-02 03:59:33,1.787623
2025-03-02 04:00:03,1.787623
2025-03-02 04:00:33,1.787623
2025-03-02 04:01:03,1.787623
2025-03-02 04:01:34,1.787623
2025-03-02 04:02:04,1.787623
2025-03-02 04:02:34,1.787623
2025-03-02 04:03:04,1.787623
2025-03-02 04:03:34,1.787623
2025-03-02 04:04:04,1.787623
2025-03-02 04:04:34,1.787623
2025-03-02 04:05:04,1.787623
2025-03-02 04:05:35,1.787623
2025-03-02 04:06:05,1.787623
2025-03-02 04:06:35,1.787623
2025-03-02 04:07:05,1.787623
2025-03-02 04:07:35,1.787623
2025-03-02 04:08:05,1.787623
2025-03-02 04:08:35,1.787623
2025-03-02 04:09:06,1.787623
2025-03-02 04:09:36,1.787623
2025-03-02 04:10:06,1.787623
2025-03-02 04:10:36,1.787623
2025-03-02 04:11:11,1.787623
2025-03-02 04:11:41,1.787623
2025-03-02 04:12:11,1.787623
2025-03-02 04:12:41,1.787623
2025-03-02 04:13:12,1.787623
2025-03-02 04:13:42,1.787623
2025-03-02 04:14:12,1.787623
2025-03-02 04:14:42,1.787623
2025-03-02 04:15:12,1.787623
2025-03-02 04:15:42,1.787623
2025-03-02 04:16:17,1.787623
2025-03-02 04:16:48,1.787623
2025-03-02 04:17:18,1.787623
2025-03-02 04:17:48,1.787623
2025-03-02 04:18:18,1.787623
2025-03-02 04:18:48,1.787623
2025-03-02 04:19:19,1.787623
2025-03-02 04:19:49,1.787623
2025-03-02 04:20:19,1.787623
2025-03-02 04:20:49,1.787623
2025-03-02 04:21:19,1.787623
2025-03-02 04:21:49,1.787623
2025-03-02 04:22:19,1.787623
2025-03-02 04:22:50,1.787623
2025-03-02 04:23:20,1.787623
2025-03-02 04:23:50,1.787623
2025-03-02 04:24:20,1.787623
2025-03-02 04:24:50,1.787623
2025-03-02 04:25:20,1.787623
2025-03-02 04:25:50,1.787623
2025-03-02 04:26:20,1.787623
2025-03-02 04:26:51,1.787623
2025-03-02 04:27:21,1.787623
2025-03-02 04:27:51,1.787623
2025-03-02 04:28:21,1.787623
2025-03-02 04:28:51,1.787623
2025-03-02 04:29:21,1.787623
2025-03-02 04:29:51,1.787623
2025-03-02 04:30:21,1.787623
2025-03-02 04:30:52,1.787623
2025-03-02 04:31:22,1.787623
2025-03-02 04:31:52,1.787623
2025-03-02 04:32:22,1.787623
2025-03-02 04:32:52,1.787623
2025-03-02 04:33:22,1.787623
2025-03-02 04:33:52,1.787623
2025-03-02 04:34:23,1.787623
2025-03-02 04:34:53,1.787623
2025-03-02 04:35:23,1.787623
2025-03-02 04:35:53,1.787623
2025-03-02 04:36:23,1.787623
2025-03-02 04:36:54,1.787623
2025-03-02 04:37:24,1.787623
2025-03-02 04:37:54,1.787623
2025-03-02 04:38:24,1.787623
2025-03-02 04:38:54,1.787623
2025-03-02 04:39:24,1.787623
2025-03-02 04:39:54,1.787623
2025-03-02 04:40:25,1.787623
2025-03-02 04:40:55,1.787623
2025-03-02 04:41:25,1.787623
2025-03-02 04:41:55,1.787623
2025-03-02 04:42:25,1.787623
2025-03-02 04:42:55,1.787623
2025-03-02 04:43:25,1.787623
2025-03-02 04:43:55,1.787623
2025-03-02 04:44:26,1.787623
2025-03-02 04:44:56,1.787623
2025-03-02 04:45:26,1.787623
2025-03-02 04:45:56,1.787623
2025-03-02 04:46:26,1.787623
2025-03-02 04:46:56,1.787623
2025-03-02 04:47:26,1.787623
2025-03-02 04:47:57,1.787623
2025-03-02 04:48:27,1.787623
2025-03-02 04:48:57,1.787623
2025-03-02 04:49:27,1.787623
2025-03-02 04:50:02,1.787623
2025-03-02 04:50:33,1.787623
2025-03-02 04:51:03,1.787623
2025-03-02 04:51:33,1.787623
2025-03-02 04:52:03,1.787623
2025-03-02 04:52:33,1.787623
2025-03-02 04:53:03,1.787623
2025-03-02 04:53:38,1.787623
2025-03-02 04:54:09,1.787623
2025-03-02 04:54:39,1.787623
2025-03-02 04:55:09,1.787623
2025-03-02 04:55:39,1.787623
2025-03-02 04:56:09,1.787623
2025-03-02 04:56:39,1.787623
2025-03-02 04:57:09,1.787623
2025-03-02 04:57:39,1.787623
2025-03-02 04:58:10,1.787623
2025-03-02 04:58:40,1.787623
2025-03-02 04:59:10,1.787623
2025-03-02 04:59:40,1.787623
2025-03-02 05:00:10,1.787623
2025-03-02 05:00:40,1.787623
2025-03-02 05:01:10,1.787623
2025-03-02 05:01:46,1.787623
2025-03-02 05:02:16,1.787623
2025-03-02 05:02:46,1.787623
2025-03-02 05:03:16,1.787623
2025-03-02 05:03:46,1.787623
2025-03-02 05:04:16,1.787623
2025-03-02 05:04:46,1.787623
2025-03-02 05:05:16,1.787623
2025-03-02 05:05:46,1.787623
2025-03-02 05:06:17,1.787623
2025-03-02 05:06:47,1.787623
2025-03-02 05:07:17,1.787623
2025-03-02 05:07:47,1.787623
2025-03-02 05:08:17,1.787623
2025-03-02 05:08:47,1.787623
2025-03-02 05:09:18,1.787623
2025-03-02 05:09:48,1.787623
2025-03-02 05:10:18,1.787623
2025-03-02 05:10:48,1.787623
2025-03-02 05:11:18,1.787623
2025-03-02 05:11:48,1.787623
2025-03-02 05:12:18,1.787623
2025-03-02 05:12:48,1.787623
2025-03-02 05:13:18,1.787623
2025-03-02 05:13:49,1.787623
2025-03-02 05:14:19,1.787623
2025-03-02 05:14:49,1.787623
2025-03-02 05:15:19,1.787623
2025-03-02 05:15:54,1.787623
2025-03-02 05:16:24,1.787623
2025-03-02 05:16:54,1.787623
2025-03-02 05:17:24,1.787623
2025-03-02 05:17:55,1.787623
2025-03-02 05:18:25,1.787623
2025-03-02 05:18:55,1.787623
2025-03-02 05:19:25,1.787623
2025-03-02 05:19:55,1.787623
2025-03-02 05:20:25,1.787623
2025-03-02 05:20:55,1.787623
2025-03-02 05:21:25,1.787623
2025-03-02 05:21:56,1.787623
2025-03-02 05:22:26,1.787623
2025-03-02 05:22:56,1.787623
2025-03-02 05:23:26,1.787623
2025-03-02 05:23:56,1.787623
2025-03-02 05:24:26,1.787623
2025-03-02 05:24:56,1.787623
2025-03-02 05:25:26,1.787623
2025-03-02 05:25:57,1.787623
2025-03-02 05:26:27,1.787623
2025-03-02 05:26:57,1.787623
2025-03-02 05:27:27,1.787623
2025-03-02 05:27:57,1.787623
2025-03-02 05:28:37,1.787623
2025-03-02 05:29:07,1.787623
2025-03-02 05:29:37,1.787623
2025-03-02 05:30:08,1.787623
2025-03-02 05:30:38,1.787623
2025-03-02 05:31:08,1.787623
2025-03-02 05:31:38,1.787623
2025-03-02 05:32:08,1.787623
2025-03-02 05:32:38,1.787623
2025-03-02 05:33:08,1.787623
2025-03-02 05:33:38,1.787623
2025-03-02 05:34:09,1.787623
2025-03-02 05:34:39,1.787623
2025-03-02 05:35:09,1.787623
2025-03-02 05:35:39,1.787623
2025-03-02 05:36:09,1.787623
2025-03-02 05:36:39,1.787623
2025-03-02 05:37:09,1.787623
2025-03-02 05:37:39,1.787623
2025-03-02 05:38:10,1.787623
2025-03-02 05:38:40,1.787623
2025-03-02 05:39:10,1.787623
2025-03-02 05:39:40,1.787623
2025-03-02 05:40:10,1.787623
2025-03-02 05:40:40,1.787623
2025-03-02 05:41:11,1.787623
2025-03-02 05:41:41,1.787623
2025-03-02 05:42:11,1.787623
2025-03-02 05:42:46,1.787623
2025-03-02 05:43:16,1.787623
2025-03-02 05:43:46,1.787623
2025-03-02 05:44:16,1.787623
2025-03-02 05:44:46,1.787623
2025-03-02 05:45:16,1.787623
2025-03-02 05:45:47,1.787623
2025-03-02 05:46:17,1.787623
2025-03-02 05:46:47,1.787623
2025-03-02 05:47:17,1.787623
2025-03-02 05:47:47,1.787623
2025-03-02 05:48:17,1.787623
2025-03-02 05:48:47,1.787623
2025-03-02 05:49:18,1.787623
2025-03-02 05:49:48,1.787623
2025-03-02 05:50:18,1.787623
2025-03-02 05:50:48,1.787623
2025-03-02 05:51:18,1.787623
2025-03-02 05:51:48,1.787623
2025-03-02 05:52:18,1.787623
2025-03-02 05:52:48,1.787623
2025-03-02 05:53:19,1.787623
2025-03-02 05:53:49,1.787623
2025-03-02 05:54:19,1.787623
2025-03-02 05:54:49,1.787623
2025-03-02 05:55:19,1.787623
2025-03-02 05:55:49,1.787623
2025-03-02 05:56:20,1.787623
2025-03-02 05:56:50,1.787623
2025-03-02 05:57:20,1.787623
2025-03-02 05:57:50,1.787623
2025-03-02 05:58:20,1.787623
2025-03-02 05:58:50,1.787623
2025-03-02 05:59:20,1.787623
2025-03-02 05:59:55,1.787623
2025-03-02 06:00:26,1.787623
2025-03-02 06:00:56,1.787623
2025-03-02 06:01:26,1.787623
2025-03-02 06:01:56,1.787623
2025-03-02 06:02:26,1.787623
2025-03-02 06:02:56,1.787623
2025-03-02 06:03:26,1.787623
2025-03-02 06:03:56,1.787623
2025-03-02 06:04:27,1.787623
2025-03-02 06:05:02,1.787623
2025-03-02 06:05:32,1.787623
2025-03-02 06:06:02,1.787623
2025-03-02 06:06:32,1.787623
2025-03-02 06:07:02,1.787623
2025-03-02 06:07:32,1.787623
2025-03-02 06:08:02,1.787623
2025-03-02 06:08:33,1.787623
2025-03-02 06:09:03,1.787623
2025-03-02 06:09:38,1.787623
2025-03-02 06:10:08,1.787623
2025-03-02 06:10:38,1.787623
2025-03-02 06:11:09,1.787623
2025-03-02 06:11:39,1.787623
2025-03-02 06:12:09,1.787623
2025-03-02 06:12:39,1.787623
2025-03-02 06:13:14,1.787623
2025-03-02 06:13:44,1.787623
2025-03-02 06:14:14,1.787623
2025-03-02 06:14:44,1.787623
2025-03-02 06:15:15,1.787623
2025-03-02 06:15:45,1.787623
2025-03-02 06:16:15,1.787623
2025-03-02 06:16:45,1.787623
2025-03-02 06:17:15,1.787623
2025-03-02 06:17:45,1.787623
2025-03-02 06:18:15,1.787623
2025-03-02 06:18:45,1.787623
2025-03-02 06:19:16,1.787623
2025-03-02 06:19:46,1.787623
2025-03-02 06:20:16,1.787623
2025-03-02 06:20:46,1.787623
2025-03-02 06:21:16,1.787623
2025-03-02 06:21:46,1.787623
2025-03-02 06:22:16,1.787623
2025-03-02 06:22:46,1.787623
2025-03-02 06:23:17,1.787623
2025-03-02 06:23:47,1.787623
2025-03-02 06:24:17,1.787623
2025-03-02 06:24:47,1.787623
2025-03-02 06:25:17,1.787623
2025-03-02 06:25:47,1.787623
2025-03-02 06:26:17,1.787623
2025-03-02 06:26:48,1.787623
2025-03-02 06:27:18,1.787623
2025-03-02 06:27:48,1.787623
2025-03-02 06:28:18,1.787623
2025-03-02 06:28:48,1.787623
2025-03-02 06:29:18,1.787623
2025-03-02 06:29:48,1.787623
2025-03-02 06:30:19,1.787623
2025-03-02 06:30:49,1.787623
2025-03-02 06:31:24,1.787623
2025-03-02 06:31:54,1.787623
2025-03-02 06:32:24,1.787623
2025-03-02 06:32:54,1.787623
2025-03-02 06:33:24,1.787623
2025-03-02 06:33:54,1.787623
2025-03-02 06:34:25,1.787623
2025-03-02 06:34:55,1.787623
2025-03-02 06:35:25,1.787623
2025-03-02 06:35:55,1.787623
2025-03-02 06:36:25,1.787623
2025-03-02 06:36:55,1.787623
2025-03-02 06:37:25,1.787623
2025-03-02 06:37:55,1.787623
2025-03-02 06:38:26,1.787623
2025-03-02 06:38:56,1.787623
2025-03-02 06:39:26,1.787623
2025-03-02 06:39:56,1.787623
2025-03-02 06:40:26,1.787623
2025-03-02 06:40:57,1.787623
2025-03-02 06:41:27,1.787623
2025-03-02 06:41:57,1.787623
2025-03-02 06:42:27,1.787623
2025-03-02 06:42:57,1.787623
2025-03-02 06:43:27,1.787623
2025-03-02 06:43:57,1.787623
2025-03-02 06:44:27,1.787623
2025-03-02 06:44:58,1.787623
2025-03-02 06:45:28,1.787623
2025-03-02 06:45:58,1.787623
2025-03-02 06:46:28,1.787623
2025-03-02 06:46:58,1.787623
2025-03-02 06:47:28,1.787623
2025-03-02 06:47:58,1.787623
2025-03-02 06:48:28,1.787623
2025-03-02 06:48:59,1.787623
2025-03-02 06:49:29,1.787623
2025-03-02 06:49:59,1.787623
2025-03-02 06:50:29,1.787623
2025-03-02 06:50:59,1.787623
2025-03-02 06:51:29,1.787623
2025-03-02 06:51:59,1.787623
2025-03-02 06:52:30,1.787623
2025-03-02 06:53:00,1.787623
2025-03-02 06:53:30,1.787623
2025-03-02 06:54:00,1.787623
2025-03-02 06:54:30,1.787623
2025-03-02 06:55:00,1.787623
2025-03-02 06:55:30,1.787623
2025-03-02 06:56:01,1.787623
2025-03-02 06:56:31,1.787623
2025-03-02 06:57:01,1.787623
2025-03-02 06:57:31,1.787623
2025-03-02 06:58:01,1.787623
2025-03-02 06:58:31,1.787623
2025-03-02 06:59:01,1.787623
2025-03-02 06:59:32,1.787623
2025-03-02 07:00:02,1.787623
2025-03-02 07:00:32,1.787623
2025-03-02 07:01:02,1.787623
2025-03-02 07:01:37,1.787623
2025-03-02 07:02:07,1.787623
2025-03-02 07:02:37,1.787623
2025-03-02 07:03:08,1.787623
2025-03-02 07:03:38,1.787623
2025-03-02 07:04:08,1.787623
2025-03-02 07:04:38,1.787623
2025-03-02 07:05:08,1.787623
2025-03-02 07:05:38,1.787623
2025-03-02 07:06:08,1.787623
2025-03-02 07:06:38,1.787623
2025-03-02 07:07:09,1.787623
2025-03-02 07:07:39,1.787623
2025-03-02 07:08:09,1.787623
2025-03-02 07:08:39,1.787623
2025-03-02 07:09:09,1.787623
2025-03-02 07:09:39,1.787623
2025-03-02 07:10:09,1.787623
2025-03-02 07:10:40,1.787623
2025-03-02 07:11:10,1.787623
2025-03-02 07:11:40,1.787623
2025-03-02 07:12:10,1.787623
2025-03-02 07:12:40,1.787623
2025-03-02 07:13:11,1.787623
2025-03-02 07:13:41,1.787623
2025-03-02 07:14:11,1.787623
2025-03-02 07:14:41,1.787623
2025-03-02 07:15:16,1.787623
2025-03-02 07:15:46,1.787623
2025-03-02 07:16:17,1.787623
2025-03-02 07:16:47,1.787623
2025-03-02 07:17:17,1.787623
2025-03-02 07:17:47,1.787623
2025-03-02 07:18:17,1.787623
2025-03-02 07:18:47,1.787623
2025-03-02 07:19:17,1.787623
2025-03-02 07:19:47,1.787623
2025-03-02 07:20:17,1.787623
2025-03-02 07:20:48,1.787623
2025-03-02 07:21:18,1.787623
2025-03-02 07:21:48,1.787623
2025-03-02 07:22:18,1.787623
2025-03-02 07:22:48,1.787623
2025-03-02 07:23:18,1.787623
2025-03-02 07:23:48,1.787623
2025-03-02 07:24:18,1.787623
2025-03-02 07:24:49,1.787623
2025-03-02 07:25:19,1.787623
2025-03-02 07:25:49,1.787623
2025-03-02 07:26:19,1.787623
2025-03-02 07:26:49,1.787623
2025-03-02 07:27:19,1.787623
2025-03-02 07:27:49,1.787623
2025-03-02 07:28:20,1.787623
2025-03-02 07:28:50,1.787623
2025-03-02 07:29:20,1.787623
2025-03-02 07:29:50,1.787623
2025-03-02 07:30:20,1.787623
2025-03-02 07:30:50,1.787623
2025-03-02 07:31:21,1.787623
2025-03-02 07:31:51,1.787623
2025-03-02 07:32:21,1.787623
2025-03-02 07:32:51,1.787623
2025-03-02 07:33:21,1.787623
2025-03-02 07:33:51,1.787623
2025-03-02 07:34:21,1.787623
2025-03-02 07:34:51,1.787623
2025-03-02 07:35:27,1.787623
2025-03-02 07:35:57,1.787623
2025-03-02 07:36:27,1.787623
2025-03-02 07:37:07,1.787623
2025-03-02 07:37:37,1.787623
2025-03-02 07:38:07,1.787623
2025-03-02 07:38:37,1.787623
2025-03-02 07:39:07,1.787623
2025-03-02 07:39:38,1.787623
2025-03-02 07:40:08,1.787623
2025-03-02 07:40:38,1.787623
2025-03-02 07:41:08,1.787623
2025-03-02 07:41:38,1.787623
2025-03-02 07:42:08,1.787623
2025-03-02 07:42:38,1.787623
2025-03-02 07:43:09,1.787623
2025-03-02 07:43:39,1.787623
2025-03-02 07:44:09,1.787623
2025-03-02 07:44:39,1.787623
2025-03-02 07:45:09,1.787623
2025-03-02 07:45:39,1.787623
2025-03-02 07:46:09,1.787623
2025-03-02 07:46:39,1.787623
2025-03-02 07:47:10,1.787623
2025-03-02 07:47:40,1.787623
2025-03-02 07:48:10,1.787623
2025-03-02 07:48:40,1.787623
2025-03-02 07:49:15,1.787623
2025-03-02 07:49:45,1.787623
2025-03-02 07:50:15,1.787623
2025-03-02 07:50:45,1.787623
2025-03-02 07:51:16,1.787623
2025-03-02 07:51:46,1.787623
2025-03-02 07:52:16,1.787623
2025-03-02 07:52:46,1.787623
2025-03-02 07:53:16,1.787623
2025-03-02 07:53:46,1.787623
2025-03-02 07:54:16,1.787623
2025-03-02 07:54:46,1.787623
2025-03-02 07:55:17,1.787623
2025-03-02 07:55:52,1.787623
2025-03-02 07:56:22,1.787623
2025-03-02 07:56:52,1.787623
2025-03-02 07:57:22,1.787623
2025-03-02 07:57:52,1.787623
2025-03-02 07:58:22,1.787623
2025-03-02 07:58:52,1.787623
2025-03-02 07:59:23,1.787623
2025-03-02 07:59:53,1.787623
2025-03-02 08:00:23,1.787623
2025-03-02 08:00:53,1.787623
2025-03-02 08:01:23,1.787623
2025-03-02 08:01:53,1.787623
2025-03-02 08:02:23,1.787623
2025-03-02 08:02:54,1.787623
2025-03-02 08:03:24,1.787623
2025-03-02 08:03:54,1.787623
2025-03-02 08:04:24,1.787623
2025-03-02 08:04:54,1.787623
2025-03-02 08:05:24,1.787623
2025-03-02 08:05:54,1.787623
2025-03-02 08:06:24,1.787623
2025-03-02 08:06:55,1.787623
2025-03-02 08:07:25,1.787623
2025-03-02 08:07:55,1.787623
2025-03-02 08:08:25,1.787623
2025-03-02 08:08:55,1.787623
2025-03-02 08:09:25,1.787623
2025-03-02 08:09:55,1.787623
2025-03-02 08:10:25,1.787623
2025-03-02 08:10:56,1.787623
2025-03-02 08:11:26,1.787623
2025-03-02 08:11:56,1.787623
2025-03-02 08:12:26,1.787623
2025-03-02 08:12:56,1.787623
2025-03-02 08:13:26,1.787623
2025-03-02 08:13:56,1.787623
2025-03-02 08:14:27,1.787623
2025-03-02 08:14:57,1.787623
2025-03-02 08:15:27,1.787623
2025-03-02 08:15:57,1.787623
2025-03-02 08:16:27,1.787623
2025-03-02 08:16:57,1.787623
2025-03-02 08:17:28,1.787623
2025-03-02 08:17:58,1.787623
2025-03-02 08:18:28,1.787623
2025-03-02 08:18:58,1.787623
2025-03-02 08:19:28,1.787623
2025-03-02 08:19:58,1.787623
2025-03-02 08:20:28,1.787623
2025-03-02 08:20:58,1.787623
2025-03-02 08:21:29,1.787623
2025-03-02 08:21:59,1.787623
2025-03-02 08:22:29,1.787623
2025-03-02 08:22:59,1.787623
2025-03-02 08:23:29,1.787623
2025-03-02 08:23:59,1.787623
2025-03-02 08:24:29,1.787623
2025-03-02 08:24:59,1.787623
2025-03-02 08:25:30,1.787623
2025-03-02 08:26:00,1.787623
2025-03-02 08:26:30,1.787623
2025-03-02 08:27:00,1.787623
2025-03-02 08:27:30,1.787623
2025-03-02 08:28:00,1.787623
2025-03-02 08:28:30,1.787623
2025-03-02 08:29:01,1.787623
2025-03-02 08:29:31,1.787623
2025-03-02 08:30:01,1.787623
2025-03-02 08:30:31,1.787623
2025-03-02 08:31:01,1.787623
2025-03-02 08:31:31,1.787623
2025-03-02 08:32:01,1.787623
2025-03-02 08:32:32,1.787623
2025-03-02 08:33:02,1.787623
2025-03-02 08:33:32,1.787623
2025-03-02 08:34:02,1.787623
2025-03-02 08:34:32,1.787623
2025-03-02 08:35:02,1.787623
2025-03-02 08:35:32,1.787623
2025-03-02 08:36:03,1.787623
2025-03-02 08:36:33,1.787623
2025-03-02 08:37:03,1.787623
2025-03-02 08:37:33,1.787623
2025-03-02 08:38:03,1.787623
2025-03-02 08:38:33,1.787623
2025-03-02 08:39:03,1.787623
2025-03-02 08:39:33,1.787623
2025-03-02 08:40:04,1.787623
2025-03-02 08:40:34,1.787623
2025-03-02 08:41:04,1.787623
2025-03-02 08:41:34,1.787623
2025-03-02 08:42:04,1.787623
2025-03-02 08:42:34,1.787623
2025-03-02 08:43:04,1.787623
2025-03-02 08:43:35,1.787623
2025-03-02 08:44:05,1.787623
2025-03-02 08:44:35,1.787623
2025-03-02 08:45:05,1.787623
2025-03-02 08:46:15,1.787623
2025-03-02 08:46:45,1.787623
2025-03-02 08:47:15,1.787623
2025-03-02 08:47:45,1.787623
2025-03-02 08:48:16,1.787623
2025-03-02 08:48:46,1.787623
2025-03-02 08:49:16,1.787623
2025-03-02 08:49:46,1.787623
2025-03-02 08:50:16,1.787623
2025-03-02 08:50:46,1.787623
2025-03-02 08:51:16,1.787623
2025-03-02 08:51:46,1.787623
2025-03-02 08:52:17,1.787623
2025-03-02 08:52:47,1.787623
2025-03-02 08:53:17,1.787623
2025-03-02 08:53:47,1.787623
2025-03-02 08:54:17,1.787623
2025-03-02 08:54:47,1.787623
2025-03-02 08:55:17,1.787623
2025-03-02 08:55:47,1.787623
2025-03-02 08:56:18,1.787623
2025-03-02 08:56:48,1.787623
2025-03-02 08:57:18,1.787623
2025-03-02 08:57:48,1.787623
2025-03-02 08:58:18,1.787623
2025-03-02 08:58:48,1.787623
2025-03-02 08:59:18,1.787623
2025-03-02 08:59:49,1.787623
2025-03-02 09:00:19,1.787623
2025-03-02 09:00:49,1.787623
2025-03-02 09:01:19,1.787623
2025-03-02 09:01:49,1.787623
2025-03-02 09:02:19,1.787623
2025-03-02 09:02:54,1.787623
2025-03-02 09:03:25,1.787623
2025-03-02 09:03:55,1.787623
2025-03-02 09:04:25,1.787623
2025-03-02 09:04:55,1.787623
2025-03-02 09:05:25,1.787623
2025-03-02 09:05:55,1.787623
2025-03-02 09:06:25,1.787623
2025-03-02 09:06:55,1.787623
2025-03-02 09:07:26,1.787623
2025-03-02 09:07:56,1.787623
2025-03-02 09:08:31,1.787623
2025-03-02 09:09:01,1.787623
2025-03-02 09:09:31,1.787623
2025-03-02 09:10:01,1.787623
2025-03-02 09:10:32,1.787623
2025-03-02 09:11:02,1.787623
2025-03-02 09:11:32,1.787623
2025-03-02 09:12:02,1.787623
2025-03-02 09:12:32,1.787623
2025-03-02 09:13:02,1.787623
2025-03-02 09:13:32,1.787623
2025-03-02 09:14:03,1.787623
2025-03-02 09:14:33,1.787623
2025-03-02 09:15:03,1.787623
2025-03-02 09:15:33,1.787623
2025-03-02 09:16:03,1.787623
2025-03-02 09:16:33,1.787623
2025-03-02 09:17:03,1.787623
2025-03-02 09:17:34,1.787623
2025-03-02 09:18:04,1.787623
2025-03-02 09:18:34,1.787623
2025-03-02 09:19:04,1.787623
2025-03-02 09:19:34,1.787623
2025-03-02 09:20:04,1.787623
2025-03-02 09:20:34,1.787623
2025-03-02 09:21:04,1.787623
2025-03-02 09:21:35,1.787623
2025-03-02 09:22:05,1.787623
2025-03-02 09:22:35,1.787623
2025-03-02 09:23:05,1.787623
2025-03-02 09:23:35,1.787623
2025-03-02 09:24:10,1.787623
2025-03-02 09:24:40,1.787623
2025-03-02 09:25:11,1.787623
2025-03-02 09:25:41,1.787623
2025-03-02 09:26:11,1.787623
2025-03-02 09:26:41,1.787623
2025-03-02 09:27:12,1.787623
2025-03-02 09:27:42,1.787623
2025-03-02 09:28:12,1.787623
2025-03-02 09:28:43,1.787623
2025-03-02 09:29:13,1.787623
2025-03-02 09:29:43,1.787623
2025-03-02 09:30:13,1.787623
2025-03-02 09:30:43,1.787623
2025-03-02 09:31:13,1.787623
2025-03-02 09:31:43,1.787623
2025-03-02 09:32:14,1.787623
2025-03-02 09:32:44,1.787623
2025-03-02 09:33:14,1.787623
2025-03-02 09:33:44,1.787623
2025-03-02 09:34:14,1.787623
2025-03-02 09:34:44,1.787623
2025-03-02 09:35:14,1.787623
2025-03-02 09:35:45,1.787623
2025-03-02 09:36:15,1.787623
2025-03-02 09:36:45,1.787623
2025-03-02 09:37:15,1.787623
2025-03-02 09:37:45,1.787623
2025-03-02 09:38:15,1.787623
2025-03-02 09:38:45,1.787623
2025-03-02 09:39:15,1.787623
2025-03-02 09:39:46,1.787623
2025-03-02 09:40:16,1.787623
2025-03-02 09:40:46,1.787623
2025-03-02 09:41:16,1.787623
2025-03-02 09:41:46,1.787623
2025-03-02 09:42:16,1.787623
2025-03-02 09:42:47,1.787623
2025-03-02 09:43:17,1.787623
2025-03-02 09:43:47,1.787623
2025-03-02 09:44:17,1.787623
2025-03-02 09:44:47,1.787623
2025-03-02 09:45:17,1.787623
2025-03-02 09:45:47,1.787623
2025-03-02 09:46:17,1.787623
2025-03-02 09:46:48,1.787623
2025-03-02 09:47:18,1.787623
2025-03-02 09:47:48,1.787623
2025-03-02 09:48:18,1.787623
2025-03-02 09:48:48,1.787623
2025-03-02 09:49:18,1.787623
2025-03-02 09:49:48,1.787623
2025-03-02 09:50:18,1.787623
2025-03-02 09:50:49,1.787623
2025-03-02 09:51:19,1.787623
2025-03-02 09:51:49,1.787623
2025-03-02 09:52:19,1.787623
2025-03-02 09:52:49,1.787623
2025-03-02 09:53:19,1.787623
2025-03-02 09:53:49,1.787623
2025-03-02 09:54:19,1.787623
2025-03-02 09:54:50,1.787623
2025-03-02 09:55:20,1.787623
2025-03-02 09:55:50,1.787623
2025-03-02 09:56:20,1.787623
2025-03-02 09:56:50,1.787623
2025-03-02 09:57:20,1.787623
2025-03-02 09:57:55,1.787623
2025-03-02 09:58:26,1.787623
2025-03-02 09:58:56,1.787623
2025-03-02 09:59:26,1.787623
2025-03-02 09:59:56,1.787623
2025-03-02 10:00:26,1.787623
2025-03-02 10:00:56,1.787623
2025-03-02 10:01:26,1.787623
2025-03-02 10:01:56,1.787623
2025-03-02 10:02:27,1.787623
2025-03-02 10:02:57,1.787623
2025-03-02 10:03:27,1.787623
2025-03-02 10:03:57,1.787623
2025-03-02 10:04:27,1.787623
2025-03-02 10:04:57,1.787623
2025-03-02 10:05:27,1.787623
2025-03-02 10:05:57,1.787623
2025-03-02 10:06:28,1.787623
2025-03-02 10:06:58,1.787623
2025-03-02 10:07:28,1.787623
2025-03-02 10:07:58,1.787623
2025-03-02 10:08:28,1.787623
2025-03-02 10:08:58,1.787623
2025-03-02 10:09:28,1.787623
2025-03-02 10:09:58,1.787623
2025-03-02 10:10:29,1.787623
2025-03-02 10:10:59,1.787623
2025-03-02 10:11:29,1.787623
2025-03-02 10:11:59,1.787623
2025-03-02 10:12:29,1.787623
2025-03-02 10:12:59,1.787623
2025-03-02 10:13:29,1.787623
2025-03-02 10:14:00,1.787623
2025-03-02 10:14:30,1.787623
2025-03-02 10:15:00,1.787623
2025-03-02 10:15:30,1.787623
2025-03-02 10:16:00,1.787623
2025-03-02 10:16:30,1.787623
2025-03-02 10:17:00,1.787623
2025-03-02 10:17:30,1.787623
2025-03-02 10:18:05,1.787623
2025-03-02 10:18:36,1.787623
2025-03-02 10:19:06,1.787623
2025-03-02 10:19:36,1.787623
2025-03-02 10:20:06,1.787623
2025-03-02 10:20:36,1.787623
2025-03-02 10:21:06,1.787623
2025-03-02 10:21:36,1.787623
2025-03-02 10:22:07,1.787623
2025-03-02 10:22:37,1.787623
2025-03-02 10:23:07,1.787623
2025-03-02 10:23:37,1.787623
2025-03-02 10:24:07,1.787623
2025-03-02 10:24:37,1.787623
2025-03-02 10:25:07,1.787623
2025-03-02 10:25:38,1.787623
2025-03-02 10:26:08,1.787623
2025-03-02 10:26:38,1.787623
2025-03-02 10:27:08,1.787623
2025-03-02 10:27:38,1.787623
2025-03-02 10:28:08,1.787623
2025-03-02 10:28:43,1.787623
2025-03-02 10:29:13,1.787623
2025-03-02 10:29:44,1.787623
2025-03-02 10:30:14,1.787623
2025-03-02 10:30:44,1.787623
2025-03-02 10:31:14,1.787623
2025-03-02 10:31:44,1.787623
2025-03-02 10:32:14,1.787623
2025-03-02 10:32:44,1.787623
2025-03-02 10:33:14,1.787623
2025-03-02 10:33:45,1.787623
2025-03-02 10:34:15,1.787623
2025-03-02 10:34:45,1.787623
2025-03-02 10:35:15,1.787623
2025-03-02 10:35:45,1.787623
2025-03-02 10:36:15,1.787623
2025-03-02 10:36:45,1.787623
2025-03-02 10:37:15,1.787623
2025-03-02 10:37:46,1.787623
2025-03-02 10:38:16,1.787623
2025-03-02 10:38:46,1.787623
2025-03-02 10:39:16,1.787623
2025-03-02 10:39:46,1.787623
2025-03-02 10:40:16,1.787623
2025-03-02 10:40:47,1.787623
2025-03-02 10:41:17,1.787623
2025-03-02 10:41:47,1.787623
2025-03-02 10:42:17,1.787623
2025-03-02 10:42:47,1.787623
2025-03-02 10:43:17,1.787623
2025-03-02 10:43:47,1.787623
2025-03-02 10:44:18,1.787623
2025-03-02 10:44:48,1.787623
2025-03-02 10:45:18,1.787623
2025-03-02 10:45:48,1.787623
2025-03-02 10:46:18,1.787623
2025-03-02 10:46:48,1.787623
2025-03-02 10:47:18,1.787623
2025-03-02 10:47:49,1.787623
2025-03-02 10:48:19,1.787623
2025-03-02 10:48:49,1.787623
2025-03-02 10:49:19,1.787623
2025-03-02 10:49:50,1.787623
2025-03-02 10:50:20,1.787623
2025-03-02 10:50:50,1.787623
2025-03-02 10:51:20,1.787623
2025-03-02 10:51:50,1.787623
2025-03-02 10:52:20,1.787623
2025-03-02 10:52:50,1.787623
2025-03-02 10:53:21,1.787623
2025-03-02 10:53:51,1.787623
2025-03-02 10:54:21,1.787623
2025-03-02 10:54:51,1.787623
2025-03-02 10:55:21,1.787623
2025-03-02 10:55:51,1.787623
2025-03-02 10:56:21,1.787623
2025-03-02 10:56:51,1.787623
2025-03-02 10:57:22,1.787623
2025-03-02 10:57:52,1.787623
2025-03-02 10:58:22,1.787623
2025-03-02 10:58:57,1.787623
2025-03-02 10:59:27,1.787623
2025-03-02 10:59:57,1.787623
2025-03-02 11:00:27,1.787623
2025-03-02 11:00:57,1.787623
2025-03-02 11:01:28,1.787623
2025-03-02 11:01:58,1.787623
2025-03-02 11:02:28,1.787623
2025-03-02 11:02:58,1.787623
2025-03-02 11:03:28,1.787623
2025-03-02 11:03:58,1.787623
2025-03-02 11:04:28,1.787623
2025-03-02 11:04:59,1.787623
2025-03-02 11:05:29,1.787623
2025-03-02 11:06:39,1.787623
2025-03-02 11:07:09,1.787623
2025-03-02 11:07:39,1.787623
2025-03-02 11:08:09,1.787623
2025-03-02 11:08:39,1.787623
2025-03-02 11:09:10,1.787623
2025-03-02 11:09:40,1.787623
2025-03-02 11:10:10,1.787623
2025-03-02 11:10:40,1.787623
2025-03-02 11:11:10,1.787623
2025-03-02 11:11:40,1.787623
2025-03-02 11:12:10,1.787623
2025-03-02 11:12:40,1.787623
2025-03-02 11:13:11,1.787623
2025-03-02 11:13:41,1.787623
2025-03-02 11:14:11,1.787623
2025-03-02 11:14:41,1.787623
2025-03-02 11:15:11,1.787623
2025-03-02 11:15:41,1.787623
2025-03-02 11:16:11,1.787623
2025-03-02 11:16:42,1.787623
2025-03-02 11:17:12,1.787623
2025-03-02 11:17:42,1.787623
2025-03-02 11:18:12,1.787623
2025-03-02 11:18:42,1.787623
2025-03-02 11:19:12,1.787623
2025-03-02 11:19:42,1.787623
2025-03-02 11:20:12,1.787623
2025-03-02 11:20:43,1.787623
2025-03-02 11:21:13,1.787623
2025-03-02 11:21:43,1.787623
2025-03-02 11:22:13,1.787623
2025-03-02 11:22:43,1.787623
2025-03-02 11:23:13,1.787623
2025-03-02 11:23:43,1.787623
2025-03-02 11:24:13,1.787623
2025-03-02 11:24:44,1.787623
2025-03-02 11:25:14,1.787623
2025-03-02 11:25:44,1.787623
2025-03-02 11:26:14,1.787623
2025-03-02 11:26:44,1.787623
2025-03-02 11:27:14,1.787623
2025-03-02 11:27:44,1.787623
2025-03-02 11:28:14,1.787623
2025-03-02 11:28:45,1.787623
2025-03-02 11:29:15,1.787623
2025-03-02 11:29:45,1.787623
2025-03-02 11:30:15,1.787623
2025-03-02 11:30:45,1.787623
2025-03-02 11:31:15,1.787623
2025-03-02 11:31:45,1.787623
2025-03-02 11:32:15,1.787623
2025-03-02 11:32:45,1.787623
2025-03-02 11:33:16,1.787623
2025-03-02 11:33:46,1.787623
2025-03-02 11:34:16,1.787623
2025-03-02 11:34:46,1.787623
2025-03-02 11:35:16,1.787623
2025-03-02 11:35:46,1.787623
2025-03-02 11:36:16,1.787623
2025-03-02 11:36:46,1.787623
2025-03-02 11:37:17,1.787623
2025-03-02 11:37:47,1.787623
2025-03-02 11:38:17,1.787623
2025-03-02 11:38:47,1.787623
2025-03-02 11:39:17,1.787623
2025-03-02 11:39:47,1.787623
2025-03-02 11:40:18,1.787623
2025-03-02 11:40:48,1.787623
2025-03-02 11:41:18,1.787623
2025-03-02 11:41:48,1.787623
2025-03-02 11:42:18,1.787623
2025-03-02 11:42:48,1.787623
2025-03-02 11:43:18,1.787623
2025-03-02 11:43:48,1.787623
2025-03-02 11:44:19,1.787623
2025-03-02 11:44:49,1.787623
2025-03-02 11:45:19,1.787623
2025-03-02 11:45:49,1.787623
2025-03-02 11:46:19,1.787623
2025-03-02 11:46:49,1.787623
2025-03-02 11:47:19,1.787623
2025-03-02 11:47:49,1.787623
2025-03-02 11:48:20,1.787623
2025-03-02 11:48:50,1.787623
2025-03-02 11:49:20,1.787623
2025-03-02 11:49:50,1.787623
2025-03-02 11:50:20,1.787623
2025-03-02 11:50:50,1.787623
2025-03-02 11:51:20,1.787623
2025-03-02 11:51:51,1.787623
2025-03-02 11:52:21,1.787623
2025-03-02 11:52:51,1.787623
2025-03-02 11:53:21,1.787623
2025-03-02 11:53:51,1.787623
2025-03-02 11:54:21,1.787623
2025-03-02 11:54:51,1.787623
2025-03-02 11:55:22,1.787623
2025-03-02 11:55:52,1.787623
2025-03-02 11:56:22,1.787623
2025-03-02 11:56:52,1.787623
2025-03-02 11:57:22,1.787623
2025-03-02 11:57:52,1.787623
2025-03-02 11:58:22,1.787623
2025-03-02 11:58:52,1.787623
2025-03-02 11:59:23,1.787623
2025-03-02 11:59:53,1.787623
2025-03-02 12:00:23,1.787623
2025-03-02 12:00:53,1.787623
2025-03-02 12:01:23,1.787623
2025-03-02 12:01:53,1.787623
2025-03-02 12:02:23,1.787623
2025-03-02 12:02:53,1.787623
2025-03-02 12:03:24,1.787623
2025-03-02 12:03:54,1.787623
2025-03-02 12:04:24,1.787623
2025-03-02 12:04:54,1.787623
2025-03-02 12:05:24,1.787623
2025-03-02 12:05:54,1.787623
2025-03-02 12:06:24,1.787623
2025-03-02 12:06:54,1.787623
2025-03-02 12:07:25,1.787623
2025-03-02 12:07:55,1.787623
2025-03-02 12:08:25,1.787623
2025-03-02 12:08:55,1.787623
2025-03-02 12:09:25,1.787623
2025-03-02 12:09:55,1.787623
2025-03-02 12:10:25,1.787623
2025-03-02 12:10:56,1.787623
2025-03-02 12:11:26,1.787623
2025-03-02 12:11:56,1.787623
2025-03-02 12:12:26,1.787623
2025-03-02 12:12:56,1.787623
2025-03-02 12:13:26,1.787623
2025-03-02 12:13:56,1.787623
2025-03-02 12:14:27,1.787623
2025-03-02 12:14:57,1.787623
2025-03-02 12:15:27,1.787623
2025-03-02 12:15:57,1.787623
2025-03-02 12:16:27,1.787623
2025-03-02 12:16:57,1.787623
2025-03-02 12:17:27,1.787623
2025-03-02 12:17:58,1.787623
2025-03-02 12:18:28,1.787623
2025-03-02 12:18:58,1.787623
2025-03-02 12:19:28,1.787623
2025-03-02 12:19:58,1.787623
2025-03-02 12:20:28,1.787623
2025-03-02 12:20:58,1.787623
2025-03-02 12:21:28,1.787623
2025-03-02 12:21:59,1.787623
2025-03-02 12:22:29,1.787623
2025-03-02 12:22:59,1.787623
2025-03-02 12:23:29,1.787623
2025-03-02 12:23:59,1.787623
2025-03-02 12:24:29,1.787623
2025-03-02 12:24:59,1.787623
2025-03-02 12:25:29,1.787623
2025-03-02 12:26:00,1.787623
2025-03-02 12:26:30,1.787623
2025-03-02 12:27:00,1.787623
2025-03-02 12:27:30,1.787623
2025-03-02 12:28:00,1.787623
2025-03-02 12:28:30,1.787623
2025-03-02 12:29:00,1.787623
2025-03-02 12:29:31,1.787623
2025-03-02 12:30:01,1.787623
2025-03-02 12:30:31,1.787623
2025-03-02 12:31:01,1.787623
2025-03-02 12:31:31,1.787623
2025-03-02 12:32:01,1.787623
2025-03-02 12:32:31,1.787623
2025-03-02 12:33:01,1.787623
2025-03-02 12:33:32,1.787623
2025-03-02 12:34:02,1.787623
2025-03-02 12:34:32,1.787623
2025-03-02 12:35:02,1.787623
2025-03-02 12:35:32,1.787623
2025-03-02 12:36:02,1.787623
2025-03-02 12:36:32,1.787623
2025-03-02 12:37:02,1.787623
2025-03-02 12:37:33,1.787623
2025-03-02 12:38:03,1.787623
2025-03-02 12:38:33,1.787623
2025-03-02 12:39:03,1.787623
2025-03-02 12:39:33,1.787623
2025-03-02 12:40:03,1.787623
2025-03-02 12:40:33,1.787623
2025-03-02 12:41:03,1.787623
2025-03-02 12:41:34,1.787623
2025-03-02 12:42:04,1.787623
2025-03-02 12:42:34,1.787623
2025-03-02 12:43:04,1.787623
2025-03-02 12:43:34,1.787623
2025-03-02 12:44:04,1.787623
2025-03-02 12:44:35,1.787623
2025-03-02 12:45:05,1.787623
2025-03-02 12:45:35,1.787623
2025-03-02 12:46:05,1.787623
2025-03-02 12:46:35,1.787623
2025-03-02 12:47:05,1.787623
2025-03-02 12:47:35,1.787623
2025-03-02 12:48:05,1.787623
2025-03-02 12:48:36,1.787623
2025-03-02 12:49:06,1.787623
2025-03-02 12:49:36,1.787623
2025-03-02 12:50:06,1.787623
2025-03-02 12:50:36,1.787623
2025-03-02 12:51:06,1.787623
2025-03-02 12:51:36,1.787623
2025-03-02 12:52:07,1.787623
2025-03-02 12:52:37,1.787623
2025-03-02 12:53:07,1.787623
2025-03-02 12:53:37,1.787623
2025-03-02 12:54:07,1.787623
2025-03-02 12:54:37,1.787623
2025-03-02 12:55:07,1.787623
2025-03-02 12:55:38,1.787623
2025-03-02 12:56:08,1.787623
2025-03-02 12:56:38,1.787623
2025-03-02 12:57:08,1.787623
2025-03-02 12:57:38,1.787623
2025-03-02 12:58:08,1.787623
2025-03-02 12:58:38,1.787623
2025-03-02 12:59:08,1.787623
2025-03-02 12:59:39,1.787623
2025-03-02 13:00:09,1.787623
2025-03-02 13:00:39,1.787623
2025-03-02 13:01:09,1.787623
2025-03-02 13:01:39,1.787623
2025-03-02 13:02:09,1.787623
2025-03-02 13:02:39,1.787623
2025-03-02 13:03:10,1.787623
2025-03-02 13:03:40,1.787623
2025-03-02 13:04:10,1.787623
2025-03-02 13:04:40,1.787623
2025-03-02 13:05:10,1.787623
2025-03-02 13:05:40,1.787623
2025-03-02 13:06:10,1.787623
2025-03-02 13:06:41,1.787623
2025-03-02 13:07:11,1.787623
2025-03-02 13:07:41,1.787623
2025-03-02 13:08:11,1.787623
2025-03-02 13:08:41,1.787623
2025-03-02 13:09:11,1.787623
2025-03-02 13:09:41,1.787623
2025-03-02 13:10:11,1.787623
2025-03-02 13:10:42,1.787623
2025-03-02 13:11:12,1.787623
2025-03-02 13:11:42,1.787623
2025-03-02 13:12:12,1.787623
2025-03-02 13:12:42,1.787623
2025-03-02 13:13:12,1.787623
2025-03-02 13:13:42,1.787623
2025-03-02 13:14:12,1.787623
2025-03-02 13:14:43,1.787623
2025-03-02 13:15:13,1.787623
2025-03-02 13:15:43,1.787623
2025-03-02 13:16:13,1.787623
2025-03-02 13:16:43,1.787623
2025-03-02 13:17:13,1.787623
2025-03-02 13:17:44,1.787623
2025-03-02 13:18:14,1.787623
2025-03-02 13:18:44,1.787623
2025-03-02 13:19:14,1.787623
2025-03-02 13:19:44,1.787623
2025-03-02 13:20:14,1.787623
2025-03-02 13:20:44,1.787623
2025-03-02 13:21:14,1.787623
2025-03-02 13:21:44,1.787623
2025-03-02 13:22:15,1.787623
2025-03-02 13:22:45,1.787623
2025-03-02 13:23:15,1.787623
2025-03-02 13:23:45,1.787623
2025-03-02 13:24:15,1.787623
2025-03-02 13:24:45,1.787623
2025-03-02 13:25:15,1.787623
2025-03-02 13:25:46,1.787623
2025-03-02 13:26:16,1.787623
2025-03-02 13:26:46,1.787623
2025-03-02 13:27:16,1.787623
2025-03-02 13:27:46,1.787623
2025-03-02 13:28:16,1.787623
2025-03-02 13:28:46,1.787623
2025-03-02 13:29:16,1.787623
2025-03-02 13:29:47,1.787623
2025-03-02 13:30:17,1.787623
2025-03-02 13:30:47,1.787623
2025-03-02 13:31:17,1.787623
2025-03-02 13:31:47,1.787623
2025-03-02 13:32:17,1.787623
2025-03-02 13:32:48,1.787623
2025-03-02 13:33:18,1.787623
2025-03-02 13:33:48,1.787623
2025-03-02 13:34:18,1.787623
2025-03-02 13:34:48,1.787623
2025-03-02 13:35:18,1.787623
2025-03-02 13:35:48,1.787623
2025-03-02 13:36:18,1.787623
2025-03-02 13:36:49,1.787623
2025-03-02 13:37:19,1.787623
2025-03-02 13:37:49,1.787623
2025-03-02 13:38:19,1.787623
2025-03-02 13:38:49,1.787623
2025-03-02 13:39:19,1.787623
2025-03-02 13:39:49,1.787623
2025-03-02 13:40:19,1.787623
2025-03-02 13:40:50,1.787623
2025-03-02 13:41:20,1.787623
2025-03-02 13:41:50,1.787623
2025-03-02 13:42:20,1.787623
2025-03-02 13:42:50,1.787623
2025-03-02 13:43:20,1.787623
2025-03-02 13:43:50,1.787623
2025-03-02 13:44:20,1.787623
2025-03-02 13:44:51,1.787623
2025-03-02 13:45:21,1.787623
2025-03-02 13:45:51,1.787623
2025-03-02 13:46:21,1.787623
2025-03-02 13:46:51,1.787623
2025-03-02 13:47:21,1.787623
2025-03-02 13:47:51,1.787623
2025-03-02 13:48:22,1.787623
2025-03-02 13:48:52,1.787623
2025-03-02 13:49:22,1.787623
2025-03-02 13:49:52,1.787623
2025-03-02 13:50:22,1.787623
2025-03-02 13:50:52,1.787623
2025-03-02 13:51:23,1.787623
2025-03-02 13:51:53,1.787623
2025-03-02 13:52:23,1.787623
2025-03-02 13:52:53,1.787623
2025-03-02 13:53:23,1.787623
2025-03-02 13:53:53,1.787623
2025-03-02 13:54:23,1.787623
2025-03-02 13:54:53,1.787623
2025-03-02 13:55:24,1.787623
2025-03-02 13:55:54,1.787623
2025-03-02 13:56:24,1.787623
2025-03-02 13:56:54,1.787623
2025-03-02 13:57:24,1.787623
2025-03-02 13:57:54,1.787623
2025-03-02 13:58:24,1.787623
2025-03-02 13:58:54,1.787623
2025-03-02 13:59:24,1.787623
2025-03-02 13:59:55,1.787623
2025-03-02 14:00:25,1.787623
2025-03-02 14:00:55,1.787623
2025-03-02 14:01:25,1.787623
2025-03-02 14:01:55,1.787623
2025-03-02 14:02:25,1.787623
2025-03-02 14:02:55,1.787623
2025-03-02 14:03:26,1.787623
2025-03-02 14:03:56,1.787623
2025-03-02 14:04:26,1.787623
2025-03-02 14:04:56,1.787623
2025-03-02 14:05:26,1.787623
2025-03-02 14:05:56,1.787623
2025-03-02 14:06:26,1.787623
2025-03-02 14:06:56,1.787623
2025-03-02 14:07:27,1.787623
2025-03-02 14:07:57,1.787623
2025-03-02 14:08:27,1.787623
2025-03-02 14:08:57,1.787623
2025-03-02 14:09:27,1.787623
2025-03-02 14:09:57,1.787623
2025-03-02 14:10:27,1.787623
2025-03-02 14:10:57,1.787623
2025-03-02 14:11:28,1.787623
2025-03-02 14:11:58,1.787623
2025-03-02 14:12:28,1.787623
2025-03-02 14:12:58,1.787623
2025-03-02 14:13:28,1.787623
2025-03-02 14:13:58,1.787623
2025-03-02 14:14:28,1.787623
2025-03-02 14:14:59,1.787623
2025-03-02 14:15:29,1.787623
2025-03-02 14:15:59,1.787623
2025-03-02 14:16:29,1.787623
2025-03-02 14:16:59,1.787623
2025-03-02 14:17:29,1.787623
2025-03-02 14:17:59,1.787623
2025-03-02 14:18:29,1.787623
2025-03-02 14:18:59,1.787623
2025-03-02 14:19:30,1.787623
2025-03-02 14:20:00,1.787623
2025-03-02 14:20:30,1.787623
2025-03-02 14:21:00,1.787623
2025-03-02 14:21:30,1.787623
2025-03-02 14:22:00,1.787623
2025-03-02 14:22:30,1.787623
2025-03-02 14:23:00,1.787623
2025-03-02 14:23:31,1.787623
2025-03-02 14:24:01,1.787623
2025-03-02 14:24:31,1.787623
2025-03-02 14:25:01,1.787623
2025-03-02 14:25:31,1.787623
2025-03-02 14:26:01,1.787623
2025-03-02 14:26:31,1.787623
2025-03-02 14:27:01,1.787623
2025-03-02 14:27:32,1.787623
2025-03-02 14:28:02,1.787623
2025-03-02 14:28:32,1.787623
2025-03-02 14:29:02,1.787623
2025-03-02 14:29:32,1.787623
2025-03-02 14:30:02,1.787623
2025-03-02 14:30:32,1.787623
2025-03-02 14:31:02,1.787623
2025-03-02 14:31:33,1.787623
2025-03-02 14:32:03,1.787623
2025-03-02 14:32:33,1.787623
2025-03-02 14:33:03,1.787623
2025-03-02 14:33:33,1.787623
2025-03-02 14:34:03,1.787623
2025-03-02 14:34:33,1.787623
2025-03-02 14:35:04,1.787623
2025-03-02 14:35:34,1.787623
2025-03-02 14:36:04,1.787623
2025-03-02 14:36:34,1.787623
2025-03-02 14:37:04,1.787623
2025-03-02 14:37:34,1.787623
2025-03-02 14:38:04,1.787623
2025-03-02 14:38:34,1.787623
2025-03-02 14:39:05,1.787623
2025-03-02 14:39:35,1.787623
2025-03-02 14:40:05,1.787623
2025-03-02 14:40:35,1.787623
2025-03-02 14:41:05,1.787623
2025-03-02 14:41:35,1.787623
2025-03-02 14:42:05,1.787623
2025-03-02 14:42:35,1.787623
2025-03-02 14:43:06,1.787623
2025-03-02 14:43:36,1.787623
2025-03-02 14:44:06,1.787623
2025-03-02 14:44:36,1.787623
2025-03-02 14:45:06,1.787623
2025-03-02 14:45:36,1.787623
2025-03-02 14:46:06,1.787623
2025-03-02 14:46:37,1.787623
2025-03-02 14:47:07,1.787623
2025-03-02 14:47:37,1.787623
2025-03-02 14:48:07,1.787623
2025-03-02 14:48:37,1.787623
2025-03-02 14:49:07,1.787623
2025-03-02 14:49:37,1.787623
2025-03-02 14:50:07,1.787623
2025-03-02 14:50:38,1.787623
2025-03-02 14:51:08,1.787623
2025-03-02 14:51:38,1.787623
2025-03-02 14:52:08,1.787623
2025-03-02 14:52:38,1.787623
2025-03-02 14:53:08,1.787623
2025-03-02 14:53:38,1.787623
2025-03-02 14:54:08,1.787623
2025-03-02 14:54:39,1.787623
2025-03-02 14:55:09,1.787623
2025-03-02 14:55:39,1.787623
2025-03-02 14:56:09,1.787623
2025-03-02 14:56:39,1.787623
2025-03-02 14:57:09,1.787623
2025-03-02 14:57:39,1.787623
2025-03-02 14:58:10,1.787623
2025-03-02 14:58:40,1.787623
2025-03-02 14:59:10,1.787623
2025-03-02 14:59:40,1.787623
2025-03-02 15:00:10,1.787623
2025-03-02 15:00:40,1.787623
2025-03-02 15:01:10,1.787623
2025-03-02 15:01:41,1.787623
2025-03-02 15:02:11,1.787623
2025-03-02 15:02:41,1.787623
2025-03-02 15:03:11,1.787623
2025-03-02 15:03:41,1.787623
2025-03-02 15:04:11,1.787623
2025-03-02 15:04:41,1.787623
2025-03-02 15:05:12,1.787623
2025-03-02 15:05:42,1.787623
2025-03-02 15:06:12,1.787623
2025-03-02 15:06:42,1.787623
2025-03-02 15:07:12,1.787623
2025-03-02 15:07:42,1.787623
2025-03-02 15:08:12,1.787623
2025-03-02 15:08:42,1.787623
2025-03-02 15:09:13,1.787623
2025-03-02 15:09:43,1.787623
2025-03-02 15:10:13,1.787623
2025-03-02 15:10:43,1.787623
2025-03-02 15:11:13,1.787623
2025-03-02 15:11:43,1.787623
2025-03-02 15:12:13,1.787623
2025-03-02 15:12:44,1.787623
2025-03-02 15:13:14,1.787623
2025-03-02 15:13:44,1.787623
2025-03-02 15:14:14,1.787623
2025-03-02 15:14:44,1.787623
2025-03-02 15:15:14,1.787623
2025-03-02 15:15:44,1.787623
2025-03-02 15:16:15,1.787623
2025-03-02 15:16:45,1.787623
2025-03-02 15:17:15,1.787623
2025-03-02 15:17:45,1.787623
2025-03-02 15:18:15,1.787623
2025-03-02 15:18:45,1.787623
2025-03-02 15:19:15,1.787623
2025-03-02 15:19:45,1.787623
2025-03-02 15:20:16,1.787623
2025-03-02 15:20:46,1.787623
2025-03-02 15:21:16,1.787623
2025-03-02 15:21:46,1.787623
2025-03-02 15:22:16,1.787623
2025-03-02 15:22:46,1.787623
2025-03-02 15:23:16,1.787623
2025-03-02 15:23:46,1.787623
2025-03-02 15:24:17,1.787623
2025-03-02 15:24:47,1.787623
2025-03-02 15:25:17,1.787623
2025-03-02 15:25:47,1.787623
2025-03-02 15:26:17,1.787623
2025-03-02 15:26:47,1.787623
2025-03-02 15:27:17,1.787623
2025-03-02 15:27:48,1.787623
2025-03-02 15:28:18,1.787623
2025-03-02 15:28:48,1.787623
2025-03-02 15:29:18,1.787623
2025-03-02 15:29:48,1.787623
2025-03-02 15:30:18,1.787623
2025-03-02 15:30:49,1.787623
2025-03-02 15:31:19,1.787623
2025-03-02 15:31:49,1.787623
2025-03-02 15:32:20,1.787623
2025-03-02 15:32:50,1.787623
2025-03-02 15:33:20,1.787623
2025-03-02 15:33:50,1.787623
2025-03-02 15:34:20,1.787623
2025-03-02 15:34:50,1.787623
2025-03-02 15:35:20,1.787623
2025-03-02 15:35:50,1.787623
2025-03-02 15:36:20,1.787623
2025-03-02 15:36:51,1.787623
2025-03-02 15:37:21,1.787623
2025-03-02 15:37:51,1.787623
2025-03-02 15:38:21,1.787623
2025-03-02 15:38:51,1.787623
2025-03-02 15:39:21,1.787623
2025-03-02 15:39:51,1.787623
2025-03-02 15:40:22,1.787623
2025-03-02 15:40:52,1.787623
2025-03-02 15:41:22,1.787623
2025-03-02 15:41:52,1.787623
2025-03-02 15:42:22,1.787623
2025-03-02 15:42:52,1.787623
2025-03-02 15:43:22,1.787623
2025-03-02 15:43:52,1.787623
2025-03-02 15:44:23,1.787623
2025-03-02 15:44:53,1.787623
2025-03-02 15:45:23,1.787623
2025-03-02 15:45:53,1.787623
2025-03-02 15:46:23,1.787623
2025-03-02 15:46:53,1.787623
2025-03-02 15:47:23,1.787623
2025-03-02 15:47:54,1.787623
2025-03-02 15:48:24,1.787623
2025-03-02 15:48:54,1.787623
2025-03-02 15:49:24,1.787623
2025-03-02 15:49:55,1.787623
2025-03-02 15:50:25,1.787623
2025-03-02 15:50:55,1.787623
2025-03-02 15:51:25,1.787623
2025-03-02 15:51:55,1.787623
2025-03-02 15:52:25,1.787623
2025-03-02 15:52:55,1.787623
2025-03-02 15:53:25,1.787623
2025-03-02 15:53:56,1.787623
2025-03-02 15:54:26,1.787623
2025-03-02 15:54:56,1.787623
2025-03-02 15:55:26,1.787623
2025-03-02 15:55:56,1.787623
2025-03-02 15:56:26,1.787623
2025-03-02 15:57:41,1.787623
2025-03-02 15:58:12,1.787623
2025-03-02 15:58:42,1.787623
2025-03-02 15:59:12,1.787623
2025-03-02 15:59:42,1.787623
2025-03-02 16:00:12,1.787623
2025-03-02 16:00:42,1.787623
2025-03-02 16:01:12,1.787623
2025-03-02 16:01:42,1.787623
2025-03-02 16:02:12,1.787623
2025-03-02 16:02:43,1.787623
2025-03-02 16:03:13,1.787623
2025-03-02 16:03:43,1.787623
2025-03-02 16:04:13,1.787623
2025-03-02 16:04:43,1.787623
2025-03-02 16:05:13,1.787623
2025-03-02 16:05:43,1.787623
2025-03-02 16:06:14,1.787623
2025-03-02 16:06:44,1.787623
2025-03-02 16:07:14,1.787623
2025-03-02 16:07:44,1.787623
2025-03-02 16:08:14,1.787623
2025-03-02 16:08:44,1.787623
2025-03-02 16:09:14,1.787623
2025-03-02 16:09:44,1.787623
2025-03-02 16:10:15,1.787623
2025-03-02 16:10:45,1.787623
2025-03-02 16:11:15,1.787623
2025-03-02 16:11:45,1.787623
2025-03-02 16:12:15,1.787623
2025-03-02 16:12:45,1.787623
2025-03-02 16:13:15,1.787623
2025-03-02 16:13:45,1.787623
2025-03-02 16:14:16,1.787623
2025-03-02 16:14:46,1.787623
2025-03-02 16:15:16,1.787623
2025-03-02 16:15:46,1.787623
2025-03-02 16:16:16,1.787623
2025-03-02 16:16:46,1.787623
2025-03-02 16:17:16,1.787623
2025-03-02 16:17:46,1.787623
2025-03-02 16:18:17,1.787623
2025-03-02 16:18:47,1.787623
2025-03-02 16:19:17,1.787623
2025-03-02 16:19:47,1.787623
2025-03-02 16:20:17,1.787623
2025-03-02 16:20:48,1.787623
2025-03-02 16:21:18,1.787623
2025-03-02 16:21:48,1.787623
2025-03-02 16:22:18,1.787623
2025-03-02 16:22:48,1.787623
2025-03-02 16:23:18,1.787623
2025-03-02 16:23:48,1.787623
2025-03-02 16:24:18,1.787623
2025-03-02 16:24:48,1.787623
2025-03-02 16:25:19,1.787623
2025-03-02 16:25:49,1.787623
2025-03-02 16:26:19,1.787623
2025-03-02 16:26:49,1.787623
2025-03-02 16:27:19,1.787623
2025-03-02 16:27:49,1.787623
2025-03-02 16:28:19,1.787623
2025-03-02 16:28:49,1.787623
2025-03-02 16:29:20,1.787623
2025-03-02 16:29:50,1.787623
2025-03-02 16:30:20,1.787623
2025-03-02 16:30:50,1.787623
2025-03-02 16:31:20,1.787623
2025-03-02 16:31:50,1.787623
2025-03-02 16:32:20,1.787623
2025-03-02 16:32:50,1.787623
2025-03-02 16:33:21,1.787623
2025-03-02 16:33:51,1.787623
2025-03-02 16:34:21,1.787623
2025-03-02 16:34:51,1.787623
2025-03-02 16:35:21,1.787623
2025-03-02 16:35:51,1.787623
2025-03-02 16:36:22,1.787623
2025-03-02 16:36:52,1.787623
2025-03-02 16:37:22,1.787623
2025-03-02 16:37:52,1.787623
2025-03-02 16:38:22,1.787623
2025-03-02 16:38:52,1.787623
2025-03-02 16:39:22,1.787623
2025-03-02 16:39:52,1.787623
2025-03-02 16:40:22,1.787623
2025-03-02 16:40:53,1.787623
2025-03-02 16:41:23,1.787623
2025-03-02 16:41:53,1.787623
2025-03-02 16:42:23,1.787623
2025-03-02 16:42:53,1.787623
2025-03-02 16:43:23,1.787623
2025-03-02 16:43:53,1.787623
2025-03-02 16:44:23,1.787623
2025-03-02 16:44:53,1.787623
2025-03-02 16:45:24,1.787623
2025-03-02 16:45:54,1.787623
2025-03-02 16:46:24,1.787623
2025-03-02 16:46:54,1.787623
2025-03-02 16:47:24,1.787623
2025-03-02 16:47:54,1.787623
2025-03-02 16:48:24,1.787623
2025-03-02 16:48:54,1.787623
2025-03-02 16:49:25,1.787623
2025-03-02 16:49:55,1.787623
2025-03-02 16:50:25,1.787623
2025-03-02 16:50:55,1.787623
2025-03-02 16:51:25,1.787623
2025-03-02 16:51:55,1.787623
2025-03-02 16:52:25,1.787623
2025-03-02 16:52:56,1.787623
2025-03-02 16:53:26,1.787623
2025-03-02 16:53:56,1.787623
2025-03-02 16:54:26,1.787623
2025-03-02 16:54:56,1.787623
2025-03-02 16:55:26,1.787623
2025-03-02 16:55:56,1.787623
2025-03-02 16:56:26,1.787623
2025-03-02 16:56:57,1.787623
2025-03-02 16:57:27,1.787623
2025-03-02 16:57:57,1.787623
2025-03-02 16:58:27,1.787623
2025-03-02 16:58:57,1.787623
2025-03-02 16:59:27,1.787623
2025-03-02 16:59:57,1.787623
2025-03-02 17:00:27,1.787623
2025-03-02 17:00:58,1.787623
2025-03-02 17:01:28,1.787623
2025-03-02 17:01:58,1.787623
2025-03-02 17:02:28,1.787623
2025-03-02 17:02:58,1.787623
2025-03-02 17:03:28,1.787623
2025-03-02 17:03:58,1.787623
2025-03-02 17:04:29,1.787623
2025-03-02 17:04:59,1.787623
2025-03-02 17:05:29,1.787623
2025-03-02 17:05:59,1.787623
2025-03-02 17:06:29,1.787623
2025-03-02 17:06:59,1.787623
2025-03-02 17:07:29,1.787623
2025-03-02 17:08:00,1.787623
2025-03-02 17:08:30,1.787623
2025-03-02 17:09:00,1.787623
2025-03-02 17:09:30,1.787623
2025-03-02 17:10:00,1.787623
2025-03-02 17:10:30,1.787623
2025-03-02 17:11:00,1.787623
2025-03-02 17:11:31,1.787623
2025-03-02 17:12:01,1.787623
2025-03-02 17:12:31,1.787623
2025-03-02 17:13:01,1.787623
2025-03-02 17:13:31,1.787623
2025-03-02 17:14:01,1.787623
2025-03-02 17:14:31,1.787623
2025-03-02 17:15:01,1.787623
2025-03-02 17:15:32,1.787623
2025-03-02 17:16:02,1.787623
2025-03-02 17:16:32,1.787623
2025-03-02 17:17:02,1.787623
2025-03-02 17:17:32,1.787623
2025-03-02 17:18:02,1.787623
2025-03-02 17:18:32,1.787623
2025-03-02 17:19:02,1.787623
2025-03-02 17:19:33,1.787623
2025-03-02 17:20:03,1.787623
2025-03-02 17:20:33,1.787623
2025-03-02 17:21:03,1.787623
2025-03-02 17:21:33,1.787623
2025-03-02 17:22:03,1.787623
2025-03-02 17:22:34,1.787623
2025-03-02 17:23:04,1.787623
2025-03-02 17:23:34,1.787623
2025-03-02 17:24:04,1.787623
2025-03-02 17:24:34,1.787623
2025-03-02 17:25:04,1.787623
2025-03-02 17:25:34,1.787623
2025-03-02 17:26:04,1.787623
2025-03-02 17:26:35,1.787623
2025-03-02 17:27:05,1.787623
2025-03-02 17:27:35,1.787623
2025-03-02 17:28:05,1.787623
2025-03-02 17:28:35,1.787623
2025-03-02 17:29:05,1.787623
2025-03-02 17:29:35,1.787623
2025-03-02 17:30:05,1.787623
2025-03-02 17:30:35,1.787623
2025-03-02 17:31:06,1.787623
2025-03-02 17:31:36,1.787623
2025-03-02 17:32:06,1.787623
2025-03-02 17:32:36,1.787623
2025-03-02 17:33:06,1.787623
2025-03-02 17:33:36,1.787623
2025-03-02 17:34:06,1.787623
2025-03-02 17:34:36,1.787623
2025-03-02 17:35:07,1.787623
2025-03-02 17:35:37,1.787623
2025-03-02 17:36:07,1.787623
2025-03-02 17:36:37,1.787623
2025-03-02 17:37:07,1.787623
2025-03-02 17:37:37,1.787623
2025-03-02 17:38:07,1.787623
2025-03-02 17:38:38,1.787623
2025-03-02 17:39:08,1.787623
2025-03-02 17:39:38,1.787623
2025-03-02 17:40:08,1.787623
2025-03-02 17:40:38,1.787623
2025-03-02 17:41:08,1.787623
2025-03-02 17:41:38,1.787623
2025-03-02 17:42:08,1.787623
2025-03-02 17:42:39,1.787623
2025-03-02 17:43:09,1.787623
2025-03-02 17:43:39,1.787623
2025-03-02 17:44:09,1.787623
2025-03-02 17:44:39,1.787623
2025-03-02 17:45:09,1.787623
2025-03-02 17:45:39,1.787623
2025-03-02 17:46:09,1.787623
2025-03-02 17:46:40,1.787623
2025-03-02 17:47:10,1.787623
2025-03-02 17:47:40,1.787623
2025-03-02 17:48:10,1.787623
2025-03-02 17:48:40,1.787623
2025-03-02 17:49:10,1.787623
2025-03-02 17:49:40,1.787623
2025-03-02 17:50:11,1.787623
2025-03-02 17:50:41,1.787623
2025-03-02 17:51:11,1.787623
2025-03-02 17:51:41,1.787623
2025-03-02 17:52:11,1.787623
2025-03-02 17:52:41,1.787623
2025-03-02 17:53:12,1.787623
2025-03-02 17:53:42,1.787623
2025-03-02 17:54:12,1.787623
2025-03-02 17:54:42,1.787623
2025-03-02 17:55:12,1.787623
2025-03-02 17:55:42,1.787623
2025-03-02 17:56:12,1.787623
2025-03-02 17:56:43,1.787623
2025-03-02 17:57:13,1.787623
2025-03-02 17:57:43,1.787623
2025-03-02 17:58:13,1.787623
2025-03-02 17:58:43,1.787623
2025-03-02 17:59:13,1.787623
2025-03-02 17:59:43,1.787623
2025-03-02 18:00:13,1.787623
2025-03-02 18:00:44,1.787623
2025-03-02 18:01:14,1.787623
2025-03-02 18:01:44,1.787623
2025-03-02 18:02:14,1.787623
2025-03-02 18:02:44,1.787623
2025-03-02 18:03:14,1.787623
2025-03-02 18:03:44,1.787623
2025-03-02 18:04:14,1.787623
2025-03-02 18:04:45,1.787623
2025-03-02 18:05:15,1.787623
2025-03-02 18:05:45,1.787623
2025-03-02 18:06:15,1.787623
2025-03-02 18:06:45,1.787623
2025-03-02 18:07:15,1.787623
2025-03-02 18:07:45,1.787623
2025-03-02 18:08:15,1.787623
2025-03-02 18:08:46,1.787623
2025-03-02 18:09:16,1.787623
2025-03-02 18:09:46,1.787623
2025-03-02 18:10:16,1.787623
2025-03-02 18:10:46,1.787623
2025-03-02 18:11:16,1.787623
2025-03-02 18:11:46,1.787623
2025-03-02 18:12:17,1.787623
2025-03-02 18:12:47,1.787623
2025-03-02 18:13:17,1.787623
2025-03-02 18:13:47,1.787623
2025-03-02 18:14:17,1.787623
2025-03-02 18:14:47,1.787623
2025-03-02 18:15:17,1.787623
2025-03-02 18:15:48,1.787623
2025-03-02 18:16:18,1.787623
2025-03-02 18:16:48,1.787623
2025-03-02 18:17:18,1.787623
2025-03-02 18:17:48,1.787623
2025-03-02 18:18:18,1.787623
2025-03-02 18:18:48,1.787623
2025-03-02 18:19:18,1.787623
2025-03-02 18:19:48,1.787623
2025-03-02 18:20:19,1.787623
2025-03-02 18:20:49,1.787623
2025-03-02 18:21:19,1.787623
2025-03-02 18:21:49,1.787623
2025-03-02 18:22:19,1.787623
2025-03-02 18:22:49,1.787623
2025-03-02 18:23:19,1.787623
2025-03-02 18:23:50,1.787623
2025-03-02 18:24:20,1.787623
2025-03-02 18:24:50,1.787623
2025-03-02 18:25:20,1.787623
2025-03-02 18:25:50,1.787623
2025-03-02 18:26:20,1.787623
2025-03-02 18:26:50,1.787623
2025-03-02 18:27:21,1.787623
2025-03-02 18:27:51,1.787623
2025-03-02 18:28:21,1.787623
2025-03-02 18:28:51,1.787623
2025-03-02 18:29:21,1.787623
2025-03-02 18:29:51,1.787623
2025-03-02 18:30:21,1.787623
2025-03-02 18:30:51,1.787623
2025-03-02 18:31:22,1.787623
2025-03-02 18:31:52,1.787623
2025-03-02 18:32:22,1.787623
2025-03-02 18:32:52,1.787623
2025-03-02 18:33:22,1.787623
2025-03-02 18:33:52,1.787623
2025-03-02 18:34:22,1.787623
2025-03-02 18:34:52,1.787623
2025-03-02 18:35:23,1.787623
2025-03-02 18:35:53,1.787623
2025-03-02 18:36:23,1.787623
2025-03-02 18:36:53,1.787623
2025-03-02 18:37:23,1.787623
2025-03-02 18:37:53,1.787623
2025-03-02 18:38:23,1.787623
2025-03-02 18:38:54,1.787623
2025-03-02 18:39:24,1.787623
2025-03-02 18:39:54,1.787623
2025-03-02 18:40:24,1.787623
2025-03-02 18:40:54,1.787623
2025-03-02 18:41:24,1.787623
2025-03-02 18:41:54,1.787623
2025-03-02 18:42:25,1.787623
2025-03-02 18:42:55,1.787623
2025-03-02 18:43:25,1.787623
2025-03-02 18:43:55,1.787623
2025-03-02 18:44:25,1.787623
2025-03-02 18:44:55,1.787623
2025-03-02 18:45:25,1.787623
2025-03-02 18:45:56,1.787623
2025-03-02 18:46:26,1.787623
2025-03-02 18:46:56,1.787623
2025-03-02 18:47:26,1.787623
2025-03-02 18:47:56,1.787623
2025-03-02 18:48:26,1.787623
2025-03-02 18:48:56,1.787623
2025-03-02 18:49:27,1.787623
2025-03-02 18:49:57,1.787623
2025-03-02 18:50:27,1.787623
2025-03-02 18:50:57,1.787623
2025-03-02 18:51:27,1.787623
2025-03-02 18:51:57,1.787623
2025-03-02 18:52:27,1.787623
2025-03-02 18:52:57,1.787623
2025-03-02 18:53:27,1.787623
2025-03-02 18:53:58,1.787623
2025-03-02 18:54:28,1.787623
2025-03-02 18:54:58,1.787623
2025-03-02 18:55:28,1.787623
2025-03-02 18:55:58,1.787623
2025-03-02 18:56:28,1.787623
2025-03-02 18:56:59,1.787623
2025-03-02 18:57:29,1.787623
2025-03-02 18:57:59,1.787623
2025-03-02 18:58:29,1.787623
2025-03-02 18:58:59,1.787623
2025-03-02 18:59:29,1.787623
2025-03-02 18:59:59,1.787623
2025-03-02 19:00:29,1.787623
2025-03-02 19:01:00,1.787623
2025-03-02 19:01:30,1.787623
2025-03-02 19:02:00,1.787623
2025-03-02 19:02:30,1.787623
2025-03-02 19:03:00,1.787623
2025-03-02 19:03:30,1.787623
2025-03-02 19:04:00,1.787623
2025-03-02 19:04:31,1.787623
2025-03-02 19:05:01,1.787623
2025-03-02 19:05:31,1.787623
2025-03-02 19:06:01,1.787623
2025-03-02 19:06:31,1.787623
2025-03-02 19:07:01,1.787623
2025-03-02 19:07:31,1.787623
2025-03-02 19:08:01,1.787623
2025-03-02 19:08:31,1.787623
2025-03-02 19:09:02,1.787623
2025-03-02 19:09:32,1.787623
2025-03-02 19:10:02,1.787623
2025-03-02 19:10:32,1.787623
2025-03-02 19:11:02,1.787623
2025-03-02 19:11:32,1.787623
2025-03-02 19:12:02,1.787623
2025-03-02 19:12:33,1.787623
2025-03-02 19:13:03,1.787623
2025-03-02 19:13:33,1.787623
2025-03-02 19:14:03,1.787623
2025-03-02 19:14:33,1.787623
2025-03-02 19:15:03,1.787623
2025-03-02 19:15:33,1.787623
2025-03-02 19:16:04,1.787623
2025-03-02 19:16:34,1.787623
2025-03-02 19:17:04,1.787623
2025-03-02 19:17:34,1.787623
2025-03-02 19:18:04,1.787623
2025-03-02 19:18:34,1.787623
2025-03-02 19:19:04,1.787623
2025-03-02 19:19:34,1.787623
2025-03-02 19:20:05,1.787623
2025-03-02 19:20:35,1.787623
2025-03-02 19:21:05,1.787623
2025-03-02 19:21:35,1.787623
2025-03-02 19:22:05,1.787623
2025-03-02 19:22:35,1.787623
2025-03-02 19:23:05,1.787623
2025-03-02 19:23:35,1.787623
2025-03-02 19:24:06,1.787623
2025-03-02 19:24:36,1.787623
2025-03-02 19:25:06,1.787623
2025-03-02 19:25:36,1.787623
2025-03-02 19:26:06,1.787623
2025-03-02 19:26:36,1.787623
2025-03-02 19:27:06,1.787623
2025-03-02 19:27:37,1.787623
2025-03-02 19:28:07,1.787623
2025-03-02 19:28:37,1.787623
2025-03-02 19:29:07,1.787623
2025-03-02 19:29:37,1.787623
2025-03-02 19:30:07,1.787623
2025-03-02 19:30:37,1.787623
2025-03-02 19:31:08,1.787623
2025-03-02 19:31:38,1.787623
2025-03-02 19:32:08,1.787623
2025-03-02 19:32:38,1.787623
2025-03-02 19:33:08,1.787623
2025-03-02 19:33:38,1.787623
2025-03-02 19:34:08,1.787623
2025-03-02 19:34:38,1.787623
2025-03-02 19:35:09,1.787623
2025-03-02 19:35:39,1.787623
2025-03-02 19:36:09,1.787623
2025-03-02 19:36:39,1.787623
2025-03-02 19:37:09,1.787623
2025-03-02 19:37:39,1.787623
2025-03-02 19:38:09,1.787623
2025-03-02 19:38:39,1.787623
2025-03-02 19:39:10,1.787623
2025-03-02 19:39:40,1.787623
2025-03-02 19:40:10,1.787623
2025-03-02 19:40:40,1.787623
2025-03-02 19:41:10,1.787623
2025-03-02 19:41:40,1.787623
2025-03-02 19:42:10,1.787623
2025-03-02 19:42:40,1.787623
2025-03-02 19:43:11,1.787623
2025-03-02 19:43:41,1.787623
2025-03-02 19:44:11,1.787623
2025-03-02 19:44:41,1.787623
2025-03-02 19:45:11,1.787623
2025-03-02 19:45:41,1.787623
2025-03-02 19:46:11,1.787623
2025-03-02 19:46:42,1.787623
2025-03-02 19:47:12,1.787623
2025-03-02 19:47:42,1.787623
2025-03-02 19:48:12,1.787623
2025-03-02 19:48:42,1.787623
2025-03-02 19:49:12,1.787623
2025-03-02 19:49:42,1.787623
2025-03-02 19:50:13,1.787623
2025-03-02 19:50:43,1.787623
2025-03-02 19:51:13,1.787623
2025-03-02 19:51:43,1.787623
2025-03-02 19:52:13,1.787623
2025-03-02 19:52:43,1.787623
2025-03-02 19:53:13,1.787623
2025-03-02 19:53:43,1.787623
2025-03-02 19:54:14,1.787623
2025-03-02 19:54:44,1.787623
2025-03-02 19:55:14,1.787623
2025-03-02 19:55:44,1.787623
2025-03-02 19:56:14,1.787623
2025-03-02 19:56:44,1.787623
2025-03-02 19:57:14,1.787623
2025-03-02 19:57:45,1.787623
2025-03-02 19:58:15,1.787623
2025-03-02 19:58:45,1.787623
2025-03-02 19:59:15,1.787623
2025-03-02 19:59:45,1.787623
2025-03-02 20:00:15,1.787623
2025-03-02 20:00:46,1.787623
2025-03-02 20:01:16,1.787623
2025-03-02 20:01:46,1.787623
2025-03-02 20:02:16,1.787623
2025-03-02 20:02:46,1.787623
2025-03-02 20:03:16,1.787623
2025-03-02 20:03:46,1.787623
2025-03-02 20:04:16,1.787623
2025-03-02 20:04:47,1.787623
2025-03-02 20:05:17,1.787623
2025-03-02 20:05:47,1.787623
2025-03-02 20:06:17,1.787623
2025-03-02 20:06:47,1.787623
2025-03-02 20:07:17,1.787623
2025-03-02 20:07:47,1.787623
2025-03-02 20:08:17,1.787623
2025-03-02 20:08:48,1.787623
2025-03-02 20:09:18,1.787623
2025-03-02 20:09:48,1.787623
2025-03-02 20:10:18,1.787623
2025-03-02 20:10:48,1.787623
2025-03-02 20:11:18,1.787623
2025-03-02 20:11:48,1.787623
2025-03-02 20:12:19,1.787623
2025-03-02 20:12:49,1.787623
2025-03-02 20:13:19,1.787623
2025-03-02 20:13:49,1.787623
2025-03-02 20:14:19,1.787623
2025-03-02 20:14:49,1.787623
2025-03-02 20:15:19,1.787623
2025-03-02 20:15:50,1.787623
2025-03-02 20:16:20,1.787623
2025-03-02 20:16:50,1.787623
2025-03-02 20:17:20,1.787623
2025-03-02 20:17:50,1.787623
2025-03-02 20:18:20,1.787623
2025-03-02 20:18:50,1.787623
2025-03-02 20:19:20,1.787623
2025-03-02 20:19:51,1.787623
2025-03-02 20:20:21,1.787623
2025-03-02 20:20:51,1.787623
2025-03-02 20:21:21,1.787623
2025-03-02 20:21:51,1.787623
2025-03-02 20:22:21,1.787623
2025-03-02 20:22:51,1.787623
2025-03-02 20:23:22,1.787623
2025-03-02 20:23:52,1.787623
2025-03-02 20:24:22,1.787623
2025-03-02 20:24:52,1.787623
2025-03-02 20:25:22,1.787623
2025-03-02 20:25:52,1.787623
2025-03-02 20:26:22,1.787623
2025-03-02 20:26:52,1.787623
2025-03-02 20:27:23,1.787623
2025-03-02 20:27:53,1.787623
2025-03-02 20:28:23,1.787623
2025-03-02 20:28:53,1.787623
2025-03-02 20:29:23,1.787623
2025-03-02 20:29:53,1.787623
2025-03-02 20:30:23,1.787623
2025-03-02 20:30:53,1.787623
2025-03-02 20:31:24,1.787623
2025-03-02 20:31:54,1.787623
2025-03-02 20:32:24,1.787623
2025-03-02 20:32:54,1.787623
2025-03-02 20:33:24,1.787623
2025-03-02 20:33:54,1.787623
2025-03-02 20:34:24,1.787623
2025-03-02 20:34:55,1.787623
2025-03-02 20:35:25,1.787623
2025-03-02 20:35:55,1.787623
2025-03-02 20:36:25,1.787623
2025-03-02 20:36:55,1.787623
2025-03-02 20:37:25,1.787623
2025-03-02 20:37:55,1.787623
2025-03-02 20:38:26,1.787623
2025-03-02 20:38:56,1.787623
2025-03-02 20:39:26,1.787623
2025-03-02 20:39:56,1.787623
2025-03-02 20:40:26,1.787623
2025-03-02 20:40:56,1.787623
2025-03-02 20:41:26,1.787623
2025-03-02 20:41:57,1.787623
2025-03-02 20:42:27,1.787623
2025-03-02 20:42:57,1.787623
2025-03-02 20:43:27,1.787623
2025-03-02 20:43:57,1.787623
2025-03-02 20:44:27,1.787623
2025-03-02 20:44:57,1.787623
2025-03-02 20:45:27,1.787623
2025-03-02 20:45:58,1.787623
2025-03-02 20:46:28,1.787623
2025-03-02 20:46:58,1.787623
2025-03-02 20:47:28,1.787623
2025-03-02 20:47:58,1.787623
2025-03-02 20:48:28,1.787623
2025-03-02 20:48:58,1.787623
2025-03-02 20:49:29,1.787623
2025-03-02 20:49:59,1.787623
2025-03-02 20:50:29,1.787623
2025-03-02 20:50:59,1.787623
2025-03-02 20:51:29,1.787623
2025-03-02 20:51:59,1.787623
2025-03-02 20:52:30,1.787623
2025-03-02 20:53:00,1.787623
2025-03-02 20:53:30,1.787623
2025-03-02 20:54:00,1.787623
2025-03-02 20:54:30,1.787623
2025-03-02 20:55:00,1.787623
2025-03-02 20:55:30,1.787623
2025-03-02 20:56:00,1.787623
2025-03-02 20:56:31,1.787623
2025-03-02 20:57:01,1.787623
2025-03-02 20:57:31,1.787623
2025-03-02 20:58:01,1.787623
2025-03-02 20:58:31,1.787623
2025-03-02 20:59:01,1.787623
2025-03-02 20:59:31,1.787623
2025-03-02 21:00:01,1.787623
2025-03-02 21:00:32,1.787623
2025-03-02 21:01:02,1.787623
2025-03-02 21:01:32,1.787623
2025-03-02 21:02:02,1.787623
2025-03-02 21:02:32,1.787623
2025-03-02 21:03:02,1.787623
2025-03-02 21:03:32,1.787623
2025-03-02 21:04:03,1.787623
2025-03-02 21:04:33,1.787623
2025-03-02 21:05:03,1.787623
2025-03-02 21:05:33,1.787623
2025-03-02 21:06:03,1.787623
2025-03-02 21:06:33,1.787623
2025-03-02 21:07:03,1.787623
2025-03-02 21:07:34,1.787623
2025-03-02 21:08:04,1.787623
2025-03-02 21:08:34,1.787623
2025-03-02 21:09:04,1.787623
2025-03-02 21:09:34,1.787623
2025-03-02 21:10:04,1.787623
2025-03-02 21:10:34,1.787623
2025-03-02 21:11:05,1.787623
2025-03-02 21:11:35,1.787623
2025-03-02 21:12:05,1.787623
2025-03-02 21:12:35,1.787623
2025-03-02 21:13:05,1.787623
2025-03-02 21:13:35,1.787623
2025-03-02 21:14:05,1.787623
2025-03-02 21:14:35,1.787623
2025-03-02 21:15:06,1.787623
2025-03-02 21:15:36,1.787623
2025-03-02 21:16:06,1.787623
2025-03-02 21:16:36,1.787623
2025-03-02 21:17:06,1.787623
2025-03-02 21:17:36,1.787623
2025-03-02 21:18:06,1.787623
2025-03-02 21:18:37,1.787623
2025-03-02 21:19:07,1.787623
2025-03-02 21:19:37,1.787623
2025-03-02 21:20:07,1.787623
2025-03-02 21:20:37,1.787623
2025-03-02 21:21:07,1.787623
2025-03-02 21:21:37,1.787623
2025-03-02 21:22:08,1.787623
2025-03-02 21:22:38,1.787623
2025-03-02 21:23:08,1.787623
2025-03-02 21:23:38,1.787623
2025-03-02 21:24:08,1.787623
2025-03-02 21:24:38,1.787623
2025-03-02 21:25:08,1.787623
2025-03-02 21:25:39,1.787623
2025-03-02 21:26:09,1.787623
2025-03-02 21:26:39,1.787623
2025-03-02 21:27:09,1.787623
2025-03-02 21:27:39,1.787623
2025-03-02 21:28:09,1.787623
2025-03-02 21:28:39,1.787623
2025-03-02 21:29:09,1.787623
2025-03-02 21:29:40,1.787623
2025-03-02 21:30:10,1.787623
2025-03-02 21:30:40,1.787623
2025-03-02 21:31:10,1.787623
2025-03-02 21:31:40,1.787623
2025-03-02 21:32:10,1.787623
2025-03-02 21:32:40,1.787623
2025-03-02 21:33:10,1.787623
2025-03-02 21:33:41,1.787623
2025-03-02 21:34:11,1.787623
2025-03-02 21:34:41,1.787623
2025-03-02 21:35:11,1.787623
2025-03-02 21:35:41,1.787623
2025-03-02 21:36:12,1.787623
2025-03-02 21:36:42,1.787623
2025-03-02 21:37:12,1.787623
2025-03-02 21:37:42,1.787623
2025-03-02 21:38:12,1.787623
2025-03-02 21:38:42,1.787623
2025-03-02 21:39:12,1.787623
2025-03-02 21:39:42,1.787623
2025-03-02 21:40:13,1.787623
2025-03-02 21:40:43,1.787623
2025-03-02 21:41:13,1.787623
2025-03-02 21:41:43,1.787623
2025-03-02 21:42:13,1.787623
2025-03-02 21:42:43,1.787623
2025-03-02 21:43:13,1.787623
2025-03-02 21:43:44,1.787623
2025-03-02 21:44:14,1.787623
2025-03-02 21:44:44,1.787623
2025-03-02 21:45:14,1.787623
2025-03-02 21:45:44,1.787623
2025-03-02 21:46:14,1.787623
2025-03-02 21:46:44,1.787623
2025-03-02 21:47:14,1.787623
2025-03-02 21:47:45,1.787623
2025-03-02 21:48:15,1.787623
2025-03-02 21:48:45,1.787623
2025-03-02 21:49:15,1.787623
2025-03-02 21:49:45,1.787623
2025-03-02 21:50:15,1.787623
2025-03-02 21:50:46,1.787623
2025-03-02 21:51:16,1.787623
2025-03-02 21:51:46,1.787623
2025-03-02 21:52:16,1.787623
2025-03-02 21:52:46,1.787623
2025-03-02 21:53:16,1.787623
2025-03-02 21:53:46,1.787623
2025-03-02 21:54:16,1.787623
2025-03-02 21:54:47,1.787623
2025-03-02 21:55:17,1.787623
2025-03-02 21:55:47,1.787623
2025-03-02 21:56:17,1.787623
2025-03-02 21:56:47,1.787623
2025-03-02 21:57:17,1.787623
2025-03-02 21:57:47,1.787623
2025-03-02 21:58:18,1.787623
2025-03-02 21:58:48,1.787623
2025-03-02 21:59:18,1.787623
2025-03-02 21:59:48,1.787623
2025-03-02 22:00:18,1.787623
2025-03-02 22:00:48,1.787623
2025-03-02 22:01:18,1.787623
2025-03-02 22:01:48,1.787623
2025-03-02 22:02:19,1.787623
2025-03-02 22:02:49,1.787623
2025-03-02 22:03:19,1.787623
2025-03-02 22:03:49,1.787623
2025-03-02 22:04:19,1.787623
2025-03-02 22:04:49,1.787623
2025-03-02 22:05:19,1.787623
2025-03-02 22:05:50,1.787623
2025-03-02 22:06:20,1.787623
2025-03-02 22:06:50,1.787623
2025-03-02 22:07:20,1.787623
2025-03-02 22:07:50,1.787623
2025-03-02 22:08:20,1.787623
2025-03-02 22:08:50,1.787623
2025-03-02 22:09:21,1.787623
2025-03-02 22:09:51,1.787623
2025-03-02 22:10:21,1.787623
2025-03-02 22:10:51,1.787623
2025-03-02 22:11:21,1.787623
2025-03-02 22:11:51,1.787623
2025-03-02 22:12:21,1.787623
2025-03-02 22:12:51,1.787623
2025-03-02 22:13:22,1.787623
2025-03-02 22:13:52,1.787623
2025-03-02 22:14:22,1.787623
2025-03-02 22:14:52,1.787623
2025-03-02 22:15:22,1.787623
2025-03-02 22:15:52,1.787623
2025-03-02 22:16:22,1.787623
2025-03-02 22:16:52,1.787623
2025-03-02 22:17:23,1.787623
2025-03-02 22:17:53,1.787623
2025-03-02 22:18:23,1.787623
2025-03-02 22:18:53,1.787623
2025-03-02 22:19:23,1.787623
2025-03-02 22:19:53,1.787623
2025-03-02 22:20:23,1.787623
2025-03-02 22:20:54,1.787623
2025-03-02 22:21:24,1.787623
2025-03-02 22:21:54,1.787623
2025-03-02 22:22:24,1.787623
2025-03-02 22:22:54,1.787623
2025-03-02 22:23:24,1.787623
2025-03-02 22:23:54,1.787623
2025-03-02 22:24:25,1.787623
2025-03-02 22:24:55,1.787623
2025-03-02 22:25:25,1.787623
2025-03-02 22:25:55,1.787623
2025-03-02 22:26:25,1.787623
2025-03-02 22:26:55,1.787623
2025-03-02 22:27:25,1.787623
2025-03-02 22:27:55,1.787623
2025-03-02 22:28:26,1.787623
2025-03-02 22:28:56,1.787623
2025-03-02 22:29:26,1.787623
2025-03-02 22:29:56,1.787623
2025-03-02 22:30:26,1.787623
2025-03-02 22:30:56,1.787623
2025-03-02 22:31:26,1.787623
2025-03-02 22:31:56,1.787623
2025-03-02 22:32:27,1.787623
2025-03-02 22:32:57,1.787623
2025-03-02 22:33:27,1.787623
2025-03-02 22:33:57,1.787623
2025-03-02 22:34:27,1.787623
2025-03-02 22:34:57,1.787623
2025-03-02 22:35:27,1.787623
2025-03-02 22:35:58,1.787623
2025-03-02 22:36:28,1.787623
2025-03-02 22:36:58,1.787623
2025-03-02 22:37:28,1.787623
2025-03-02 22:37:58,1.787623
2025-03-02 22:38:28,1.787623
2025-03-02 22:38:59,1.787623
2025-03-02 22:39:29,1.787623
2025-03-02 22:39:59,1.787623
2025-03-02 22:40:29,1.787623
2025-03-02 22:40:59,1.787623
2025-03-02 22:41:29,1.787623
2025-03-02 22:41:59,1.787623
2025-03-02 22:42:29,1.787623
2025-03-02 22:43:00,1.787623
2025-03-02 22:43:30,1.787623
2025-03-02 22:44:00,1.787623
2025-03-02 22:44:30,1.787623
2025-03-02 22:45:00,1.787623
2025-03-02 22:45:30,1.787623
2025-03-02 22:46:00,1.787623
2025-03-02 22:46:31,1.787623
2025-03-02 22:47:01,1.787623
2025-03-02 22:47:31,1.787623
2025-03-02 22:48:01,1.787623
2025-03-02 22:48:31,1.787623
2025-03-02 22:49:01,1.787623
2025-03-02 22:49:31,1.787623
2025-03-02 22:50:01,1.787623
2025-03-02 22:50:32,1.787623
2025-03-02 22:51:02,1.787623
2025-03-02 22:51:32,1.787623
2025-03-02 22:52:02,1.787623
2025-03-02 22:52:32,1.787623
2025-03-02 22:53:02,1.787623
2025-03-02 22:53:32,1.787623
2025-03-02 22:54:03,1.787623
2025-03-02 22:54:33,1.787623
2025-03-02 22:55:03,1.787623
2025-03-02 22:55:33,1.787623
2025-03-02 22:56:03,1.787623
2025-03-02 22:56:33,1.787623
2025-03-02 22:57:03,1.787623
2025-03-02 22:57:33,1.787623
2025-03-02 22:58:04,1.787623
2025-03-02 22:58:34,1.787623
2025-03-02 22:59:04,1.787623
2025-03-02 22:59:34,1.787623
2025-03-02 23:00:04,1.787623
2025-03-02 23:00:34,1.787623
2025-03-02 23:01:04,1.787623
2025-03-02 23:01:35,1.787623
2025-03-02 23:02:05,1.787623
2025-03-02 23:02:35,1.787623
2025-03-02 23:03:05,1.787623
2025-03-02 23:03:35,1.787623
2025-03-02 23:04:05,1.787623
2025-03-02 23:04:35,1.787623
2025-03-02 23:05:05,1.787623
2025-03-02 23:05:36,1.787623
2025-03-02 23:06:06,1.787623
2025-03-02 23:06:36,1.787623
2025-03-02 23:07:06,1.787623
2025-03-02 23:07:36,1.787623
2025-03-02 23:08:06,1.787623
2025-03-02 23:08:36,1.787623
2025-03-02 23:09:07,1.787623
2025-03-02 23:09:37,1.787623
2025-03-02 23:10:07,1.787623
2025-03-02 23:10:37,1.787623
2025-03-02 23:11:07,1.787623
2025-03-02 23:11:37,1.787623
2025-03-02 23:12:07,1.787623
2025-03-02 23:12:37,1.787623
2025-03-02 23:13:08,1.787623
2025-03-02 23:13:38,1.787623
2025-03-02 23:14:08,1.787623
2025-03-02 23:14:38,1.787623
2025-03-02 23:15:08,1.787623
2025-03-02 23:15:38,1.787623
2025-03-02 23:16:08,1.787623
2025-03-02 23:16:38,1.787623
2025-03-02 23:17:09,1.787623
2025-03-02 23:17:39,1.787623
2025-03-02 23:18:09,1.787623
2025-03-02 23:18:39,1.787623
2025-03-02 23:19:09,1.787623
2025-03-02 23:19:39,1.787623
2025-03-02 23:20:09,1.787623
2025-03-02 23:20:39,1.787623
2025-03-02 23:21:10,1.787623
2025-03-02 23:21:40,1.787623
2025-03-02 23:22:10,1.787623
2025-03-02 23:22:40,1.787623
2025-03-02 23:23:10,1.787623
2025-03-02 23:23:40,1.787623
2025-03-02 23:24:10,1.787623
2025-03-02 23:24:41,1.787623
2025-03-02 23:25:11,1.787623
2025-03-02 23:25:41,1.787623
2025-03-02 23:26:11,1.787623
2025-03-02 23:26:41,1.787623
2025-03-02 23:27:11,1.787623
2025-03-02 23:27:42,1.787623
2025-03-02 23:28:12,1.787623
2025-03-02 23:28:42,1.787623
2025-03-02 23:29:12,1.787623
2025-03-02 23:29:42,1.787623
2025-03-02 23:30:12,1.787623
2025-03-02 23:30:42,1.787623
2025-03-02 23:31:13,1.787623
2025-03-02 23:31:43,1.787623
2025-03-02 23:32:13,1.787623
2025-03-02 23:32:43,1.787623
2025-03-02 23:33:13,1.787623
2025-03-02 23:33:43,1.787623
2025-03-02 23:34:13,1.787623
2025-03-02 23:34:44,1.787623
2025-03-02 23:35:14,1.787623
2025-03-02 23:35:44,1.787623
2025-03-02 23:36:14,1.787623
2025-03-02 23:36:44,1.787623
2025-03-02 23:37:14,1.787623
2025-03-02 23:37:44,1.787623
2025-03-02 23:38:14,1.787623
2025-03-02 23:38:45,1.787623
2025-03-02 23:39:15,1.787623
2025-03-02 23:39:45,1.787623
2025-03-02 23:40:15,1.787623
2025-03-02 23:40:45,1.787623
2025-03-02 23:41:15,1.787623
2025-03-02 23:41:46,1.787623
2025-03-02 23:42:16,1.787623
2025-03-02 23:42:46,1.787623
2025-03-02 23:43:16,1.787623
2025-03-02 23:43:46,1.787623
2025-03-02 23:44:16,1.787623
2025-03-02 23:44:46,1.787623
2025-03-02 23:45:17,1.787623
2025-03-02 23:45:47,1.787623
2025-03-02 23:46:17,1.787623
2025-03-02 23:46:47,1.787623
2025-03-02 23:47:17,1.787623
2025-03-02 23:47:47,1.787623
2025-03-02 23:48:17,1.787623
2025-03-02 23:48:47,1.787623
2025-03-02 23:49:18,1.787623
2025-03-02 23:49:48,1.787623
2025-03-02 23:50:18,1.787623
2025-03-02 23:50:49,1.787623
2025-03-02 23:51:19,1.787623
2025-03-02 23:51:49,1.787623
2025-03-02 23:52:19,1.787623
2025-03-02 23:52:49,1.787623
2025-03-02 23:53:19,1.787623
2025-03-02 23:53:49,1.787623
2025-03-02 23:54:19,1.787623
2025-03-02 23:54:50,1.787623
2025-03-02 23:55:20,1.787623
2025-03-02 23:55:50,1.787623
2025-03-02 23:56:20,1.787623
2025-03-02 23:56:50,1.787623
2025-03-02 23:57:20,1.787623
2025-03-02 23:57:51,1.787623
2025-03-02 23:58:21,1.787623
2025-03-02 23:58:51,1.787623
2025-03-02 23:59:21,1.787623
2025-03-02 23:59:51,1.787623
2025-03-03 00:00:21,1.787623
2025-03-03 00:00:51,1.787623
2025-03-03 00:01:21,1.787623
2025-03-03 00:01:52,1.787623
2025-03-03 00:02:22,1.787623
2025-03-03 00:02:52,1.787623
2025-03-03 00:03:22,1.787623
2025-03-03 00:03:52,1.787623
2025-03-03 00:04:22,1.787623
2025-03-03 00:04:52,1.787623
2025-03-03 00:05:22,1.787623
2025-03-03 00:05:53,1.787623
2025-03-03 00:06:23,1.787623
2025-03-03 00:06:53,1.787623
2025-03-03 00:07:23,1.787623
2025-03-03 00:07:53,1.787623
2025-03-03 00:08:23,1.787623
2025-03-03 00:08:53,1.787623
2025-03-03 00:09:24,1.787623
2025-03-03 00:09:54,1.787623
2025-03-03 00:10:24,1.787623
2025-03-03 00:10:54,1.787623
2025-03-03 00:11:24,1.787623
2025-03-03 00:11:54,1.787623
2025-03-03 00:12:24,1.787623
2025-03-03 00:12:54,1.787623
2025-03-03 00:13:25,1.787623
2025-03-03 00:13:55,1.787623
2025-03-03 00:14:25,1.787623
2025-03-03 00:14:55,1.787623
2025-03-03 00:15:25,1.787623
2025-03-03 00:15:55,1.787623
2025-03-03 00:16:25,1.787623
2025-03-03 00:16:55,1.787623
2025-03-03 00:17:26,1.787623
2025-03-03 00:17:56,1.787623
2025-03-03 00:18:26,1.787623
2025-03-03 00:18:56,1.787623
2025-03-03 00:19:26,1.787623
2025-03-03 00:19:56,1.787623
2025-03-03 00:20:26,1.787623
2025-03-03 00:20:57,1.787623
2025-03-03 00:21:27,1.787623
2025-03-03 00:21:57,1.787623
2025-03-03 00:22:27,1.787623
2025-03-03 00:22:57,1.787623
2025-03-03 00:23:27,1.787623
2025-03-03 00:23:57,1.787623
2025-03-03 00:24:27,1.787623
2025-03-03 00:24:58,1.787623
2025-03-03 00:25:28,1.787623
2025-03-03 00:25:58,1.787623
2025-03-03 00:26:28,1.787623
2025-03-03 00:26:58,1.787623
2025-03-03 00:27:28,1.787623
2025-03-03 00:27:59,1.787623
2025-03-03 00:28:29,1.787623
2025-03-03 00:28:59,1.787623
2025-03-03 00:29:29,1.787623
2025-03-03 00:29:59,1.787623
2025-03-03 00:30:29,1.787623
2025-03-03 00:31:00,1.787623
2025-03-03 00:31:30,1.787623
2025-03-03 00:32:00,1.787623
2025-03-03 00:32:30,1.787623
2025-03-03 00:33:00,1.787623
2025-03-03 00:33:30,1.787623
2025-03-03 00:34:00,1.787623
2025-03-03 00:34:30,1.787623
2025-03-03 00:35:01,1.787623
2025-03-03 00:35:31,1.787623
2025-03-03 00:36:01,1.787623
2025-03-03 00:36:31,1.787623
2025-03-03 00:37:01,1.787623
2025-03-03 00:37:31,1.787623
2025-03-03 00:38:01,1.787623
2025-03-03 00:38:31,1.787623
2025-03-03 00:39:02,1.787623
2025-03-03 00:39:32,1.787623
2025-03-03 00:40:02,1.787623
2025-03-03 00:40:32,1.787623
2025-03-03 00:41:02,1.787623
2025-03-03 00:41:32,1.787623
2025-03-03 00:42:02,1.787623
2025-03-03 00:42:33,1.787623
2025-03-03 00:43:03,1.787623
2025-03-03 00:43:33,1.787623
2025-03-03 00:44:03,1.787623
2025-03-03 00:44:33,1.787623
2025-03-03 00:45:03,1.787623
2025-03-03 00:45:34,1.787623
2025-03-03 00:46:04,1.787623
2025-03-03 00:46:34,1.787623
2025-03-03 00:47:04,1.787623
2025-03-03 00:47:34,1.787623
2025-03-03 00:48:04,1.787623
2025-03-03 00:48:34,1.787623
2025-03-03 00:49:04,1.787623
2025-03-03 00:49:35,1.787623
2025-03-03 00:50:05,1.787623
2025-03-03 00:50:35,1.787623
2025-03-03 00:51:05,1.787623
2025-03-03 00:51:36,1.787623
2025-03-03 00:52:06,1.787623
2025-03-03 00:52:36,1.787623
2025-03-03 00:53:06,1.787623
2025-03-03 00:53:36,1.787623
2025-03-03 00:54:06,1.787623
2025-03-03 00:54:36,1.787623
2025-03-03 00:55:07,1.787623
2025-03-03 00:55:37,1.787623
2025-03-03 00:56:07,1.787623
2025-03-03 00:56:37,1.787623
2025-03-03 00:57:07,1.787623
2025-03-03 00:57:37,1.787623
2025-03-03 00:58:07,1.787623
2025-03-03 00:58:38,1.787623
2025-03-03 00:59:08,1.787623
2025-03-03 00:59:38,1.787623
2025-03-03 01:00:08,1.787623
2025-03-03 01:00:38,1.787623
2025-03-03 01:01:08,1.787623
2025-03-03 01:01:38,1.787623
2025-03-03 01:02:09,1.787623
2025-03-03 01:02:39,1.787623
2025-03-03 01:03:09,1.787623
2025-03-03 01:03:39,1.787623
2025-03-03 01:04:09,1.787623
2025-03-03 01:04:39,1.787623
2025-03-03 01:05:09,1.787623
2025-03-03 01:05:40,1.787623
2025-03-03 01:06:10,1.787623
2025-03-03 01:06:40,1.787623
2025-03-03 01:07:10,1.787623
2025-03-03 01:07:40,1.787623
2025-03-03 01:08:10,1.787623
2025-03-03 01:08:40,1.787623
2025-03-03 01:09:10,1.787623
2025-03-03 01:09:41,1.787623
2025-03-03 01:10:11,1.787623
2025-03-03 01:10:41,1.787623
2025-03-03 01:11:11,1.787623
2025-03-03 01:11:41,1.787623
2025-03-03 01:12:11,1.787623
2025-03-03 01:12:41,1.787623
2025-03-03 01:13:11,1.787623
2025-03-03 01:13:42,1.787623
2025-03-03 01:14:12,1.787623
2025-03-03 01:14:42,1.787623
2025-03-03 01:15:12,1.787623
2025-03-03 01:15:42,1.787623
2025-03-03 01:16:12,1.787623
2025-03-03 01:16:43,1.787623
2025-03-03 01:17:13,1.787623
2025-03-03 01:17:43,1.787623
2025-03-03 01:18:13,1.787623
2025-03-03 01:18:43,1.787623
2025-03-03 01:19:13,1.787623
2025-03-03 01:19:43,1.787623
2025-03-03 01:20:14,1.787623
2025-03-03 01:20:44,1.787623
2025-03-03 01:21:14,1.787623
2025-03-03 01:21:44,1.787623
2025-03-03 01:22:14,1.787623
2025-03-03 01:22:44,1.787623
2025-03-03 01:23:14,1.787623
2025-03-03 01:23:44,1.787623
2025-03-03 01:24:15,1.787623
2025-03-03 01:24:45,1.787623
2025-03-03 01:25:15,1.787623
2025-03-03 01:25:45,1.787623
2025-03-03 01:26:15,1.787623
2025-03-03 01:26:45,1.787623
2025-03-03 01:27:15,1.787623
2025-03-03 01:27:46,1.787623
2025-03-03 01:28:16,1.787623
2025-03-03 01:28:46,1.787623
2025-03-03 01:29:16,1.787623
2025-03-03 01:29:46,1.787623
2025-03-03 01:30:16,1.787623
2025-03-03 01:30:47,1.787623
2025-03-03 01:31:17,1.787623
2025-03-03 01:31:47,1.787623
2025-03-03 01:32:17,1.787623
2025-03-03 01:32:47,1.787623
2025-03-03 01:33:17,1.787623
2025-03-03 01:33:47,1.787623
2025-03-03 01:34:17,1.787623
2025-03-03 01:34:48,1.787623
2025-03-03 01:35:18,1.787623
2025-03-03 01:35:48,1.787623
2025-03-03 01:36:18,1.787623
2025-03-03 01:36:48,1.787623
2025-03-03 01:37:18,1.787623
2025-03-03 01:37:48,1.787623
2025-03-03 01:38:19,1.787623
2025-03-03 01:38:49,1.787623
2025-03-03 01:39:19,1.787623
2025-03-03 01:39:49,1.787623
2025-03-03 01:40:19,1.787623
2025-03-03 01:40:49,1.787623
2025-03-03 01:41:19,1.787623
2025-03-03 01:41:49,1.787623
2025-03-03 01:42:20,1.787623
2025-03-03 01:42:50,1.787623
2025-03-03 01:43:20,1.787623
2025-03-03 01:43:50,1.787623
2025-03-03 01:44:20,1.787623
2025-03-03 01:44:50,1.787623
2025-03-03 01:45:20,1.787623
2025-03-03 01:45:51,1.787623
2025-03-03 01:46:21,1.787623
2025-03-03 01:46:51,1.787623
2025-03-03 01:47:21,1.787623
2025-03-03 01:47:51,1.787623
2025-03-03 01:48:21,1.787623
2025-03-03 01:48:51,1.787623
2025-03-03 01:49:21,1.787623
2025-03-03 01:49:52,1.787623
2025-03-03 01:50:22,1.787623
2025-03-03 01:50:52,1.785063
2025-03-03 01:51:22,1.785063
2025-03-03 01:51:52,1.785063
2025-03-03 01:52:22,1.785063
2025-03-03 01:52:52,1.785063
2025-03-03 01:53:23,1.785063
2025-03-03 01:53:53,1.785063
2025-03-03 01:54:23,1.785063
2025-03-03 01:54:53,1.785063
2025-03-03 01:55:23,1.785063
2025-03-03 01:55:53,1.785063
2025-03-03 01:56:23,1.785063
2025-03-03 01:56:53,1.785063
2025-03-03 01:57:24,1.785063
2025-03-03 01:57:54,1.785063
2025-03-03 01:58:24,1.785063
2025-03-03 01:58:54,1.785063
2025-03-03 01:59:24,1.785063
2025-03-03 01:59:54,1.785063
2025-03-03 02:00:24,1.785063
2025-03-03 02:00:55,1.785063
2025-03-03 02:01:25,1.785063
2025-03-03 02:01:55,1.785063
2025-03-03 02:02:25,1.785063
2025-03-03 02:02:55,1.785063
2025-03-03 02:03:25,1.785063
2025-03-03 02:03:55,1.785063
2025-03-03 02:04:26,1.785063
2025-03-03 02:04:56,1.785063
2025-03-03 02:05:26,1.785063
2025-03-03 02:05:56,1.785063
2025-03-03 02:06:26,1.785063
2025-03-03 02:06:56,1.785063
2025-03-03 02:07:26,1.785063
2025-03-03 02:07:57,1.785063
2025-03-03 02:08:27,1.785063
2025-03-03 02:08:57,1.785063
2025-03-03 02:09:27,1.785063
2025-03-03 02:09:57,1.785063
2025-03-03 02:10:27,1.785063
2025-03-03 02:10:57,1.785063
2025-03-03 02:11:28,1.785063
2025-03-03 02:11:58,1.785063
2025-03-03 02:12:28,1.785063
2025-03-03 02:12:58,1.785063
2025-03-03 02:13:28,1.785063
2025-03-03 02:13:58,1.785063
2025-03-03 02:14:28,1.785063
2025-03-03 02:14:58,1.785063
2025-03-03 02:15:29,1.785063
2025-03-03 02:15:59,1.785063
2025-03-03 02:16:29,1.785063
2025-03-03 02:16:59,1.785063
2025-03-03 02:17:29,1.785063
2025-03-03 02:17:59,1.785063
2025-03-03 02:18:30,1.785063
2025-03-03 02:19:00,1.785063
2025-03-03 02:19:30,1.785063
2025-03-03 02:20:00,1.785063
2025-03-03 02:20:30,1.785063
2025-03-03 02:21:00,1.785063
2025-03-03 02:21:30,1.785063
2025-03-03 02:22:00,1.785063
2025-03-03 02:22:31,1.785063
2025-03-03 02:23:01,1.785063
2025-03-03 02:23:31,1.785063
2025-03-03 02:24:01,1.785063
2025-03-03 02:24:31,1.785063
2025-03-03 02:25:01,1.785063
2025-03-03 02:25:31,1.785063
2025-03-03 02:26:01,1.785063
2025-03-03 02:26:32,1.785063
2025-03-03 02:27:02,1.785063
2025-03-03 02:27:32,1.785063
2025-03-03 02:28:02,1.785063
2025-03-03 02:28:32,1.785063
2025-03-03 02:29:02,1.785063
2025-03-03 02:29:32,1.785063
2025-03-03 02:30:02,1.785063
2025-03-03 02:30:33,1.785063
2025-03-03 02:31:03,1.785063
2025-03-03 02:31:33,1.785063
2025-03-03 02:32:03,1.785063
2025-03-03 02:32:33,1.785063
2025-03-03 02:33:03,1.785063
2025-03-03 02:33:34,1.785063
2025-03-03 02:34:04,1.785063
2025-03-03 02:34:34,1.785063
2025-03-03 02:35:04,1.785063
2025-03-03 02:35:34,1.785063
2025-03-03 02:36:04,1.785063
2025-03-03 02:36:34,1.785063
2025-03-03 02:37:05,1.785063
2025-03-03 02:37:35,1.785063
2025-03-03 02:38:05,1.785063
2025-03-03 02:38:35,1.785063
2025-03-03 02:39:05,1.785063
2025-03-03 02:39:35,1.785063
2025-03-03 02:40:05,1.785063
2025-03-03 02:40:35,1.785063
2025-03-03 02:41:06,1.785063
2025-03-03 02:41:36,1.785063
2025-03-03 02:42:06,1.785063
2025-03-03 02:42:36,1.785063
2025-03-03 02:43:06,1.785063
2025-03-03 02:43:36,1.785063
2025-03-03 02:44:06,1.785063
2025-03-03 02:44:36,1.785063
2025-03-03 02:45:07,1.785063
2025-03-03 02:45:37,1.785063
2025-03-03 02:46:07,1.785063
2025-03-03 02:46:37,1.785063
2025-03-03 02:47:07,1.785063
2025-03-03 02:47:37,1.785063
2025-03-03 02:48:07,1.785063
2025-03-03 02:48:38,1.785063
2025-03-03 02:49:08,1.785063
2025-03-03 02:49:38,1.785063
2025-03-03 02:50:08,1.785063
2025-03-03 02:50:38,1.785063
2025-03-03 02:51:08,1.785063
2025-03-03 02:51:38,1.785063
2025-03-03 02:52:08,1.785063
2025-03-03 02:52:38,1.785063
2025-03-03 02:53:09,1.785063
2025-03-03 02:53:39,1.785063
2025-03-03 02:54:09,1.785063
2025-03-03 02:54:39,1.785063
2025-03-03 02:55:09,1.785063
2025-03-03 02:55:39,1.785063
2025-03-03 02:56:09,1.785063
2025-03-03 02:56:40,1.785063
2025-03-03 02:57:10,1.785063
2025-03-03 02:57:40,1.785063
2025-03-03 02:58:10,1.785063
2025-03-03 02:58:40,1.785063
2025-03-03 02:59:10,1.785063
2025-03-03 02:59:40,1.785063
2025-03-03 03:00:11,1.785063
2025-03-03 03:00:41,1.785063
2025-03-03 03:01:11,1.785063
2025-03-03 03:01:41,1.785063
2025-03-03 03:02:11,1.785063
2025-03-03 03:02:41,1.785063
2025-03-03 03:03:11,1.785063
2025-03-03 03:03:42,1.785063
2025-03-03 03:04:12,1.785063
2025-03-03 03:04:42,1.785063
2025-03-03 03:05:12,1.785063
2025-03-03 03:05:42,1.785063
2025-03-03 03:06:12,1.785063
2025-03-03 03:06:43,1.785063
2025-03-03 03:07:13,1.785063
2025-03-03 03:07:43,1.785063
2025-03-03 03:08:13,1.785063
2025-03-03 03:08:43,1.785063
2025-03-03 03:09:13,1.785063
2025-03-03 03:09:43,1.785063
2025-03-03 03:10:13,1.785063
2025-03-03 03:10:44,1.785063
2025-03-03 03:11:14,1.785063
2025-03-03 03:11:44,1.785063
2025-03-03 03:12:14,1.785063
2025-03-03 03:12:44,1.785063
2025-03-03 03:13:14,1.785063
2025-03-03 03:13:44,1.785063
2025-03-03 03:14:15,1.785063
2025-03-03 03:14:45,1.785063
2025-03-03 03:15:15,1.785063
2025-03-03 03:15:45,1.785063
2025-03-03 03:16:15,1.785063
2025-03-03 03:16:45,1.785063
2025-03-03 03:17:15,1.785063
2025-03-03 03:17:45,1.785063
2025-03-03 03:18:16,1.785063
2025-03-03 03:18:46,1.785063
2025-03-03 03:19:16,1.785063
2025-03-03 03:19:46,1.785063
2025-03-03 03:20:16,1.785063
2025-03-03 03:20:47,1.785063
2025-03-03 03:21:17,1.785063
2025-03-03 03:21:47,1.785063
2025-03-03 03:22:17,1.785063
2025-03-03 03:22:47,1.785063
2025-03-03 03:23:17,1.785063
2025-03-03 03:23:47,1.785063
2025-03-03 03:24:17,1.785063
2025-03-03 03:24:48,1.785063
2025-03-03 03:25:18,1.785063
2025-03-03 03:25:48,1.785063
2025-03-03 03:26:18,1.785063
2025-03-03 03:26:48,1.785063
2025-03-03 03:27:18,1.785063
2025-03-03 03:27:48,1.785063
2025-03-03 03:28:18,1.785063
2025-03-03 03:28:49,1.785063
2025-03-03 03:29:19,1.785063
2025-03-03 03:29:49,1.785063
2025-03-03 03:30:19,1.785063
2025-03-03 03:30:49,1.785063
2025-03-03 03:31:19,1.785063
2025-03-03 03:31:49,1.785063
2025-03-03 03:32:19,1.785063
2025-03-03 03:32:50,1.785063
2025-03-03 03:33:20,1.785063
2025-03-03 03:33:50,1.785063
2025-03-03 03:34:20,1.785063
2025-03-03 03:34:50,1.785063
2025-03-03 03:35:20,1.785063
2025-03-03 03:35:50,1.785063
2025-03-03 03:36:20,1.785063
2025-03-03 03:36:50,1.785063
2025-03-03 03:37:21,1.785063
2025-03-03 03:37:51,1.785063
2025-03-03 03:38:21,1.785063
2025-03-03 03:38:51,1.785063
2025-03-03 03:39:21,1.785063
2025-03-03 03:39:51,1.785063
2025-03-03 03:40:21,1.785063
2025-03-03 03:40:51,1.785063
2025-03-03 03:41:22,1.785063
2025-03-03 03:41:52,1.785063
2025-03-03 03:42:22,1.785063
2025-03-03 03:42:52,1.785063
2025-03-03 03:43:22,1.785063
2025-03-03 03:43:52,1.785063
2025-03-03 03:44:22,1.785063
2025-03-03 03:44:52,1.785063
2025-03-03 03:45:23,1.785063
2025-03-03 03:45:53,1.785063
2025-03-03 03:46:23,1.785063
2025-03-03 03:46:53,1.785063
2025-03-03 03:47:23,1.785063
2025-03-03 03:47:53,1.785063
2025-03-03 03:48:23,1.785063
2025-03-03 03:48:53,1.785063
2025-03-03 03:49:24,1.785063
2025-03-03 03:49:54,1.785063
2025-03-03 03:50:24,1.785063
2025-03-03 03:50:54,1.785063
2025-03-03 03:51:24,1.785063
2025-03-03 03:51:54,1.785063
2025-03-03 03:52:24,1.785063
2025-03-03 03:52:55,1.785063
2025-03-03 03:53:25,1.785063
2025-03-03 03:53:55,1.785063
2025-03-03 03:54:25,1.785063
2025-03-03 03:54:55,1.785063
2025-03-03 03:55:25,1.785063
2025-03-03 03:55:55,1.785063
2025-03-03 03:56:26,1.785063
2025-03-03 03:56:56,1.785063
2025-03-03 03:57:26,1.785063
2025-03-03 03:57:56,1.785063
2025-03-03 03:58:26,1.785063
2025-03-03 03:58:56,1.785063
2025-03-03 03:59:26,1.785063
2025-03-03 03:59:56,1.785063
2025-03-03 04:00:27,1.785063
2025-03-03 04:00:57,1.785063
2025-03-03 04:01:27,1.785063
2025-03-03 04:01:57,1.785063
2025-03-03 04:02:27,1.785063
2025-03-03 04:02:57,1.785063
2025-03-03 04:03:27,1.785063
2025-03-03 04:03:57,1.785063
2025-03-03 04:04:27,1.785063
2025-03-03 04:04:58,1.785063
2025-03-03 04:05:28,1.785063
2025-03-03 04:05:58,1.785063
2025-03-03 04:06:28,1.785063
2025-03-03 04:06:58,1.785063
2025-03-03 04:07:28,1.785063
2025-03-03 04:07:58,1.785063
2025-03-03 04:08:28,1.785063
2025-03-03 04:08:59,1.785063
2025-03-03 04:09:29,1.785063
2025-03-03 04:09:59,1.785063
2025-03-03 04:10:29,1.785063
2025-03-03 04:10:59,1.785063
2025-03-03 04:11:29,1.785063
2025-03-03 04:11:59,1.785063
2025-03-03 04:12:29,1.785063
2025-03-03 04:13:00,1.785063
2025-03-03 04:13:30,1.785063
2025-03-03 04:14:00,1.785063
2025-03-03 04:14:30,1.785063
2025-03-03 04:15:00,1.785063
2025-03-03 04:15:30,1.785063
2025-03-03 04:16:00,1.785063
2025-03-03 04:16:30,1.785063
2025-03-03 04:17:01,1.785063
2025-03-03 04:17:31,1.785063
2025-03-03 04:18:01,1.785063
2025-03-03 04:18:31,1.785063
2025-03-03 04:19:01,1.785063
2025-03-03 04:19:31,1.785063
2025-03-03 04:20:01,1.785063
2025-03-03 04:20:32,1.785063
2025-03-03 04:21:02,1.785063
2025-03-03 04:21:32,1.785063
2025-03-03 04:22:02,1.785063
2025-03-03 04:22:32,1.785063
2025-03-03 04:23:02,1.785063
2025-03-03 04:23:32,1.785063
2025-03-03 04:24:02,1.785063
2025-03-03 04:24:33,1.785063
2025-03-03 04:25:03,1.785063
2025-03-03 04:25:33,1.785063
2025-03-03 04:26:03,1.785063
2025-03-03 04:26:33,1.785063
2025-03-03 04:27:03,1.785063
2025-03-03 04:27:33,1.785063
2025-03-03 04:28:03,1.785063
2025-03-03 04:28:34,1.785063
2025-03-03 04:29:04,1.785063
2025-03-03 04:29:34,1.785063
2025-03-03 04:30:04,1.785063
2025-03-03 04:30:34,1.785063
2025-03-03 04:31:04,1.785063
2025-03-03 04:31:34,1.785063
2025-03-03 04:32:04,1.785063
2025-03-03 04:32:35,1.785063
2025-03-03 04:33:05,1.785063
2025-03-03 04:33:35,1.785063
2025-03-03 04:34:05,1.785063
2025-03-03 04:34:35,1.785063
2025-03-03 04:35:05,1.785063
2025-03-03 04:35:35,1.785063
2025-03-03 04:36:05,1.785063
2025-03-03 04:36:36,1.785063
2025-03-03 04:37:06,1.785063
2025-03-03 04:37:36,1.785063
2025-03-03 04:38:06,1.785063
2025-03-03 04:38:36,1.785063
2025-03-03 04:39:06,1.785063
2025-03-03 04:39:36,1.785063
2025-03-03 04:40:07,1.785063
2025-03-03 04:40:37,1.785063
2025-03-03 04:41:07,1.785063
2025-03-03 04:41:37,1.785063
2025-03-03 04:42:07,1.785063
2025-03-03 04:42:37,1.785063
2025-03-03 04:43:07,1.785063
2025-03-03 04:43:37,1.785063
2025-03-03 04:44:07,1.785063
2025-03-03 04:44:38,1.785063
2025-03-03 04:45:08,1.785063
2025-03-03 04:45:38,1.785063
2025-03-03 04:46:08,1.785063
2025-03-03 04:46:38,1.785063
2025-03-03 04:47:08,1.785063
2025-03-03 04:47:38,1.785063
2025-03-03 04:48:08,1.785063
2025-03-03 04:48:39,1.785063
2025-03-03 04:49:09,1.785063
2025-03-03 04:49:39,1.785063
2025-03-03 04:50:09,1.785063
2025-03-03 04:50:39,1.785063
2025-03-03 04:51:09,1.785063
2025-03-03 04:51:39,1.785063
2025-03-03 04:52:10,1.785063
2025-03-03 04:52:40,1.785063
2025-03-03 04:53:10,1.785063
2025-03-03 04:53:40,1.785063
2025-03-03 04:54:10,1.785063
2025-03-03 04:54:40,1.785063
2025-03-03 04:55:10,1.785063
2025-03-03 04:55:40,1.785063
2025-03-03 04:56:11,1.785063
2025-03-03 04:56:41,1.785063
2025-03-03 04:57:11,1.785063
2025-03-03 04:57:41,1.785063
2025-03-03 04:58:11,1.785063
2025-03-03 04:58:41,1.785063
2025-03-03 04:59:11,1.785063
2025-03-03 04:59:41,1.785063
2025-03-03 05:00:12,1.785063
2025-03-03 05:00:42,1.785063
2025-03-03 05:01:12,1.785063
2025-03-03 05:01:42,1.785063
2025-03-03 05:02:12,1.785063
2025-03-03 05:02:42,1.785063
2025-03-03 05:03:12,1.785063
2025-03-03 05:03:42,1.785063
2025-03-03 05:04:13,1.785063
2025-03-03 05:04:43,1.785063
2025-03-03 05:05:13,1.785063
2025-03-03 05:05:43,1.785063
2025-03-03 05:06:13,1.785063
2025-03-03 05:06:43,1.785063
2025-03-03 05:07:13,1.785063
2025-03-03 05:07:44,1.785063
2025-03-03 05:08:14,1.785063
2025-03-03 05:08:44,1.785063
2025-03-03 05:09:14,1.785063
2025-03-03 05:09:44,1.785063
2025-03-03 05:10:14,1.785063
2025-03-03 05:10:44,1.785063
2025-03-03 05:11:14,1.785063
2025-03-03 05:11:45,1.785063
2025-03-03 05:12:15,1.785063
2025-03-03 05:12:45,1.785063
2025-03-03 05:13:15,1.785063
2025-03-03 05:13:45,1.785063
2025-03-03 05:14:15,1.785063
2025-03-03 05:14:45,1.785063
2025-03-03 05:15:15,1.785063
2025-03-03 05:15:46,1.785063
2025-03-03 05:16:16,1.785063
2025-03-03 05:16:46,1.785063
2025-03-03 05:17:16,1.785063
2025-03-03 05:17:46,1.785063
2025-03-03 05:18:16,1.785063
2025-03-03 05:18:46,1.785063
2025-03-03 05:19:16,1.785063
2025-03-03 05:19:47,1.785063
2025-03-03 05:20:17,1.785063
2025-03-03 05:20:47,1.785063
2025-03-03 05:21:17,1.785063
2025-03-03 05:21:47,1.785063
2025-03-03 05:22:17,1.785063
2025-03-03 05:22:47,1.785063
2025-03-03 05:23:17,1.785063
2025-03-03 05:23:47,1.785063
2025-03-03 05:24:18,1.785063
2025-03-03 05:24:48,1.785063
2025-03-03 05:25:18,1.785063
2025-03-03 05:25:48,1.785063
2025-03-03 05:26:18,1.785063
2025-03-03 05:26:48,1.785063
2025-03-03 05:27:18,1.785063
2025-03-03 05:27:49,1.785063
2025-03-03 05:28:19,1.785063
2025-03-03 05:28:49,1.785063
2025-03-03 05:29:19,1.785063
2025-03-03 05:29:49,1.785063
2025-03-03 05:30:19,1.785063
2025-03-03 05:30:49,1.785063
2025-03-03 05:31:19,1.785063
2025-03-03 05:31:50,1.785063
2025-03-03 05:32:20,1.785063
2025-03-03 05:32:50,1.785063
2025-03-03 05:33:20,1.785063
2025-03-03 05:33:50,1.785063
2025-03-03 05:34:20,1.785063
2025-03-03 05:34:50,1.785063
2025-03-03 05:35:20,1.785063
2025-03-03 05:35:50,1.785063
2025-03-03 05:36:21,1.785063
2025-03-03 05:36:51,1.785063
2025-03-03 05:37:21,1.785063
2025-03-03 05:37:51,1.785063
2025-03-03 05:38:21,1.785063
2025-03-03 05:38:51,1.785063
2025-03-03 05:39:21,1.785063
2025-03-03 05:39:51,1.785063
2025-03-03 05:40:22,1.785063
2025-03-03 05:40:52,1.785063
2025-03-03 05:41:22,1.785063
2025-03-03 05:41:52,1.785063
2025-03-03 05:42:22,1.785063
2025-03-03 05:42:52,1.785063
2025-03-03 05:43:22,1.785063
2025-03-03 05:43:52,1.785063
2025-03-03 05:44:23,1.785063
2025-03-03 05:44:53,1.785063
2025-03-03 05:45:23,1.785063
2025-03-03 05:45:53,1.785063
2025-03-03 05:46:23,1.785063
2025-03-03 05:46:53,1.785063
2025-03-03 05:47:23,1.785063
2025-03-03 05:47:53,1.785063
2025-03-03 05:48:24,1.785063
2025-03-03 05:48:54,1.785063
2025-03-03 05:49:24,1.785063
2025-03-03 05:49:54,1.785063
2025-03-03 05:50:24,1.785063
2025-03-03 05:50:54,1.785063
2025-03-03 05:51:24,1.785063
2025-03-03 05:51:55,1.785063
2025-03-03 05:52:25,1.785063
2025-03-03 05:52:55,1.785063
2025-03-03 05:53:25,1.785063
2025-03-03 05:53:55,1.785063
2025-03-03 05:54:25,1.785063
2025-03-03 05:54:55,1.785063
2025-03-03 05:55:25,1.785063
2025-03-03 05:55:55,1.785063
2025-03-03 05:56:26,1.785063
2025-03-03 05:56:56,1.785063
2025-03-03 05:57:26,1.785063
2025-03-03 05:57:56,1.785063
2025-03-03 05:58:26,1.785063
2025-03-03 05:58:57,1.785063
2025-03-03 05:59:27,1.785063
2025-03-03 05:59:57,1.785063
2025-03-03 06:00:27,1.785063
2025-03-03 06:00:57,1.785063
2025-03-03 06:01:27,1.785063
2025-03-03 06:01:57,1.785063
2025-03-03 06:02:27,1.785063
2025-03-03 06:02:58,1.785063
2025-03-03 06:03:28,1.785063
2025-03-03 06:03:58,1.785063
2025-03-03 06:04:28,1.785063
2025-03-03 06:04:58,1.785063
2025-03-03 06:05:28,1.785063
2025-03-03 06:05:58,1.785063
2025-03-03 06:06:28,1.785063
2025-03-03 06:06:59,1.785063
2025-03-03 06:07:29,1.785063
2025-03-03 06:07:59,1.785063
2025-03-03 06:08:29,1.785063
2025-03-03 06:08:59,1.785063
2025-03-03 06:09:29,1.785063
2025-03-03 06:09:59,1.785063
2025-03-03 06:10:29,1.785063
2025-03-03 06:11:00,1.785063
2025-03-03 06:11:30,1.785063
2025-03-03 06:12:00,1.785063
2025-03-03 06:12:30,1.785063
2025-03-03 06:13:00,1.785063
2025-03-03 06:13:30,1.785063
2025-03-03 06:14:00,1.785063
2025-03-03 06:14:31,1.785063
2025-03-03 06:15:01,1.785063
2025-03-03 06:15:31,1.785063
2025-03-03 06:16:01,1.785063
2025-03-03 06:16:31,1.785063
2025-03-03 06:17:01,1.785063
2025-03-03 06:17:31,1.785063
2025-03-03 06:18:01,1.785063
2025-03-03 06:18:32,1.785063
2025-03-03 06:19:02,1.785063
2025-03-03 06:19:32,1.785063
2025-03-03 06:20:02,1.785063
2025-03-03 06:20:32,1.785063
2025-03-03 06:21:02,1.785063
2025-03-03 06:21:32,1.785063
2025-03-03 06:22:03,1.785063
2025-03-03 06:22:33,1.785063
2025-03-03 06:23:03,1.785063
2025-03-03 06:23:33,1.785063
2025-03-03 06:24:03,1.785063
2025-03-03 06:24:33,1.785063
2025-03-03 06:25:03,1.785063
2025-03-03 06:25:33,1.785063
2025-03-03 06:26:03,1.785063
2025-03-03 06:26:34,1.785063
2025-03-03 06:27:04,1.785063
2025-03-03 06:27:34,1.785063
2025-03-03 06:28:04,1.785063
2025-03-03 06:28:34,1.785063
2025-03-03 06:29:04,1.785063
2025-03-03 06:29:34,1.785063
2025-03-03 06:30:04,1.785063
2025-03-03 06:30:35,1.785063
2025-03-03 06:31:05,1.785063
2025-03-03 06:31:35,1.785063
2025-03-03 06:32:05,1.785063
2025-03-03 06:32:35,1.785063
2025-03-03 06:33:05,1.785063
2025-03-03 06:33:35,1.785063
2025-03-03 06:34:06,1.785063
2025-03-03 06:34:36,1.785063
2025-03-03 06:35:06,1.785063
2025-03-03 06:35:36,1.785063
2025-03-03 06:36:06,1.785063
2025-03-03 06:36:36,1.785063
2025-03-03 06:37:06,1.785063
2025-03-03 06:37:36,1.785063
2025-03-03 06:38:07,1.785063
2025-03-03 06:38:37,1.785063
2025-03-03 06:39:07,1.785063
2025-03-03 06:39:37,1.785063
2025-03-03 06:40:07,1.785063
2025-03-03 06:40:37,1.785063
2025-03-03 06:41:07,1.785063
2025-03-03 06:41:38,1.785063
2025-03-03 06:42:08,1.785063
2025-03-03 06:42:38,1.785063
2025-03-03 06:43:08,1.785063
2025-03-03 06:43:38,1.785063
2025-03-03 06:44:08,1.785063
2025-03-03 06:44:38,1.785063
2025-03-03 06:45:09,1.785063
2025-03-03 06:45:39,1.785063
2025-03-03 06:46:09,1.785063
2025-03-03 06:46:39,1.785063
2025-03-03 06:47:09,1.785063
2025-03-03 06:47:39,1.785063
2025-03-03 06:48:09,1.785063
2025-03-03 06:48:40,1.785063
2025-03-03 06:49:10,1.785063
2025-03-03 06:49:40,1.785063
2025-03-03 06:50:10,1.785063
2025-03-03 06:50:40,1.785063
2025-03-03 06:51:10,1.785063
2025-03-03 06:51:40,1.785063
2025-03-03 06:52:10,1.785063
2025-03-03 06:52:41,1.785063
2025-03-03 06:53:11,1.785063
2025-03-03 06:53:41,1.785063
2025-03-03 06:54:11,1.785063
2025-03-03 06:54:41,1.785063
2025-03-03 06:55:11,1.785063
2025-03-03 06:55:41,1.785063
2025-03-03 06:56:11,1.785063
2025-03-03 06:56:42,1.785063
2025-03-03 06:57:12,1.785063
2025-03-03 06:57:42,1.785063
2025-03-03 06:58:12,1.785063
2025-03-03 06:58:42,1.785063
2025-03-03 06:59:12,1.785063
2025-03-03 06:59:43,1.785063
2025-03-03 07:00:13,1.785063
2025-03-03 07:00:43,1.785063
2025-03-03 07:01:13,1.785063
2025-03-03 07:01:43,1.785063
2025-03-03 07:02:13,1.785063
2025-03-03 07:02:43,1.785063
2025-03-03 07:03:13,1.785063
2025-03-03 07:03:44,1.785063
2025-03-03 07:04:14,1.785063
2025-03-03 07:04:44,1.785063
2025-03-03 07:05:14,1.785063
2025-03-03 07:05:44,1.785063
2025-03-03 07:06:14,1.785063
2025-03-03 07:06:44,1.785063
2025-03-03 07:07:15,1.785063
2025-03-03 07:07:45,1.785063
2025-03-03 07:08:15,1.785063
2025-03-03 07:08:45,1.785063
2025-03-03 07:09:15,1.785063
2025-03-03 07:09:45,1.785063
2025-03-03 07:10:15,1.785063
2025-03-03 07:10:45,1.785063
2025-03-03 07:11:16,1.785063
2025-03-03 07:11:46,1.785063
2025-03-03 07:12:16,1.785063
2025-03-03 07:12:46,1.785063
2025-03-03 07:13:16,1.785063
2025-03-03 07:13:46,1.785063
2025-03-03 07:14:17,1.785063
2025-03-03 07:14:47,1.785063
2025-03-03 07:15:17,1.785063
2025-03-03 07:15:47,1.785063
2025-03-03 07:16:17,1.785063
2025-03-03 07:16:47,1.785063
2025-03-03 07:17:17,1.785063
2025-03-03 07:17:48,1.785063
2025-03-03 07:18:18,1.785063
2025-03-03 07:18:48,1.785063
2025-03-03 07:19:18,1.785063
2025-03-03 07:19:48,1.785063
2025-03-03 07:20:18,1.785063
2025-03-03 07:20:48,1.785063
2025-03-03 07:21:18,1.785063
2025-03-03 07:21:48,1.785063
2025-03-03 07:22:19,1.785063
2025-03-03 07:22:49,1.785063
2025-03-03 07:23:19,1.785063
2025-03-03 07:23:49,1.785063
2025-03-03 07:24:19,1.785063
2025-03-03 07:24:49,1.785063
2025-03-03 07:25:19,1.785063
2025-03-03 07:25:49,1.785063
2025-03-03 07:26:20,1.785063
2025-03-03 07:26:50,1.785063
2025-03-03 07:27:20,1.785063
2025-03-03 07:27:50,1.785063
2025-03-03 07:28:20,1.785063
2025-03-03 07:28:50,1.785063
2025-03-03 07:29:21,1.785063
2025-03-03 07:29:51,1.785063
2025-03-03 07:30:21,1.785063
2025-03-03 07:30:51,1.785063
2025-03-03 07:31:21,1.785063
2025-03-03 07:31:51,1.785063
2025-03-03 07:32:21,1.785063
2025-03-03 07:32:51,1.785063
2025-03-03 07:33:22,1.785063
2025-03-03 07:33:52,1.785063
2025-03-03 07:34:22,1.785063
2025-03-03 07:34:52,1.785063
2025-03-03 07:35:22,1.785063
2025-03-03 07:35:52,1.785063
2025-03-03 07:36:22,1.785063
2025-03-03 07:36:53,1.785063
2025-03-03 07:37:23,1.785063
2025-03-03 07:37:53,1.785063
2025-03-03 07:38:23,1.785063
2025-03-03 07:38:53,1.785063
2025-03-03 07:39:23,1.785063
2025-03-03 07:39:53,1.785063
2025-03-03 07:40:23,1.785063
2025-03-03 07:40:53,1.785063
2025-03-03 07:41:24,1.785063
2025-03-03 07:41:54,1.785063
2025-03-03 07:42:24,1.785063
2025-03-03 07:42:54,1.785063
2025-03-03 07:43:24,1.785063
2025-03-03 07:43:54,1.785063
2025-03-03 07:44:25,1.785063
2025-03-03 07:44:55,1.785063
2025-03-03 07:45:25,1.785063
2025-03-03 07:45:55,1.785063
2025-03-03 07:46:25,1.785063
2025-03-03 07:46:55,1.785063
2025-03-03 07:47:25,1.785063
2025-03-03 07:47:56,1.785063
2025-03-03 07:48:26,1.785063
2025-03-03 07:48:56,1.785063
2025-03-03 07:49:26,1.785063
2025-03-03 07:49:56,1.785063
2025-03-03 07:50:26,1.785063
2025-03-03 07:50:56,1.785063
2025-03-03 07:51:26,1.785063
2025-03-03 07:51:57,1.785063
2025-03-03 07:52:27,1.785063
2025-03-03 07:52:57,1.785063
2025-03-03 07:53:27,1.785063
2025-03-03 07:53:57,1.785063
2025-03-03 07:54:27,1.785063
2025-03-03 07:54:57,1.785063
2025-03-03 07:55:27,1.785063
2025-03-03 07:55:58,1.785063
2025-03-03 07:56:28,1.785063
2025-03-03 07:56:58,1.785063
2025-03-03 07:57:28,1.785063
2025-03-03 07:57:58,1.785063
2025-03-03 07:58:28,1.785063
2025-03-03 07:58:58,1.785063
2025-03-03 07:59:29,1.785063
2025-03-03 07:59:59,1.785063
2025-03-03 08:00:29,1.785063
2025-03-03 08:00:59,1.785063
2025-03-03 08:01:29,1.785063
2025-03-03 08:01:59,1.785063
2025-03-03 08:02:29,1.785063
2025-03-03 08:02:59,1.785063
2025-03-03 08:03:30,1.785063
2025-03-03 08:04:00,1.785063
2025-03-03 08:04:30,1.785063
2025-03-03 08:05:00,1.785063
2025-03-03 08:05:30,1.785063
2025-03-03 08:06:00,1.785063
2025-03-03 08:06:30,1.785063
2025-03-03 08:07:01,1.785063
2025-03-03 08:07:31,1.785063
2025-03-03 08:08:01,1.785063
2025-03-03 08:08:31,1.785063
2025-03-03 08:09:01,1.785063
2025-03-03 08:09:31,1.785063
2025-03-03 08:10:01,1.785063
2025-03-03 08:10:31,1.785063
2025-03-03 08:11:02,1.785063
2025-03-03 08:11:32,1.785063
2025-03-03 08:12:02,1.785063
2025-03-03 08:12:32,1.785063
2025-03-03 08:13:02,1.785063
2025-03-03 08:13:33,1.785063
2025-03-03 08:14:03,1.785063
2025-03-03 08:14:33,1.785063
2025-03-03 08:15:03,1.785063
2025-03-03 08:15:33,1.785063
2025-03-03 08:16:03,1.785063
2025-03-03 08:16:33,1.785063
2025-03-03 08:17:03,1.785063
2025-03-03 08:17:34,1.785063
2025-03-03 08:18:04,1.785063
2025-03-03 08:18:34,1.785063
2025-03-03 08:19:04,1.785063
2025-03-03 08:19:34,1.785063
2025-03-03 08:20:04,1.785063
2025-03-03 08:20:34,1.785063
2025-03-03 08:21:04,1.785063
2025-03-03 08:21:35,1.785063
2025-03-03 08:22:05,1.785063
2025-03-03 08:22:35,1.785063
2025-03-03 08:23:05,1.785063
2025-03-03 08:23:35,1.785063
2025-03-03 08:24:05,1.785063
2025-03-03 08:24:35,1.785063
2025-03-03 08:25:06,1.785063
2025-03-03 08:25:36,1.785063
2025-03-03 08:26:06,1.785063
2025-03-03 08:26:36,1.785063
2025-03-03 08:27:06,1.785063
2025-03-03 08:27:37,1.785063
2025-03-03 08:28:07,1.785063
2025-03-03 08:28:37,1.785063
2025-03-03 08:29:07,1.785063
2025-03-03 08:29:37,1.785063
2025-03-03 08:30:07,1.785063
2025-03-03 08:30:37,1.785063
2025-03-03 08:31:08,1.785063
2025-03-03 08:31:38,1.785063
2025-03-03 08:32:08,1.785063
2025-03-03 08:32:38,1.785063
2025-03-03 08:33:08,1.785063
2025-03-03 08:33:38,1.785063
2025-03-03 08:34:08,1.785063
2025-03-03 08:34:39,1.785063
2025-03-03 08:35:09,1.785063
2025-03-03 08:35:39,1.785063
2025-03-03 08:36:09,1.785063
2025-03-03 08:36:39,1.785063
2025-03-03 08:37:09,1.785063
2025-03-03 08:37:40,1.785063
2025-03-03 08:38:10,1.785063
2025-03-03 08:38:40,1.785063
2025-03-03 08:39:10,1.785063
2025-03-03 08:39:40,1.785063
2025-03-03 08:40:10,1.785063
2025-03-03 08:40:40,1.785063
2025-03-03 08:41:10,1.785063
2025-03-03 08:41:41,1.785063
2025-03-03 08:42:11,1.785063
2025-03-03 08:42:41,1.785063
2025-03-03 08:43:11,1.785063
2025-03-03 08:43:41,1.785063
2025-03-03 08:44:11,1.785063
2025-03-03 08:44:42,1.785063
2025-03-03 08:45:12,1.785063
2025-03-03 08:45:42,1.785063
2025-03-03 08:46:12,1.785063
2025-03-03 08:46:42,1.785063
2025-03-03 08:47:12,1.785063
2025-03-03 08:47:42,1.785063
2025-03-03 08:48:13,1.785063
2025-03-03 08:48:43,1.785063
2025-03-03 08:49:13,1.785063
2025-03-03 08:49:43,1.785063
2025-03-03 08:50:13,1.785063
2025-03-03 08:50:43,1.785063
2025-03-03 08:51:13,1.785063
2025-03-03 08:51:43,1.785063
2025-03-03 08:52:14,1.785063
2025-03-03 08:52:44,1.785063
2025-03-03 08:53:14,1.785063
2025-03-03 08:53:44,1.785063
2025-03-03 08:54:14,1.785063
2025-03-03 08:54:44,1.785063
2025-03-03 08:55:14,1.785063
2025-03-03 08:55:45,1.785063
2025-03-03 08:56:15,1.785063
2025-03-03 08:56:45,1.785063
2025-03-03 08:57:15,1.785063
2025-03-03 08:57:45,1.785063
2025-03-03 08:58:15,1.785063
2025-03-03 08:58:45,1.785063
2025-03-03 08:59:15,1.785063
2025-03-03 08:59:46,1.785063
2025-03-03 09:00:16,1.785063
2025-03-03 09:00:46,1.785063
2025-03-03 09:01:16,1.785063
2025-03-03 09:01:46,1.785063
2025-03-03 09:02:16,1.785063
2025-03-03 09:02:46,1.785063
2025-03-03 09:03:17,1.785063
2025-03-03 09:03:47,1.785063
2025-03-03 09:04:17,1.785063
2025-03-03 09:04:47,1.785063
2025-03-03 09:05:17,1.785063
2025-03-03 09:05:47,1.785063
2025-03-03 09:06:17,1.785063
2025-03-03 09:06:48,1.785063
2025-03-03 09:07:18,1.785063
2025-03-03 09:07:48,1.785063
2025-03-03 09:08:18,1.785063
2025-03-03 09:08:48,1.785063
2025-03-03 09:09:18,1.785063
2025-03-03 09:09:48,1.785063
2025-03-03 09:10:18,1.785063
2025-03-03 09:10:49,1.785063
2025-03-03 09:11:19,1.785063
2025-03-03 09:11:49,1.785063
2025-03-03 09:12:19,1.785063
2025-03-03 09:12:49,1.785063
2025-03-03 09:13:19,1.785063
2025-03-03 09:13:49,1.785063
2025-03-03 09:14:20,1.785063
2025-03-03 09:14:50,1.785063
2025-03-03 09:15:20,1.785063
2025-03-03 09:15:50,1.785063
2025-03-03 09:16:20,1.785063
2025-03-03 09:16:50,1.785063
2025-03-03 09:17:20,1.785063
2025-03-03 09:17:51,1.785063
2025-03-03 09:18:21,1.785063
2025-03-03 09:18:51,1.785063
2025-03-03 09:19:21,1.785063
2025-03-03 09:19:51,1.785063
2025-03-03 09:20:21,1.785063
2025-03-03 09:20:51,1.785063
2025-03-03 09:21:22,1.785063
2025-03-03 09:21:52,1.785063
2025-03-03 09:22:22,1.785063
2025-03-03 09:22:52,1.785063
2025-03-03 09:23:22,1.785063
2025-03-03 09:23:52,1.785063
2025-03-03 09:24:22,1.785063
2025-03-03 09:24:53,1.785063
2025-03-03 09:25:23,1.785063
2025-03-03 09:25:53,1.785063
2025-03-03 09:26:23,1.785063
2025-03-03 09:26:53,1.785063
2025-03-03 09:27:23,1.785063
2025-03-03 09:27:54,1.785063
2025-03-03 09:28:24,1.785063
2025-03-03 09:28:54,1.785063
2025-03-03 09:29:24,1.785063
2025-03-03 09:29:54,1.785063
2025-03-03 09:30:24,1.785063
2025-03-03 09:30:54,1.785063
2025-03-03 09:31:24,1.785063
2025-03-03 09:31:55,1.785063
2025-03-03 09:32:25,1.785063
2025-03-03 09:32:55,1.785063
2025-03-03 09:33:25,1.785063
2025-03-03 09:33:55,1.785063
2025-03-03 09:34:25,1.785063
2025-03-03 09:34:55,1.785063
2025-03-03 09:35:25,1.785063
2025-03-03 09:35:56,1.785063
2025-03-03 09:36:26,1.785063
2025-03-03 09:36:56,1.785063
2025-03-03 09:37:26,1.785063
2025-03-03 09:37:56,1.785063
2025-03-03 09:38:26,1.785063
2025-03-03 09:38:56,1.785063
2025-03-03 09:39:26,1.785063
2025-03-03 09:39:57,1.785063
2025-03-03 09:40:27,1.785063
2025-03-03 09:40:57,1.785063
2025-03-03 09:41:27,1.785063
2025-03-03 09:41:57,1.785063
2025-03-03 09:42:27,1.785063
2025-03-03 09:42:58,1.785063
2025-03-03 09:43:28,1.785063
2025-03-03 09:43:58,1.785063
2025-03-03 09:44:28,1.785063
2025-03-03 09:44:58,1.785063
2025-03-03 09:45:28,1.785063
2025-03-03 09:45:58,1.785063
2025-03-03 09:46:28,1.785063
2025-03-03 09:46:59,1.785063
2025-03-03 09:47:29,1.785063
2025-03-03 09:47:59,1.785063
2025-03-03 09:48:29,1.785063
2025-03-03 09:48:59,1.785063
2025-03-03 09:49:29,1.785063
2025-03-03 09:49:59,1.785063
2025-03-03 09:50:29,1.785063
2025-03-03 09:51:00,1.785063
2025-03-03 09:51:30,1.785063
2025-03-03 09:52:00,1.785063
2025-03-03 09:52:30,1.785063
2025-03-03 09:53:00,1.785063
2025-03-03 09:53:30,1.785063
2025-03-03 09:54:00,1.785063
2025-03-03 09:54:31,1.785063
2025-03-03 09:55:01,1.785063
2025-03-03 09:55:31,1.785063
2025-03-03 09:56:01,1.785063
2025-03-03 09:56:31,1.785063
2025-03-03 09:57:01,1.785063
2025-03-03 09:57:31,1.785063
2025-03-03 09:58:02,1.785063
2025-03-03 09:58:32,1.785063
2025-03-03 09:59:02,1.785063
2025-03-03 09:59:32,1.785063
2025-03-03 10:00:02,1.785063
2025-03-03 10:00:32,1.785063
2025-03-03 10:01:02,1.785063
2025-03-03 10:01:32,1.785063
2025-03-03 10:02:03,1.785063
2025-03-03 10:02:33,1.785063
2025-03-03 10:03:03,1.785063
2025-03-03 10:03:33,1.785063
2025-03-03 10:04:03,1.785063
2025-03-03 10:04:33,1.785063
2025-03-03 10:05:03,1.785063
2025-03-03 10:05:34,1.785063
2025-03-03 10:06:04,1.785063
2025-03-03 10:06:34,1.785063
2025-03-03 10:07:04,1.785063
2025-03-03 10:07:34,1.785063
2025-03-03 10:08:04,1.785063
2025-03-03 10:08:34,1.785063
2025-03-03 10:09:05,1.785063
2025-03-03 10:09:35,1.785063
2025-03-03 10:10:05,1.785063
2025-03-03 10:10:35,1.785063
2025-03-03 10:11:05,1.785063
2025-03-03 10:11:35,1.785063
2025-03-03 10:12:05,1.785063
2025-03-03 10:12:35,1.785063
2025-03-03 10:13:06,1.785063
2025-03-03 10:13:36,1.785063
2025-03-03 10:14:06,1.785063
2025-03-03 10:14:36,1.785063
2025-03-03 10:15:06,1.785063
2025-03-03 10:15:36,1.785063
2025-03-03 10:16:06,1.785063
2025-03-03 10:16:37,1.785063
2025-03-03 10:17:07,1.785063
2025-03-03 10:17:37,1.785063
2025-03-03 10:18:07,1.785063
2025-03-03 10:18:37,1.785063
2025-03-03 10:19:07,1.785063
2025-03-03 10:19:38,1.785063
2025-03-03 10:20:08,1.785063
2025-03-03 10:20:38,1.785063
2025-03-03 10:21:08,1.785063
2025-03-03 10:21:38,1.785063
2025-03-03 10:22:08,1.785063
2025-03-03 10:22:38,1.785063
2025-03-03 10:23:08,1.785063
2025-03-03 10:23:39,1.785063
2025-03-03 10:24:09,1.785063
2025-03-03 10:24:39,1.785063
2025-03-03 10:25:09,1.785063
2025-03-03 10:25:39,1.785063
2025-03-03 10:26:09,1.785063
2025-03-03 10:26:39,1.785063
2025-03-03 10:27:09,1.785063
2025-03-03 10:27:40,1.785063
2025-03-03 10:28:10,1.785063
2025-03-03 10:28:40,1.785063
2025-03-03 10:29:10,1.785063
2025-03-03 10:29:40,1.785063
2025-03-03 10:30:10,1.785063
2025-03-03 10:30:40,1.785063
2025-03-03 10:31:11,1.785063
2025-03-03 10:31:41,1.785063
2025-03-03 10:32:11,1.785063
2025-03-03 10:32:41,1.785063
2025-03-03 10:33:11,1.785063
2025-03-03 10:33:42,1.785063
2025-03-03 10:34:12,1.785063
2025-03-03 10:34:42,1.785063
2025-03-03 10:35:12,1.785063
2025-03-03 10:35:42,1.785063
2025-03-03 10:36:12,1.785063
2025-03-03 10:36:42,1.785063
2025-03-03 10:37:12,1.785063
2025-03-03 10:37:43,1.785063
2025-03-03 10:38:13,1.785063
2025-03-03 10:38:43,1.785063
2025-03-03 10:39:13,1.785063
2025-03-03 10:39:43,1.785063
2025-03-03 10:40:13,1.785063
2025-03-03 10:40:43,1.785063
2025-03-03 10:41:14,1.785063
2025-03-03 10:41:44,1.785063
2025-03-03 10:42:14,1.785063
2025-03-03 10:42:44,1.785063
2025-03-03 10:43:14,1.785063
2025-03-03 10:43:44,1.785063
2025-03-03 10:44:14,1.785063
2025-03-03 10:44:45,1.785063
2025-03-03 10:45:15,1.785063
2025-03-03 10:45:45,1.785063
2025-03-03 10:46:15,1.785063
2025-03-03 10:46:45,1.785063
2025-03-03 10:47:15,1.785063
2025-03-03 10:47:45,1.785063
2025-03-03 10:48:15,1.785063
2025-03-03 10:48:46,1.785063
2025-03-03 10:49:16,1.785063
2025-03-03 10:49:46,1.785063
2025-03-03 10:50:16,1.785063
2025-03-03 10:50:46,1.785063
2025-03-03 10:51:16,1.785063
2025-03-03 10:51:46,1.785063
2025-03-03 10:52:16,1.785063
2025-03-03 10:52:47,1.785063
2025-03-03 10:53:17,1.785063
2025-03-03 10:53:47,1.785063
2025-03-03 10:54:17,1.785063
2025-03-03 10:54:47,1.785063
2025-03-03 10:55:17,1.785063
2025-03-03 10:55:47,1.785063
2025-03-03 10:56:17,1.785063
2025-03-03 10:56:48,1.785063
2025-03-03 10:57:18,1.785063
2025-03-03 10:57:48,1.785063
2025-03-03 10:58:18,1.785063
2025-03-03 10:58:48,1.785063
2025-03-03 10:59:18,1.785063
2025-03-03 10:59:48,1.785063
2025-03-03 11:00:19,1.785063
2025-03-03 11:00:49,1.785063
2025-03-03 11:01:19,1.785063
2025-03-03 11:01:49,1.785063
2025-03-03 11:02:19,1.785063
2025-03-03 11:02:49,1.785063
2025-03-03 11:03:19,1.785063
2025-03-03 11:03:50,1.785063
2025-03-03 11:04:20,1.785063
2025-03-03 11:04:50,1.785063
2025-03-03 11:05:20,1.785063
2025-03-03 11:05:50,1.785063
2025-03-03 11:06:20,1.785063
2025-03-03 11:06:50,1.785063
2025-03-03 11:07:20,1.785063
2025-03-03 11:07:51,1.785063
2025-03-03 11:08:21,1.785063
2025-03-03 11:08:51,1.785063
2025-03-03 11:09:21,1.785063
2025-03-03 11:09:51,1.785063
2025-03-03 11:10:21,1.785063
2025-03-03 11:10:51,1.785063
2025-03-03 11:11:22,1.785063
2025-03-03 11:11:52,1.785063
2025-03-03 11:12:22,1.785063
2025-03-03 11:12:52,1.785063
2025-03-03 11:13:22,1.785063
2025-03-03 11:13:52,1.785063
2025-03-03 11:14:22,1.785063
2025-03-03 11:14:52,1.785063
2025-03-03 11:15:23,1.785063
2025-03-03 11:15:53,1.785063
2025-03-03 11:16:23,1.785063
2025-03-03 11:16:53,1.785063
2025-03-03 11:17:23,1.785063
2025-03-03 11:17:53,1.785063
2025-03-03 11:18:23,1.785063
2025-03-03 11:18:54,1.785063
2025-03-03 11:19:24,1.785063
2025-03-03 11:19:54,1.785063
2025-03-03 11:20:24,1.785063
2025-03-03 11:20:54,1.785063
2025-03-03 11:21:24,1.785063
2025-03-03 11:21:54,1.785063
2025-03-03 11:22:24,1.785063
2025-03-03 11:22:55,1.785063
2025-03-03 11:23:25,1.785063
2025-03-03 11:23:55,1.785063
2025-03-03 11:24:25,1.785063
2025-03-03 11:24:55,1.785063
2025-03-03 11:25:25,1.785063
2025-03-03 11:25:55,1.785063
2025-03-03 11:26:26,1.785063
2025-03-03 11:26:56,1.785063
2025-03-03 11:27:26,1.785063
2025-03-03 11:27:56,1.785063
2025-03-03 11:28:26,1.785063
2025-03-03 11:28:56,1.785063
2025-03-03 11:29:26,1.785063
2025-03-03 11:29:56,1.785063
2025-03-03 11:30:26,1.785063
2025-03-03 11:30:57,1.785063
2025-03-03 11:31:27,1.785063
2025-03-03 11:31:57,1.785063
2025-03-03 11:32:27,1.785063
2025-03-03 11:32:57,1.785063
2025-03-03 11:33:28,1.785063
2025-03-03 11:33:58,1.785063
2025-03-03 11:34:28,1.785063
2025-03-03 11:34:58,1.785063
2025-03-03 11:35:28,1.785063
2025-03-03 11:35:58,1.785063
2025-03-03 11:36:28,1.785063
2025-03-03 11:36:59,1.785063
2025-03-03 11:37:29,1.785063
2025-03-03 11:37:59,1.785063
2025-03-03 11:38:29,1.785063
2025-03-03 11:38:59,1.785063
2025-03-03 11:39:29,1.785063
2025-03-03 11:40:00,1.785063
2025-03-03 11:40:30,1.785063
2025-03-03 11:41:00,1.785063
2025-03-03 11:41:30,1.785063
2025-03-03 11:42:00,1.785063
2025-03-03 11:42:30,1.785063
2025-03-03 11:43:00,1.785063
2025-03-03 11:43:31,1.785063
2025-03-03 11:44:01,1.785063
2025-03-03 11:44:31,1.785063
2025-03-03 11:45:01,1.785063
2025-03-03 11:45:31,1.785063
2025-03-03 11:46:01,1.785063
2025-03-03 11:46:32,1.785063
2025-03-03 11:47:02,1.785063
2025-03-03 11:47:32,1.785063
2025-03-03 11:48:02,1.785063
2025-03-03 11:48:33,1.785063
2025-03-03 11:49:03,1.785063
2025-03-03 11:49:33,1.785063
2025-03-03 11:50:03,1.785063
2025-03-03 11:50:33,1.785063
2025-03-03 11:51:03,1.785063
2025-03-03 11:51:33,1.785063
2025-03-03 11:52:04,1.785063
2025-03-03 11:52:34,1.785063
2025-03-03 11:53:04,1.785063
2025-03-03 11:53:35,1.785063
2025-03-03 11:54:05,1.785063
2025-03-03 11:54:35,1.785063
2025-03-03 11:55:05,1.785063
2025-03-03 11:55:35,1.785063
2025-03-03 11:56:05,1.785063
2025-03-03 11:56:35,1.785063
2025-03-03 11:57:06,1.785063
2025-03-03 11:57:36,1.785063
2025-03-03 11:58:06,1.785063
2025-03-03 11:58:36,1.785063
2025-03-03 11:59:06,1.785063
2025-03-03 11:59:36,1.785063
2025-03-03 12:00:07,1.785063
2025-03-03 12:00:37,1.785063
2025-03-03 12:01:07,1.785063
2025-03-03 12:01:37,1.785063
2025-03-03 12:02:07,1.785063
2025-03-03 12:02:39,1.785063
2025-03-03 12:03:10,1.785063
2025-03-03 12:03:40,1.785063
2025-03-03 12:04:10,1.785063
2025-03-03 12:04:40,1.785063
2025-03-03 12:05:10,1.785063
2025-03-03 12:05:40,1.785063
2025-03-03 12:06:10,1.785063
2025-03-03 12:06:41,1.785063
2025-03-03 12:07:11,1.785063
2025-03-03 12:07:41,1.785063
2025-03-03 12:08:11,1.785063
2025-03-03 12:08:41,1.785063
2025-03-03 12:09:11,1.785063
2025-03-03 12:09:42,1.785063
2025-03-03 12:10:12,1.785063
2025-03-03 12:10:42,1.785063
2025-03-03 12:11:12,1.785063
2025-03-03 12:11:42,1.785063
2025-03-03 12:12:12,1.785063
2025-03-03 12:12:42,1.785063
2025-03-03 12:13:13,1.785063
2025-03-03 12:13:43,1.785063
2025-03-03 12:14:13,1.785063
2025-03-03 12:14:43,1.785063
2025-03-03 12:15:13,1.785063
2025-03-03 12:15:43,1.785063
2025-03-03 12:16:14,1.785063
2025-03-03 12:16:44,1.785063
2025-03-03 12:17:14,1.785063
2025-03-03 12:17:44,1.785063
2025-03-03 12:18:14,1.785063
2025-03-03 12:18:44,1.785063
2025-03-03 12:19:15,1.785063
2025-03-03 12:19:45,1.785063
2025-03-03 12:20:15,1.785063
2025-03-03 12:20:45,1.785063
2025-03-03 12:21:15,1.785063
2025-03-03 12:21:45,1.785063
2025-03-03 12:22:15,1.785063
2025-03-03 12:22:46,1.785063
2025-03-03 12:23:16,1.785063
2025-03-03 12:23:46,1.785063
2025-03-03 12:24:16,1.785063
2025-03-03 12:24:46,1.785063
2025-03-03 12:25:16,1.785063
2025-03-03 12:25:47,1.785063
2025-03-03 12:26:17,1.785063
2025-03-03 12:26:47,1.785063
2025-03-03 12:27:17,1.785063
2025-03-03 12:27:47,1.785063
2025-03-03 12:28:17,1.785063
2025-03-03 12:28:48,1.785063
2025-03-03 12:29:18,1.785063
2025-03-03 12:29:48,1.785063
2025-03-03 12:30:18,1.785063
2025-03-03 12:30:48,1.785063
2025-03-03 12:31:18,1.785063
2025-03-03 12:31:48,1.785063
2025-03-03 12:32:19,1.785063
2025-03-03 12:32:49,1.785063
2025-03-03 12:33:19,1.785063
2025-03-03 12:33:49,1.785063
2025-03-03 12:34:19,1.785063
2025-03-03 12:34:49,1.785063
2025-03-03 12:35:20,1.785063
2025-03-03 12:35:50,1.785063
2025-03-03 12:36:20,1.785063
2025-03-03 12:36:50,1.785063
2025-03-03 12:37:20,1.785063
2025-03-03 12:37:50,1.785063
2025-03-03 12:38:20,1.785063
2025-03-03 12:38:51,1.785063
2025-03-03 12:39:21,1.785063
2025-03-03 12:39:51,1.785063
2025-03-03 12:40:21,1.785063
2025-03-03 12:40:51,1.785063
2025-03-03 12:41:21,1.785063
2025-03-03 12:41:51,1.785063
2025-03-03 12:42:22,1.785063
2025-03-03 12:42:52,1.785063
2025-03-03 12:43:22,1.785063
2025-03-03 12:43:52,1.785063
2025-03-03 12:44:22,1.785063
2025-03-03 12:44:52,1.785063
2025-03-03 12:45:23,1.785063
2025-03-03 12:45:53,1.785063
2025-03-03 12:46:23,1.785063
2025-03-03 12:46:53,1.785063
2025-03-03 12:47:23,1.785063
2025-03-03 12:47:53,1.785063
2025-03-03 12:48:23,1.785063
2025-03-03 12:48:54,1.785063
2025-03-03 12:49:24,1.785063
2025-03-03 12:49:54,1.785063
2025-03-03 12:50:24,1.785063
2025-03-03 12:50:54,1.785063
2025-03-03 12:51:24,1.785063
2025-03-03 12:51:54,1.785063
2025-03-03 12:52:25,1.785063
2025-03-03 12:52:55,1.785063
2025-03-03 12:53:25,1.785063
2025-03-03 12:53:55,1.785063
2025-03-03 12:54:25,1.785063
2025-03-03 12:54:56,1.785063
2025-03-03 12:55:26,1.785063
2025-03-03 12:55:56,1.785063
2025-03-03 12:56:26,1.785063
2025-03-03 12:56:56,1.785063
2025-03-03 12:57:26,1.785063
2025-03-03 12:57:56,1.785063
2025-03-03 12:58:26,1.785063
2025-03-03 12:58:57,1.785063
2025-03-03 12:59:27,1.785063
2025-03-03 12:59:57,1.785063
2025-03-03 13:00:27,1.785063
2025-03-03 13:00:57,1.785063
2025-03-03 13:01:27,1.785063
2025-03-03 13:01:57,1.785063
2025-03-03 13:02:27,1.785063
2025-03-03 13:02:58,1.785063
2025-03-03 13:03:28,1.785063
2025-03-03 13:03:58,1.785063
2025-03-03 13:04:28,1.785063
2025-03-03 13:04:58,1.785063
2025-03-03 13:05:28,1.785063
2025-03-03 13:05:59,1.785063
2025-03-03 13:06:29,1.785063
2025-03-03 13:06:59,1.785063
2025-03-03 13:07:29,1.785063
2025-03-03 13:07:59,1.785063
2025-03-03 13:08:29,1.785063
2025-03-03 13:08:59,1.785063
2025-03-03 13:09:30,1.785063
2025-03-03 13:10:00,1.785063
2025-03-03 13:10:30,1.785063
2025-03-03 13:11:00,1.785063
2025-03-03 13:11:30,1.785063
2025-03-03 13:12:00,1.785063
2025-03-03 13:12:30,1.785063
2025-03-03 13:13:00,1.785063
2025-03-03 13:13:30,1.785063
2025-03-03 13:14:01,1.785063
2025-03-03 13:14:31,1.785063
2025-03-03 13:15:01,1.785063
2025-03-03 13:15:31,1.785063
2025-03-03 13:16:01,1.785063
2025-03-03 13:16:31,1.785063
2025-03-03 13:17:01,1.785063
2025-03-03 13:17:31,1.785063
2025-03-03 13:18:02,1.785063
2025-03-03 13:18:32,1.785063
2025-03-03 13:19:02,1.785063
2025-03-03 13:19:32,1.785063
2025-03-03 13:20:02,1.785063
2025-03-03 13:20:32,1.785063
2025-03-03 13:21:02,1.785063
2025-03-03 13:21:33,1.785063
2025-03-03 13:22:03,1.785063
2025-03-03 13:22:33,1.785063
2025-03-03 13:23:03,1.785063
2025-03-03 13:23:33,1.785063
2025-03-03 13:24:03,1.785063
2025-03-03 13:24:33,1.785063
2025-03-03 13:25:03,1.785063
2025-03-03 13:25:34,1.785063
2025-03-03 13:26:04,1.785063
2025-03-03 13:26:34,1.785063
2025-03-03 13:27:04,1.785063
2025-03-03 13:27:34,1.785063
2025-03-03 13:28:04,1.785063
2025-03-03 13:28:34,1.785063
2025-03-03 13:29:05,1.785063
2025-03-03 13:29:35,1.785063
2025-03-03 13:30:05,1.785063
2025-03-03 13:30:35,1.785063
2025-03-03 13:31:05,1.785063
2025-03-03 13:31:35,1.785063
2025-03-03 13:32:05,1.785063
2025-03-03 13:32:35,1.785063
2025-03-03 13:33:11,1.785063
2025-03-03 13:33:41,1.785063
2025-03-03 13:34:11,1.785063
2025-03-03 13:34:41,1.785063
2025-03-03 13:35:11,1.785063
2025-03-03 13:35:41,1.785063
2025-03-03 13:36:11,1.785063
2025-03-03 13:36:42,1.785063
2025-03-03 13:37:12,1.785063
2025-03-03 13:37:42,1.785063
2025-03-03 13:38:12,1.785063
2025-03-03 13:38:42,1.785063
2025-03-03 13:39:12,1.785063
2025-03-03 13:39:42,1.785063
2025-03-03 13:40:12,1.785063
2025-03-03 13:40:43,1.785063
2025-03-03 13:41:13,1.785063
2025-03-03 13:41:43,1.785063
2025-03-03 13:42:13,1.785063
2025-03-03 13:42:43,1.785063
2025-03-03 13:43:13,1.785063
2025-03-03 13:43:43,1.785063
2025-03-03 13:44:14,1.785063
2025-03-03 13:44:44,1.785063
2025-03-03 13:45:14,1.785063
2025-03-03 13:45:44,1.785063
2025-03-03 13:46:14,1.785063
2025-03-03 13:46:44,1.785063
2025-03-03 13:47:14,1.785063
2025-03-03 13:47:44,1.785063
2025-03-03 13:48:15,1.785063
2025-03-03 13:48:45,1.785063
2025-03-03 13:49:15,1.785063
2025-03-03 13:49:45,1.785063
2025-03-03 13:50:15,1.785063
2025-03-03 13:50:45,1.785063
2025-03-03 13:51:16,1.785063
2025-03-03 13:51:46,1.785063
2025-03-03 13:52:16,1.785063
2025-03-03 13:52:46,1.785063
2025-03-03 13:53:16,1.785063
2025-03-03 13:53:46,1.785063
2025-03-03 13:54:16,1.785063
2025-03-03 13:54:47,1.785063
2025-03-03 13:55:17,1.785063
2025-03-03 13:55:47,1.785063
2025-03-03 13:56:17,1.785063
2025-03-03 13:56:47,1.785063
2025-03-03 13:57:17,1.785063
2025-03-03 13:57:47,1.785063
2025-03-03 13:58:17,1.785063
2025-03-03 13:58:48,1.785063
2025-03-03 13:59:18,1.785063
2025-03-03 13:59:48,1.785063
2025-03-03 14:00:18,1.785063
2025-03-03 14:00:48,1.785063
2025-03-03 14:01:18,1.785063
2025-03-03 14:01:48,1.785063
2025-03-03 14:02:19,1.785063
2025-03-03 14:02:49,1.785063
2025-03-03 14:03:19,1.785063
2025-03-03 14:03:49,1.785063
2025-03-03 14:04:19,1.785063
2025-03-03 14:04:49,1.785063
2025-03-03 14:05:19,1.785063
2025-03-03 14:05:50,1.785063
2025-03-03 14:06:20,1.785063
2025-03-03 14:06:50,1.785063
2025-03-03 14:07:20,1.785063
2025-03-03 14:07:50,1.785063
2025-03-03 14:08:20,1.785063
2025-03-03 14:08:50,1.785063
2025-03-03 14:09:21,1.785063
2025-03-03 14:09:51,1.785063
2025-03-03 14:10:21,1.785063
2025-03-03 14:10:51,1.785063
2025-03-03 14:11:21,1.785063
2025-03-03 14:11:51,1.785063
2025-03-03 14:12:21,1.785063
2025-03-03 14:12:51,1.785063
2025-03-03 14:13:21,1.785063
2025-03-03 14:13:52,1.785063
2025-03-03 14:14:22,1.785063
2025-03-03 14:14:52,1.785063
2025-03-03 14:15:22,1.785063
2025-03-03 14:15:52,1.785063
2025-03-03 14:16:22,1.785063
2025-03-03 14:16:52,1.785063
2025-03-03 14:17:23,1.785063
2025-03-03 14:17:53,1.785063
2025-03-03 14:18:23,1.785063
2025-03-03 14:18:53,1.785063
2025-03-03 14:19:23,1.785063
2025-03-03 14:19:53,1.785063
2025-03-03 14:20:24,1.785063
2025-03-03 14:20:54,1.785063
2025-03-03 14:21:24,1.785063
2025-03-03 14:21:54,1.785063
2025-03-03 14:22:24,1.785063
2025-03-03 14:22:54,1.785063
2025-03-03 14:23:24,1.785063
2025-03-03 14:23:54,1.785063
2025-03-03 14:24:25,1.785063
2025-03-03 14:24:55,1.785063
2025-03-03 14:25:25,1.785063
2025-03-03 14:25:55,1.785063
2025-03-03 14:26:25,1.785063
2025-03-03 14:26:55,1.785063
2025-03-03 14:27:25,1.785063
2025-03-03 14:27:55,1.785063
2025-03-03 14:28:26,1.785063
2025-03-03 14:28:56,1.785063
2025-03-03 14:29:26,1.785063
2025-03-03 14:29:56,1.785063
2025-03-03 14:30:26,1.785063
2025-03-03 14:30:56,1.785063
2025-03-03 14:31:26,1.785063
2025-03-03 14:31:57,1.785063
2025-03-03 14:32:27,1.785063
2025-03-03 14:32:57,1.785063
2025-03-03 14:33:27,1.785063
2025-03-03 14:33:57,1.785063
2025-03-03 14:34:27,1.785063
2025-03-03 14:34:57,1.785063
2025-03-03 14:35:28,1.785063
2025-03-03 14:35:58,1.785063
2025-03-03 14:36:28,1.785063
2025-03-03 14:36:58,1.785063
2025-03-03 14:37:28,1.785063
2025-03-03 14:37:58,1.785063
2025-03-03 14:38:28,1.785063
2025-03-03 14:38:59,1.785063
2025-03-03 14:39:29,1.785063
2025-03-03 14:39:59,1.785063
2025-03-03 14:40:29,1.785063
2025-03-03 14:40:59,1.785063
2025-03-03 14:41:29,1.785063
2025-03-03 14:41:59,1.785063
2025-03-03 14:42:29,1.785063
2025-03-03 14:43:00,1.785063
2025-03-03 14:43:30,1.785063
2025-03-03 14:44:00,1.785063
2025-03-03 14:44:30,1.785063
2025-03-03 14:45:00,1.785063
2025-03-03 14:45:30,1.785063
2025-03-03 14:46:00,1.785063
2025-03-03 14:46:31,1.785063
2025-03-03 14:47:01,1.785063
2025-03-03 14:47:31,1.785063
2025-03-03 14:48:01,1.785063
2025-03-03 14:48:31,1.785063
2025-03-03 14:49:01,1.785063
2025-03-03 14:49:31,1.785063
2025-03-03 14:50:02,1.785063
2025-03-03 14:50:32,1.785063
2025-03-03 14:51:02,1.785063
2025-03-03 14:51:32,1.785063
2025-03-03 14:52:02,1.785063
2025-03-03 14:52:32,1.785063
2025-03-03 14:53:03,1.785063
2025-03-03 14:53:33,1.785063
2025-03-03 14:54:03,1.785063
2025-03-03 14:54:33,1.785063
2025-03-03 14:55:03,1.785063
2025-03-03 14:55:33,1.785063
2025-03-03 14:56:04,1.785063
2025-03-03 14:56:34,1.785063
2025-03-03 14:57:04,1.785063
2025-03-03 14:57:34,1.785063
2025-03-03 14:58:04,1.785063
2025-03-03 14:58:34,1.785063
2025-03-03 14:59:04,1.785063
2025-03-03 14:59:34,1.785063
2025-03-03 15:00:05,1.785063
2025-03-03 15:00:35,1.785063
2025-03-03 15:01:05,1.785063
2025-03-03 15:01:35,1.785063
2025-03-03 15:02:05,1.785063
2025-03-03 15:02:35,1.785063
2025-03-03 15:03:05,1.785063
2025-03-03 15:03:36,1.785063
2025-03-03 15:04:06,1.785063
2025-03-03 15:04:36,1.785063
2025-03-03 15:05:06,1.785063
2025-03-03 15:05:36,1.785063
2025-03-03 15:06:06,1.785063
2025-03-03 15:06:36,1.785063
2025-03-03 15:07:06,1.785063
2025-03-03 15:07:37,1.785063
2025-03-03 15:08:07,1.785063
2025-03-03 15:08:37,1.785063
2025-03-03 15:09:07,1.785063
2025-03-03 15:09:37,1.785063
2025-03-03 15:10:07,1.785063
2025-03-03 15:10:37,1.785063
2025-03-03 15:11:08,1.785063
2025-03-03 15:11:38,1.785063
2025-03-03 15:12:08,1.785063
2025-03-03 15:12:38,1.785063
2025-03-03 15:13:08,1.785063
2025-03-03 15:13:38,1.785063
2025-03-03 15:14:08,1.785063
2025-03-03 15:14:38,1.785063
2025-03-03 15:15:09,1.785063
2025-03-03 15:15:39,1.785063
2025-03-03 15:16:09,1.785063
2025-03-03 15:16:39,1.785063
2025-03-03 15:17:09,1.785063
2025-03-03 15:17:39,1.785063
2025-03-03 15:18:09,1.785063
2025-03-03 15:18:39,1.785063
2025-03-03 15:19:10,1.785063
2025-03-03 15:19:40,1.785063
2025-03-03 15:20:10,1.785063
2025-03-03 15:20:40,1.785063
2025-03-03 15:21:10,1.785063
2025-03-03 15:21:40,1.785063
2025-03-03 15:22:11,1.785063
2025-03-03 15:22:41,1.785063
2025-03-03 15:23:11,1.785063
2025-03-03 15:23:41,1.785063
2025-03-03 15:24:11,1.785063
2025-03-03 15:24:41,1.785063
2025-03-03 15:25:11,1.785063
2025-03-03 15:25:41,1.785063
2025-03-03 15:26:12,1.785063
2025-03-03 15:26:42,1.785063
2025-03-03 15:27:12,1.785063
2025-03-03 15:27:42,1.785063
2025-03-03 15:28:12,1.785063
2025-03-03 15:28:42,1.785063
2025-03-03 15:29:12,1.785063
2025-03-03 15:29:42,1.785063
2025-03-03 15:30:13,1.785063
2025-03-03 15:30:43,1.785063
2025-03-03 15:31:13,1.785063
2025-03-03 15:31:43,1.785063
2025-03-03 15:32:13,1.785063
2025-03-03 15:32:43,1.785063
2025-03-03 15:33:13,1.785063
2025-03-03 15:33:43,1.785063
2025-03-03 15:34:14,1.785063
2025-03-03 15:34:44,1.785063
2025-03-03 15:35:14,1.785063
2025-03-03 15:35:44,1.785063
2025-03-03 15:36:14,1.785063
2025-03-03 15:36:44,1.785063
2025-03-03 15:37:15,1.785063
2025-03-03 15:37:45,1.785063
2025-03-03 15:38:15,1.785063
2025-03-03 15:38:45,1.785063
2025-03-03 15:39:15,1.785063
2025-03-03 15:39:45,1.785063
2025-03-03 15:40:15,1.785063
2025-03-03 15:40:46,1.785063
2025-03-03 15:41:16,1.785063
2025-03-03 15:41:46,1.785063
2025-03-03 15:42:16,1.785063
2025-03-03 15:42:46,1.785063
2025-03-03 15:43:16,1.785063
2025-03-03 15:43:46,1.785063
2025-03-03 15:44:17,1.785063
2025-03-03 15:44:47,1.785063
2025-03-03 15:45:17,1.785063
2025-03-03 15:45:47,1.785063
2025-03-03 15:46:17,1.785063
2025-03-03 15:46:47,1.785063
2025-03-03 15:47:17,1.785063
2025-03-03 15:47:47,1.785063
2025-03-03 15:48:18,1.785063
2025-03-03 15:48:48,1.785063
2025-03-03 15:49:18,1.785063
2025-03-03 15:49:48,1.785063
2025-03-03 15:50:18,1.785063
2025-03-03 15:50:48,1.785063
2025-03-03 15:51:19,1.785063
2025-03-03 15:51:49,1.785063
2025-03-03 15:52:19,1.785063
2025-03-03 15:52:49,1.785063
2025-03-03 15:53:19,1.785063
2025-03-03 15:53:49,1.785063
2025-03-03 15:54:19,1.785063
2025-03-03 15:54:49,1.785063
2025-03-03 15:55:20,1.785063
2025-03-03 15:55:50,1.785063
2025-03-03 15:56:20,1.785063
2025-03-03 15:56:50,1.785063
2025-03-03 15:57:20,1.785063
2025-03-03 15:57:50,1.785063
2025-03-03 15:58:20,1.785063
2025-03-03 15:58:50,1.785063
2025-03-03 15:59:21,1.785063
2025-03-03 15:59:51,1.785063
2025-03-03 16:00:21,1.785063
2025-03-03 16:00:51,1.785063
2025-03-03 16:01:21,1.785063
2025-03-03 16:01:51,1.785063
2025-03-03 16:02:21,1.785063
2025-03-03 16:02:51,1.785063
2025-03-03 16:03:22,1.785063
2025-03-03 16:03:52,1.785063
2025-03-03 16:04:22,1.785063
2025-03-03 16:04:52,1.785063
2025-03-03 16:05:22,1.785063
2025-03-03 16:05:52,1.785063
2025-03-03 16:06:22,1.785063
2025-03-03 16:06:53,1.785063
2025-03-03 16:07:23,1.785063
2025-03-03 16:07:53,1.785063
2025-03-03 16:08:23,1.785063
2025-03-03 16:08:53,1.785063
2025-03-03 16:09:23,1.785063
2025-03-03 16:09:53,1.785063
2025-03-03 16:10:23,1.785063
2025-03-03 16:10:54,1.785063
2025-03-03 16:11:24,1.785063
2025-03-03 16:11:54,1.785063
2025-03-03 16:12:24,1.785063
2025-03-03 16:12:54,1.785063
2025-03-03 16:13:24,1.785063
2025-03-03 16:13:54,1.785063
2025-03-03 16:14:24,1.785063
2025-03-03 16:14:55,1.785063
2025-03-03 16:15:25,1.785063
2025-03-03 16:15:55,1.785063
2025-03-03 16:16:25,1.785063
2025-03-03 16:16:55,1.785063
2025-03-03 16:17:25,1.785063
2025-03-03 16:17:55,1.785063
2025-03-03 16:18:25,1.785063
2025-03-03 16:18:56,1.785063
2025-03-03 16:19:26,1.785063
2025-03-03 16:19:56,1.785063
2025-03-03 16:20:26,1.785063
2025-03-03 16:20:56,1.785063
2025-03-03 16:21:26,1.785063
2025-03-03 16:21:56,1.785063
2025-03-03 16:22:27,1.785063
2025-03-03 16:22:57,1.785063
2025-03-03 16:23:27,1.785063
2025-03-03 16:23:57,1.785063
2025-03-03 16:24:27,1.785063
2025-03-03 16:24:57,1.785063
2025-03-03 16:25:27,1.785063
2025-03-03 16:25:58,1.785063
2025-03-03 16:26:28,1.785063
2025-03-03 16:26:58,1.785063
2025-03-03 16:27:28,1.785063
2025-03-03 16:27:58,1.785063
2025-03-03 16:28:28,1.785063
2025-03-03 16:28:58,1.785063
2025-03-03 16:29:28,1.785063
2025-03-03 16:29:59,1.785063
2025-03-03 16:30:29,1.785063
2025-03-03 16:30:59,1.785063
2025-03-03 16:31:29,1.785063
2025-03-03 16:31:59,1.785063
2025-03-03 16:32:29,1.785063
2025-03-03 16:33:00,1.785063
2025-03-03 16:33:30,1.785063
2025-03-03 16:34:00,1.785063
2025-03-03 16:34:30,1.785063
2025-03-03 16:35:00,1.785063
2025-03-03 16:35:30,1.785063
2025-03-03 16:36:01,1.785063
2025-03-03 16:36:31,1.785063
2025-03-03 16:37:01,1.785063
2025-03-03 16:37:31,1.785063
2025-03-03 16:38:01,1.785063
2025-03-03 16:38:31,1.785063
2025-03-03 16:39:01,1.785063
2025-03-03 16:39:31,1.785063
2025-03-03 16:40:02,1.785063
2025-03-03 16:40:32,1.785063
2025-03-03 16:41:02,1.785063
2025-03-03 16:41:32,1.785063
2025-03-03 16:42:02,1.785063
2025-03-03 16:42:32,1.785063
2025-03-03 16:43:02,1.785063
2025-03-03 16:43:32,1.785063
2025-03-03 16:44:03,1.785063
2025-03-03 16:44:33,1.785063
2025-03-03 16:45:03,1.785063
2025-03-03 16:45:33,1.785063
2025-03-03 16:46:03,1.785063
2025-03-03 16:46:33,1.785063
2025-03-03 16:47:03,1.785063
2025-03-03 16:47:34,1.785063
2025-03-03 16:48:04,1.785063
2025-03-03 16:48:34,1.785063
2025-03-03 16:49:04,1.785063
2025-03-03 16:49:34,1.785063
2025-03-03 16:50:05,1.785063
2025-03-03 16:50:35,1.785063
2025-03-03 16:51:05,1.785063
2025-03-03 16:51:35,1.785063
2025-03-03 16:52:05,1.785063
2025-03-03 16:52:35,1.785063
2025-03-03 16:53:05,1.785063
2025-03-03 16:53:35,1.785063
2025-03-03 16:54:06,1.785063
2025-03-03 16:54:36,1.785063
2025-03-03 16:55:06,1.785063
2025-03-03 16:55:36,1.785063
2025-03-03 16:56:06,1.785063
2025-03-03 16:56:36,1.785063
2025-03-03 16:57:06,1.785063
2025-03-03 16:57:36,1.785063
2025-03-03 16:58:07,1.785063
2025-03-03 16:58:37,1.785063
2025-03-03 16:59:07,1.785063
2025-03-03 16:59:37,1.785063
2025-03-03 17:00:07,1.785063
2025-03-03 17:00:37,1.785063
2025-03-03 17:01:07,1.785063
2025-03-03 17:01:38,1.785063
2025-03-03 17:02:08,1.785063
2025-03-03 17:02:38,1.785063
2025-03-03 17:03:08,1.785063
2025-03-03 17:03:38,1.785063
2025-03-03 17:04:13,1.785063
2025-03-03 17:04:43,1.785063
2025-03-03 17:05:13,1.785063
2025-03-03 17:05:44,1.785063
2025-03-03 17:06:14,1.785063
2025-03-03 17:06:44,1.785063
2025-03-03 17:07:14,1.785063
2025-03-03 17:07:44,1.785063
2025-03-03 17:08:14,1.785063
2025-03-03 17:08:45,1.785063
2025-03-03 17:09:15,1.785063
2025-03-03 17:09:45,1.785063
2025-03-03 17:10:15,1.785063
2025-03-03 17:10:45,1.785063
2025-03-03 17:11:15,1.785063
2025-03-03 17:11:45,1.785063
2025-03-03 17:12:15,1.785063
2025-03-03 17:12:46,1.785063
2025-03-03 17:13:16,1.785063
2025-03-03 17:13:46,1.785063
2025-03-03 17:14:16,1.785063
2025-03-03 17:14:46,1.785063
2025-03-03 17:15:16,1.785063
2025-03-03 17:15:46,1.785063
2025-03-03 17:16:16,1.785063
2025-03-03 17:16:47,1.785063
2025-03-03 17:17:17,1.785063
2025-03-03 17:17:47,1.785063
2025-03-03 17:18:17,1.785063
2025-03-03 17:18:47,1.785063
2025-03-03 17:19:17,1.785063
2025-03-03 17:19:47,1.785063
2025-03-03 17:20:18,1.785063
2025-03-03 17:20:48,1.785063
2025-03-03 17:21:18,1.785063
2025-03-03 17:21:48,1.785063
2025-03-03 17:22:18,1.785063
2025-03-03 17:22:48,1.785063
2025-03-03 17:23:18,1.785063
2025-03-03 17:23:49,1.785063
2025-03-03 17:24:19,1.785063
2025-03-03 17:24:49,1.785063
2025-03-03 17:25:19,1.785063
2025-03-03 17:25:49,1.785063
2025-03-03 17:26:19,1.785063
2025-03-03 17:26:49,1.785063
2025-03-03 17:27:20,1.785063
2025-03-03 17:27:50,1.785063
2025-03-03 17:28:20,1.785063
2025-03-03 17:28:50,1.785063
2025-03-03 17:29:20,1.785063
2025-03-03 17:29:55,1.785063
2025-03-03 17:30:25,1.785063
2025-03-03 17:30:55,1.785063
2025-03-03 17:31:26,1.785063
2025-03-03 17:31:56,1.785063
2025-03-03 17:32:26,1.785063
2025-03-03 17:32:56,1.785063
2025-03-03 17:33:26,1.785063
2025-03-03 17:33:56,1.785063
2025-03-03 17:34:26,1.785063
2025-03-03 17:34:56,1.785063
2025-03-03 17:35:27,1.785063
2025-03-03 17:35:57,1.785063
2025-03-03 17:36:27,1.785063
2025-03-03 17:36:57,1.785063
2025-03-03 17:37:27,1.785063
2025-03-03 17:37:57,1.785063
2025-03-03 17:38:27,1.785063
2025-03-03 17:38:58,1.785063
2025-03-03 17:39:28,1.785063
2025-03-03 17:39:58,1.785063
2025-03-03 17:40:28,1.785063
2025-03-03 17:40:58,1.785063
2025-03-03 17:41:28,1.785063
2025-03-03 17:41:58,1.785063
2025-03-03 17:42:29,1.785063
2025-03-03 17:42:59,1.785063
2025-03-03 17:43:29,1.785063
2025-03-03 17:43:59,1.785063
2025-03-03 17:44:29,1.785063
2025-03-03 17:44:59,1.785063
2025-03-03 17:45:29,1.785063
2025-03-03 17:46:00,1.785063
2025-03-03 17:46:30,1.785063
2025-03-03 17:47:00,1.785063
2025-03-03 17:47:30,1.785063
2025-03-03 17:48:00,1.785063
2025-03-03 17:48:30,1.785063
2025-03-03 17:49:00,1.785063
2025-03-03 17:49:31,1.785063
2025-03-03 17:50:01,1.785063
2025-03-03 17:50:31,1.785063
2025-03-03 17:51:01,1.785063
2025-03-03 17:51:31,1.785063
2025-03-03 17:52:01,1.785063
2025-03-03 17:52:31,1.785063
2025-03-03 17:53:01,1.785063
2025-03-03 17:53:32,1.785063
2025-03-03 17:54:02,1.785063
2025-03-03 17:54:32,1.785063
2025-03-03 17:55:02,1.785063
2025-03-03 17:55:32,1.785063
2025-03-03 17:56:02,1.785063
2025-03-03 17:56:32,1.785063
2025-03-03 17:57:03,1.785063
2025-03-03 17:57:33,1.785063
2025-03-03 17:58:03,1.785063
2025-03-03 17:58:33,1.785063
2025-03-03 17:59:03,1.785063
2025-03-03 17:59:33,1.785063
2025-03-03 18:00:03,1.785063
2025-03-03 18:00:33,1.785063
2025-03-03 18:01:04,1.785063
2025-03-03 18:01:34,1.785063
2025-03-03 18:02:04,1.785063
2025-03-03 18:02:34,1.785063
2025-03-03 18:03:04,1.785063
2025-03-03 18:03:34,1.785063
2025-03-03 18:04:04,1.785063
2025-03-03 18:04:35,1.785063
2025-03-03 18:05:05,1.785063
2025-03-03 18:05:35,1.785063
2025-03-03 18:06:05,1.785063
2025-03-03 18:06:35,1.785063
2025-03-03 18:07:05,1.785063
2025-03-03 18:07:35,1.785063
2025-03-03 18:08:05,1.785063
2025-03-03 18:08:36,1.785063
2025-03-03 18:09:06,1.785063
2025-03-03 18:09:36,1.785063
2025-03-03 18:10:06,1.785063
2025-03-03 18:10:36,1.785063
2025-03-03 18:11:06,1.785063
2025-03-03 18:11:36,1.785063
2025-03-03 18:12:07,1.785063
2025-03-03 18:12:37,1.785063
2025-03-03 18:13:07,1.785063
2025-03-03 18:13:37,1.785063
2025-03-03 18:14:07,1.785063
2025-03-03 18:14:37,1.785063
2025-03-03 18:15:07,1.785063
2025-03-03 18:15:37,1.785063
2025-03-03 18:16:08,1.785063
2025-03-03 18:16:38,1.785063
2025-03-03 18:17:08,1.785063
2025-03-03 18:17:38,1.785063
2025-03-03 18:18:08,1.785063
2025-03-03 18:18:38,1.785063
2025-03-03 18:19:08,1.785063
2025-03-03 18:19:38,1.785063
2025-03-03 18:20:09,1.785063
2025-03-03 18:20:39,1.785063
2025-03-03 18:21:09,1.785063
2025-03-03 18:21:39,1.785063
2025-03-03 18:22:09,1.785063
2025-03-03 18:22:39,1.785063
2025-03-03 18:23:09,1.785063
2025-03-03 18:23:39,1.785063
2025-03-03 18:24:10,1.785063
2025-03-03 18:24:40,1.785063
2025-03-03 18:25:10,1.785063
2025-03-03 18:25:40,1.785063
2025-03-03 18:26:10,1.785063
2025-03-03 18:26:41,1.785063
2025-03-03 18:27:11,1.785063
2025-03-03 18:27:41,1.785063
2025-03-03 18:28:11,1.785063
2025-03-03 18:28:41,1.785063
2025-03-03 18:29:11,1.785063
2025-03-03 18:29:41,1.785063
2025-03-03 18:30:11,1.785063
2025-03-03 18:30:42,1.785063
2025-03-03 18:31:12,1.785063
2025-03-03 18:31:42,1.785063
2025-03-03 18:32:12,1.785063
2025-03-03 18:32:42,1.785063
2025-03-03 18:33:12,1.785063
2025-03-03 18:33:42,1.785063
2025-03-03 18:34:12,1.785063
2025-03-03 18:34:43,1.785063
2025-03-03 18:35:13,1.785063
2025-03-03 18:35:43,1.785063
2025-03-03 18:36:13,1.785063
2025-03-03 18:36:43,1.785063
2025-03-03 18:37:13,1.785063
2025-03-03 18:37:43,1.785063
2025-03-03 18:38:13,1.785063
2025-03-03 18:38:44,1.785063
2025-03-03 18:39:14,1.785063
2025-03-03 18:39:44,1.785063
2025-03-03 18:40:14,1.785063
2025-03-03 18:40:44,1.785063
2025-03-03 18:41:14,1.785063
2025-03-03 18:41:44,1.785063
2025-03-03 18:42:14,1.785063
2025-03-03 18:42:45,1.785063
2025-03-03 18:43:15,1.785063
2025-03-03 18:43:45,1.785063
2025-03-03 18:44:15,1.785063
2025-03-03 18:44:45,1.785063
2025-03-03 18:45:15,1.785063
2025-03-03 18:45:45,1.785063
2025-03-03 18:46:15,1.785063
2025-03-03 18:46:46,1.785063
2025-03-03 18:47:16,1.785063
2025-03-03 18:47:46,1.785063
2025-03-03 18:48:16,1.785063
2025-03-03 18:48:46,1.785063
2025-03-03 18:49:16,1.785063
2025-03-03 18:49:46,1.785063
2025-03-03 18:50:16,1.785063
2025-03-03 18:50:47,1.785063
2025-03-03 18:51:17,1.785063
2025-03-03 18:51:47,1.785063
2025-03-03 18:52:17,1.785063
2025-03-03 18:52:47,1.785063
2025-03-03 18:53:17,1.785063
2025-03-03 18:53:48,1.785063
2025-03-03 18:54:18,1.785063
2025-03-03 18:54:48,1.785063
2025-03-03 18:55:18,1.785063
2025-03-03 18:55:48,1.785063
2025-03-03 18:56:18,1.785063
2025-03-03 18:56:49,1.785063
2025-03-03 18:57:19,1.785063
2025-03-03 18:57:49,1.785063
2025-03-03 18:58:19,1.785063
2025-03-03 18:58:49,1.785063
2025-03-03 18:59:19,1.785063
2025-03-03 18:59:49,1.785063
2025-03-03 19:00:20,1.785063
2025-03-03 19:00:50,1.785063
2025-03-03 19:01:20,1.785063
2025-03-03 19:01:50,1.785063
2025-03-03 19:02:20,1.785063
2025-03-03 19:02:50,1.785063
2025-03-03 19:03:20,1.785063
2025-03-03 19:03:50,1.785063
2025-03-03 19:04:21,1.785063
2025-03-03 19:04:51,1.785063
2025-03-03 19:05:21,1.785063
2025-03-03 19:05:51,1.785063
2025-03-03 19:06:21,1.785063
2025-03-03 19:06:51,1.785063
2025-03-03 19:07:21,1.785063
2025-03-03 19:07:51,1.785063
2025-03-03 19:08:22,1.785063
2025-03-03 19:08:52,1.785063
2025-03-03 19:09:22,1.785063
2025-03-03 19:09:52,1.785063
2025-03-03 19:10:22,1.785063
2025-03-03 19:10:52,1.785063
2025-03-03 19:11:22,1.785063
2025-03-03 19:11:52,1.785063
2025-03-03 19:12:23,1.785063
2025-03-03 19:12:53,1.785063
2025-03-03 19:13:23,1.785063
2025-03-03 19:13:53,1.785063
2025-03-03 19:14:23,1.785063
2025-03-03 19:14:53,1.785063
2025-03-03 19:15:24,1.785063
2025-03-03 19:15:54,1.785063
2025-03-03 19:16:24,1.785063
2025-03-03 19:16:54,1.785063
2025-03-03 19:17:24,1.785063
2025-03-03 19:17:54,1.785063
2025-03-03 19:18:24,1.785063
2025-03-03 19:18:55,1.785063
2025-03-03 19:19:25,1.785063
2025-03-03 19:19:55,1.785063
2025-03-03 19:20:25,1.785063
2025-03-03 19:20:55,1.785063
2025-03-03 19:21:25,1.785063
2025-03-03 19:21:55,1.785063
2025-03-03 19:22:25,1.785063
2025-03-03 19:22:56,1.785063
2025-03-03 19:23:26,1.785063
2025-03-03 19:23:56,1.785063
2025-03-03 19:24:26,1.785063
2025-03-03 19:24:56,1.785063
2025-03-03 19:25:26,1.785063
2025-03-03 19:25:56,1.785063
2025-03-03 19:26:26,1.785063
2025-03-03 19:26:57,1.785063
2025-03-03 19:27:27,1.785063
2025-03-03 19:27:57,1.785063
2025-03-03 19:28:27,1.785063
2025-03-03 19:28:57,1.785063
2025-03-03 19:29:27,1.785063
2025-03-03 19:29:58,1.785063
2025-03-03 19:30:28,1.785063
2025-03-03 19:30:58,1.785063
2025-03-03 19:31:28,1.785063
2025-03-03 19:31:58,1.785063
2025-03-03 19:32:28,1.785063
2025-03-03 19:32:58,1.785063
2025-03-03 19:33:28,1.785063
2025-03-03 19:33:58,1.785063
2025-03-03 19:34:29,1.785063
2025-03-03 19:34:59,1.785063
2025-03-03 19:35:29,1.785063
2025-03-03 19:35:59,1.785063
2025-03-03 19:36:29,1.785063
2025-03-03 19:36:59,1.785063
2025-03-03 19:37:29,1.785063
2025-03-03 19:38:00,1.785063
2025-03-03 19:38:30,1.785063
2025-03-03 19:39:00,1.785063
2025-03-03 19:39:30,1.785063
2025-03-03 19:40:00,1.785063
2025-03-03 19:40:30,1.785063
2025-03-03 19:41:00,1.785063
2025-03-03 19:41:30,1.785063
2025-03-03 19:42:00,1.785063
2025-03-03 19:42:31,1.785063
2025-03-03 19:43:01,1.785063
2025-03-03 19:43:31,1.785063
2025-03-03 19:44:01,1.785063
2025-03-03 19:44:31,1.785063
2025-03-03 19:45:01,1.785063
2025-03-03 19:45:32,1.785063
2025-03-03 19:46:02,1.785063
2025-03-03 19:46:32,1.785063
2025-03-03 19:47:02,1.785063
2025-03-03 19:47:32,1.785063
2025-03-03 19:48:02,1.785063
2025-03-03 19:48:32,1.785063
2025-03-03 19:49:03,1.785063
2025-03-03 19:49:33,1.785063
2025-03-03 19:50:03,1.785063
2025-03-03 19:50:33,1.785063
2025-03-03 19:51:03,1.785063
2025-03-03 19:51:33,1.785063
2025-03-03 19:52:03,1.785063
2025-03-03 19:52:33,1.785063
2025-03-03 19:53:04,1.785063
2025-03-03 19:53:34,1.785063
2025-03-03 19:54:04,1.785063
2025-03-03 19:54:34,1.785063
2025-03-03 19:55:04,1.785063
2025-03-03 19:55:34,1.785063
2025-03-03 19:56:04,1.785063
2025-03-03 19:56:34,1.785063
2025-03-03 19:57:05,1.785063
2025-03-03 19:57:35,1.785063
2025-03-03 19:58:05,1.785063
2025-03-03 19:58:35,1.785063
2025-03-03 19:59:05,1.785063
2025-03-03 19:59:35,1.785063
2025-03-03 20:00:05,1.785063
2025-03-03 20:00:36,1.785063
2025-03-03 20:01:06,1.785063
2025-03-03 20:01:36,1.785063
2025-03-03 20:02:06,1.785063
2025-03-03 20:02:36,1.785063
2025-03-03 20:03:06,1.785063
2025-03-03 20:03:36,1.785063
2025-03-03 20:04:06,1.785063
2025-03-03 20:04:37,1.785063
2025-03-03 20:05:07,1.785063
2025-03-03 20:05:37,1.785063
2025-03-03 20:06:07,1.785063
2025-03-03 20:06:37,1.785063
2025-03-03 20:07:07,1.785063
2025-03-03 20:07:37,1.785063
2025-03-03 20:08:08,1.785063
2025-03-03 20:08:38,1.785063
2025-03-03 20:09:08,1.785063
2025-03-03 20:09:38,1.785063
2025-03-03 20:10:08,1.785063
2025-03-03 20:10:38,1.785063
2025-03-03 20:11:08,1.785063
2025-03-03 20:11:38,1.785063
2025-03-03 20:12:09,1.785063
2025-03-03 20:12:39,1.785063
2025-03-03 20:13:09,1.785063
2025-03-03 20:13:39,1.785063
2025-03-03 20:14:09,1.785063
2025-03-03 20:14:39,1.785063
2025-03-03 20:15:09,1.785063
2025-03-03 20:15:40,1.785063
2025-03-03 20:16:10,1.785063
2025-03-03 20:16:40,1.785063
2025-03-03 20:17:10,1.785063
2025-03-03 20:17:40,1.785063
2025-03-03 20:18:10,1.785063
2025-03-03 20:18:40,1.785063
2025-03-03 20:19:11,1.785063
2025-03-03 20:19:41,1.785063
2025-03-03 20:20:11,1.785063
2025-03-03 20:20:41,1.785063
2025-03-03 20:21:11,1.785063
2025-03-03 20:21:41,1.785063
2025-03-03 20:22:11,1.785063
2025-03-03 20:22:42,1.785063
2025-03-03 20:23:12,1.785063
2025-03-03 20:23:42,1.785063
2025-03-03 20:24:12,1.785063
2025-03-03 20:24:42,1.785063
2025-03-03 20:25:12,1.785063
2025-03-03 20:25:42,1.785063
2025-03-03 20:26:12,1.785063
2025-03-03 20:26:43,1.785063
2025-03-03 20:27:13,1.785063
2025-03-03 20:27:43,1.785063
2025-03-03 20:28:13,1.785063
2025-03-03 20:28:43,1.785063
2025-03-03 20:29:13,1.785063
2025-03-03 20:29:44,1.785063
2025-03-03 20:30:14,1.785063
2025-03-03 20:30:44,1.785063
2025-03-03 20:31:14,1.785063
2025-03-03 20:31:44,1.785063
2025-03-03 20:32:14,1.785063
2025-03-03 20:32:44,1.785063
2025-03-03 20:33:14,1.785063
2025-03-03 20:33:45,1.785063
2025-03-03 20:34:15,1.785063
2025-03-03 20:34:45,1.785063
2025-03-03 20:35:15,1.785063
2025-03-03 20:35:45,1.785063
2025-03-03 20:36:15,1.785063
2025-03-03 20:36:45,1.785063
2025-03-03 20:37:15,1.785063
2025-03-03 20:37:46,1.785063
2025-03-03 20:38:16,1.785063
2025-03-03 20:38:46,1.785063
2025-03-03 20:39:16,1.785063
2025-03-03 20:39:46,1.785063
2025-03-03 20:40:16,1.785063
2025-03-03 20:40:46,1.785063
2025-03-03 20:41:16,1.785063
2025-03-03 20:41:47,1.785063
2025-03-03 20:42:17,1.785063
2025-03-03 20:42:47,1.785063
2025-03-03 20:43:17,1.785063
2025-03-03 20:43:47,1.785063
2025-03-03 20:44:17,1.785063
2025-03-03 20:44:48,1.785063
2025-03-03 20:45:18,1.785063
2025-03-03 20:45:48,1.785063
2025-03-03 20:46:18,1.785063
2025-03-03 20:46:48,1.785063
2025-03-03 20:47:18,1.785063
2025-03-03 20:47:48,1.785063
2025-03-03 20:48:18,1.785063
2025-03-03 20:48:49,1.785063
2025-03-03 20:49:19,1.785063
2025-03-03 20:49:49,1.785063
2025-03-03 20:50:19,1.785063
2025-03-03 20:50:49,1.785063
2025-03-03 20:51:19,1.785063
2025-03-03 20:51:49,1.785063
2025-03-03 20:52:20,1.785063
2025-03-03 20:52:50,1.785063
2025-03-03 20:53:20,1.785063
2025-03-03 20:53:50,1.785063
2025-03-03 20:54:20,1.785063
2025-03-03 20:54:50,1.785063
2025-03-03 20:55:20,1.785063
2025-03-03 20:55:50,1.785063
2025-03-03 20:56:21,1.785063
2025-03-03 20:56:51,1.785063
2025-03-03 20:57:21,1.785063
2025-03-03 20:57:51,1.785063
2025-03-03 20:58:21,1.785063
2025-03-03 20:58:51,1.785063
2025-03-03 20:59:22,1.785063
2025-03-03 20:59:52,1.785063
2025-03-03 21:00:22,1.785063
2025-03-03 21:00:52,1.785063
2025-03-03 21:01:22,1.785063
2025-03-03 21:01:52,1.785063
2025-03-03 21:02:22,1.785063
2025-03-03 21:02:53,1.785063
2025-03-03 21:03:23,1.785063
2025-03-03 21:03:53,1.785063
2025-03-03 21:04:23,1.785063
2025-03-03 21:04:53,1.785063
2025-03-03 21:05:23,1.785063
2025-03-03 21:05:53,1.785063
2025-03-03 21:06:23,1.785063
2025-03-03 21:06:54,1.785063
2025-03-03 21:07:24,1.785063
2025-03-03 21:07:54,1.785063
2025-03-03 21:08:24,1.785063
2025-03-03 21:08:54,1.785063
2025-03-03 21:09:24,1.785063
2025-03-03 21:09:54,1.785063
2025-03-03 21:10:25,1.785063
2025-03-03 21:10:55,1.785063
2025-03-03 21:11:25,1.785063
2025-03-03 21:11:55,1.785063
2025-03-03 21:12:25,1.785063
2025-03-03 21:12:55,1.785063
2025-03-03 21:13:25,1.785063
2025-03-03 21:13:55,1.785063
2025-03-03 21:14:26,1.785063
2025-03-03 21:14:56,1.785063
2025-03-03 21:15:26,1.785063
2025-03-03 21:15:56,1.785063
2025-03-03 21:16:26,1.785063
2025-03-03 21:16:56,1.785063
2025-03-03 21:17:26,1.785063
2025-03-03 21:17:57,1.785063
2025-03-03 21:18:27,1.785063
2025-03-03 21:18:57,1.785063
2025-03-03 21:19:27,1.785063
2025-03-03 21:19:57,1.785063
2025-03-03 21:20:27,1.785063
2025-03-03 21:20:57,1.785063
2025-03-03 21:21:28,1.785063
2025-03-03 21:21:58,1.785063
2025-03-03 21:22:28,1.785063
2025-03-03 21:22:58,1.785063
2025-03-03 21:23:28,1.785063
2025-03-03 21:23:58,1.785063
2025-03-03 21:24:28,1.785063
2025-03-03 21:24:59,1.785063
2025-03-03 21:25:29,1.785063
2025-03-03 21:25:59,1.785063
2025-03-03 21:26:29,1.785063
2025-03-03 21:26:59,1.785063
2025-03-03 21:27:29,1.785063
2025-03-03 21:27:59,1.785063
2025-03-03 21:28:29,1.785063
2025-03-03 21:28:59,1.785063
2025-03-03 21:29:30,1.785063
2025-03-03 21:30:00,1.785063
2025-03-03 21:30:30,1.785063
2025-03-03 21:31:00,1.785063
2025-03-03 21:31:30,1.785063
2025-03-03 21:32:00,1.785063
2025-03-03 21:32:31,1.785063
2025-03-03 21:33:01,1.785063
2025-03-03 21:33:31,1.785063
2025-03-03 21:34:01,1.785063
2025-03-03 21:34:31,1.785063
2025-03-03 21:35:01,1.785063
2025-03-03 21:35:31,1.785063
2025-03-03 21:36:02,1.785063
2025-03-03 21:36:32,1.785063
2025-03-03 21:37:02,1.785063
2025-03-03 21:37:32,1.785063
2025-03-03 21:38:02,1.785063
2025-03-03 21:38:32,1.785063
2025-03-03 21:39:02,1.785063
2025-03-03 21:39:32,1.785063
2025-03-03 21:40:03,1.785063
2025-03-03 21:40:33,1.785063
2025-03-03 21:41:03,1.785063
2025-03-03 21:41:33,1.785063
2025-03-03 21:42:03,1.785063
2025-03-03 21:42:33,1.785063
2025-03-03 21:43:03,1.785063
2025-03-03 21:43:34,1.785063
2025-03-03 21:44:04,1.785063
2025-03-03 21:44:34,1.785063
2025-03-03 21:45:04,1.785063
2025-03-03 21:45:34,1.785063
2025-03-03 21:46:04,1.785063
2025-03-03 21:46:34,1.785063
2025-03-03 21:47:05,1.785063
2025-03-03 21:47:35,1.785063
2025-03-03 21:48:05,1.785063
2025-03-03 21:48:35,1.785063
2025-03-03 21:49:05,1.785063
2025-03-03 21:49:35,1.785063
2025-03-03 21:50:05,1.785063
2025-03-03 21:50:36,1.785063
2025-03-03 21:51:06,1.785063
2025-03-03 21:51:36,1.785063
2025-03-03 21:52:06,1.785063
2025-03-03 21:52:36,1.785063
2025-03-03 21:53:06,1.785063
2025-03-03 21:53:36,1.785063
2025-03-03 21:54:06,1.785063
2025-03-03 21:54:37,1.785063
2025-03-03 21:55:07,1.785063
2025-03-03 21:55:37,1.785063
2025-03-03 21:56:07,1.785063
2025-03-03 21:56:37,1.785063
2025-03-03 21:58:38,1.785063
2025-03-03 21:59:08,1.785063
2025-03-03 21:59:38,1.785063
2025-03-03 22:00:08,1.785063
2025-03-03 22:00:38,1.785063
2025-03-03 22:01:08,1.785063
2025-03-03 22:01:38,1.785063
2025-03-03 22:02:09,1.785063
2025-03-03 22:02:39,1.785063
2025-03-03 22:03:09,1.785063
2025-03-03 22:03:39,1.785063
2025-03-03 22:04:09,1.785063
2025-03-03 22:04:39,1.785063
2025-03-03 22:05:09,1.785063
2025-03-03 22:05:40,1.785063
2025-03-03 22:06:10,1.785063
2025-03-03 22:06:40,1.785063
2025-03-03 22:07:10,1.785063
2025-03-03 22:07:40,1.785063
2025-03-03 22:08:10,1.785063
2025-03-03 22:08:40,1.785063
2025-03-03 22:09:10,1.785063
2025-03-03 22:09:41,1.785063
2025-03-03 22:10:11,1.785063
2025-03-03 22:10:41,1.785063
2025-03-03 22:11:11,1.785063
2025-03-03 22:11:41,1.785063
2025-03-03 22:12:11,1.785063
2025-03-03 22:12:41,1.785063
2025-03-03 22:13:11,1.785063
2025-03-03 22:13:42,1.785063
2025-03-03 22:14:12,1.785063
2025-03-03 22:14:42,1.785063
2025-03-03 22:15:12,1.785063
2025-03-03 22:15:42,1.785063
2025-03-03 22:16:12,1.785063
2025-03-03 22:16:42,1.785063
2025-03-03 22:17:13,1.785063
2025-03-03 22:17:43,1.785063
2025-03-03 22:18:13,1.785063
2025-03-03 22:18:43,1.785063
2025-03-03 22:19:13,1.785063
2025-03-03 22:19:43,1.785063
2025-03-03 22:20:14,1.785063
2025-03-03 22:20:44,1.785063
2025-03-03 22:21:14,1.785063
2025-03-03 22:21:44,1.785063
2025-03-03 22:22:14,1.785063
2025-03-03 22:22:44,1.785063
2025-03-03 22:23:14,1.785063
2025-03-03 22:23:44,1.785063
2025-03-03 22:24:15,1.785063
2025-03-03 22:24:45,1.785063
2025-03-03 22:25:15,1.785063
2025-03-03 22:25:45,1.785063
2025-03-03 22:26:15,1.785063
2025-03-03 22:26:45,1.785063
2025-03-03 22:27:15,1.785063
2025-03-03 22:27:46,1.785063
2025-03-03 22:28:16,1.785063
2025-03-03 22:28:46,1.785063
2025-03-03 22:29:16,1.785063
2025-03-03 22:29:46,1.785063
2025-03-03 22:30:16,1.785063
2025-03-03 22:30:46,1.785063
2025-03-03 22:31:16,1.785063
2025-03-03 22:31:47,1.785063
2025-03-03 22:32:17,1.785063
2025-03-03 22:32:47,1.785063
2025-03-03 22:33:17,1.785063
2025-03-03 22:33:47,1.785063
2025-03-03 22:34:18,1.785063
2025-03-03 22:34:48,1.785063
2025-03-03 22:35:18,1.785063
2025-03-03 22:35:48,1.785063
2025-03-03 22:36:18,1.785063
2025-03-03 22:36:48,1.785063
2025-03-03 22:37:18,1.785063
2025-03-03 22:37:48,1.785063
2025-03-03 22:38:19,1.785063
2025-03-03 22:38:49,1.785063
2025-03-03 22:39:19,1.785063
2025-03-03 22:39:49,1.785063
2025-03-03 22:40:19,1.785063
2025-03-03 22:40:49,1.785063
2025-03-03 22:41:19,1.785063
2025-03-03 22:41:49,1.785063
2025-03-03 22:42:20,1.785063
2025-03-03 22:42:50,1.785063
2025-03-03 22:43:20,1.785063
2025-03-03 22:43:50,1.785063
2025-03-03 22:44:20,1.785063
2025-03-03 22:44:50,1.785063
2025-03-03 22:45:20,1.785063
2025-03-03 22:45:51,1.785063
2025-03-03 22:46:21,1.785063
2025-03-03 22:46:51,1.785063
2025-03-03 22:47:21,1.785063
2025-03-03 22:47:51,1.785063
2025-03-03 22:48:21,1.785063
2025-03-03 22:48:51,1.785063
2025-03-03 22:49:22,1.785063
2025-03-03 22:49:52,1.785063
2025-03-03 22:50:22,1.785063
2025-03-03 22:50:52,1.785063
2025-03-03 22:51:22,1.785063
2025-03-03 22:51:52,1.785063
2025-03-03 22:52:22,1.785063
2025-03-03 22:52:53,1.785063
2025-03-03 22:53:23,1.785063
2025-03-03 22:53:53,1.785063
2025-03-03 22:54:23,1.785063
2025-03-03 22:54:53,1.785063
2025-03-03 22:55:23,1.785063
2025-03-03 22:55:53,1.785063
2025-03-03 22:56:24,1.785063
2025-03-03 22:56:54,1.785063
2025-03-03 22:57:24,1.785063
2025-03-03 22:57:54,1.785063
2025-03-03 22:58:24,1.785063
2025-03-03 22:58:54,1.785063
2025-03-03 22:59:24,1.785063
2025-03-03 22:59:54,1.785063
2025-03-03 23:00:25,1.785063
2025-03-03 23:00:55,1.785063
2025-03-03 23:01:25,1.785063
2025-03-03 23:01:55,1.785063
2025-03-03 23:02:25,1.785063
2025-03-03 23:02:55,1.785063
2025-03-03 23:03:25,1.785063
2025-03-03 23:03:56,1.785063
2025-03-03 23:04:26,1.785063
2025-03-03 23:04:56,1.785063
2025-03-03 23:05:26,1.785063
2025-03-03 23:05:56,1.785063
2025-03-03 23:06:26,1.785063
2025-03-03 23:06:57,1.785063
2025-03-03 23:07:27,1.785063
2025-03-03 23:07:57,1.785063
2025-03-03 23:08:27,1.785063
2025-03-03 23:08:57,1.785063
2025-03-03 23:09:27,1.785063
2025-03-03 23:09:58,1.785063
2025-03-03 23:10:28,1.785063
2025-03-03 23:10:58,1.785063
2025-03-03 23:11:28,1.785063
2025-03-03 23:11:58,1.785063
2025-03-03 23:12:28,1.785063
2025-03-03 23:12:59,1.785063
2025-03-03 23:13:29,1.785063
2025-03-03 23:13:59,1.785063
2025-03-03 23:14:29,1.785063
2025-03-03 23:14:59,1.785063
2025-03-03 23:15:29,1.785063
2025-03-03 23:15:59,1.785063
2025-03-03 23:16:30,1.785063
2025-03-03 23:17:00,1.785063
2025-03-03 23:17:30,1.785063
2025-03-03 23:18:00,1.785063
2025-03-03 23:18:30,1.785063
2025-03-03 23:19:00,1.785063
2025-03-03 23:19:31,1.785063
2025-03-03 23:20:01,1.785063
2025-03-03 23:20:31,1.785063
2025-03-03 23:21:01,1.785063
2025-03-03 23:21:31,1.785063
2025-03-03 23:22:02,1.785063
2025-03-03 23:22:32,1.785063
2025-03-03 23:23:02,1.785063
2025-03-03 23:23:32,1.785063
2025-03-03 23:24:02,1.785063
2025-03-03 23:24:32,1.785063
2025-03-03 23:25:02,1.785063
2025-03-03 23:25:33,1.785063
2025-03-03 23:26:03,1.785063
2025-03-03 23:26:33,1.785063
2025-03-03 23:27:03,1.785063
2025-03-03 23:27:33,1.785063
2025-03-03 23:28:03,1.785063
2025-03-03 23:28:33,1.785063
2025-03-03 23:29:03,1.785063
2025-03-03 23:29:34,1.785063
2025-03-03 23:30:04,1.785063
2025-03-03 23:30:34,1.785063
2025-03-03 23:31:04,1.785063
2025-03-03 23:31:34,1.785063
2025-03-03 23:32:04,1.785063
2025-03-03 23:32:34,1.785063
2025-03-03 23:33:05,1.785063
2025-03-03 23:33:35,1.785063
2025-03-03 23:34:05,1.785063
2025-03-03 23:34:35,1.785063
2025-03-03 23:35:05,1.785063
2025-03-03 23:35:35,1.785063
2025-03-03 23:36:05,1.785063
2025-03-03 23:36:36,1.785063
2025-03-03 23:37:06,1.785063
2025-03-03 23:37:36,1.785063
2025-03-03 23:38:06,1.785063
2025-03-03 23:38:36,1.785063
2025-03-03 23:39:06,1.785063
2025-03-03 23:39:37,1.785063
2025-03-03 23:40:07,1.785063
2025-03-03 23:40:37,1.785063
2025-03-03 23:41:07,1.785063
2025-03-03 23:41:37,1.785063
2025-03-03 23:42:08,1.785063
2025-03-03 23:42:38,1.785063
2025-03-03 23:43:08,1.785063
2025-03-03 23:43:38,1.785063
2025-03-03 23:44:08,1.785063
2025-03-03 23:44:38,1.785063
2025-03-03 23:45:08,1.785063
2025-03-03 23:45:39,1.785063
2025-03-03 23:46:09,1.785063
2025-03-03 23:46:39,1.785063
2025-03-03 23:47:09,1.785063
2025-03-03 23:47:39,1.785063
2025-03-03 23:48:09,1.785063
2025-03-03 23:48:39,1.785063
2025-03-03 23:49:10,1.785063
2025-03-03 23:49:40,1.785063
2025-03-03 23:50:10,1.785063
2025-03-03 23:50:40,1.785063
2025-03-03 23:51:10,1.785063
2025-03-03 23:51:40,1.785063
2025-03-03 23:52:11,1.785063
2025-03-03 23:52:41,1.785063
2025-03-03 23:53:11,1.785063
2025-03-03 23:53:41,1.785063
2025-03-03 23:54:11,1.785063
2025-03-03 23:54:41,1.785063
2025-03-03 23:55:11,1.785063
2025-03-03 23:55:41,1.785063
2025-03-03 23:56:12,1.785063
2025-03-03 23:56:42,1.785063
2025-03-03 23:57:12,1.785063
2025-03-03 23:57:42,1.785063
2025-03-03 23:58:12,1.785063
2025-03-03 23:58:42,1.785063
2025-03-03 23:59:12,1.785063
2025-03-03 23:59:43,1.785063
2025-03-04 00:00:13,1.785063
2025-03-04 00:00:43,1.785063
2025-03-04 00:01:13,1.785063
2025-03-04 00:01:43,1.785063
2025-03-04 00:02:13,1.785063
2025-03-04 00:02:43,1.785063
2025-03-04 00:03:13,1.785063
2025-03-04 00:03:43,1.785063
2025-03-04 00:04:14,1.785063
2025-03-04 00:04:44,1.785063
2025-03-04 00:05:14,1.785063
2025-03-04 00:05:44,1.785063
2025-03-04 00:06:14,1.785063
2025-03-04 00:06:45,1.785063
2025-03-04 00:07:15,1.785063
2025-03-04 00:07:45,1.785063
2025-03-04 00:08:15,1.785063
2025-03-04 00:08:45,1.785063
2025-03-04 00:09:15,1.785063
2025-03-04 00:09:45,1.785063
2025-03-04 00:10:15,1.785063
2025-03-04 00:10:46,1.785063
2025-03-04 00:11:16,1.785063
2025-03-04 00:11:46,1.785063
2025-03-04 00:12:16,1.785063
2025-03-04 00:12:46,1.785063
2025-03-04 00:13:16,1.785063
2025-03-04 00:13:46,1.785063
2025-03-04 00:14:17,1.785063
2025-03-04 00:14:47,1.785063
2025-03-04 00:15:17,1.785063
2025-03-04 00:15:47,1.785063
2025-03-04 00:16:17,1.785063
2025-03-04 00:16:47,1.785063
2025-03-04 00:17:17,1.785063
2025-03-04 00:17:47,1.785063
2025-03-04 00:18:18,1.785063
2025-03-04 00:18:48,1.785063
2025-03-04 00:19:18,1.785063
2025-03-04 00:19:48,1.785063
2025-03-04 00:20:18,1.785063
2025-03-04 00:20:48,1.785063
2025-03-04 00:21:18,1.785063
2025-03-04 00:21:48,1.785063
2025-03-04 00:22:19,1.785063
2025-03-04 00:22:49,1.785063
2025-03-04 00:23:19,1.785063
2025-03-04 00:23:49,1.785063
2025-03-04 00:24:19,1.785063
2025-03-04 00:24:49,1.785063
2025-03-04 00:25:20,1.785063
2025-03-04 00:25:50,1.785063
2025-03-04 00:26:20,1.785063
2025-03-04 00:26:50,1.785063
2025-03-04 00:27:20,1.785063
2025-03-04 00:27:50,1.785063
2025-03-04 00:28:20,1.785063
2025-03-04 00:28:50,1.785063
2025-03-04 00:29:21,1.785063
2025-03-04 00:29:51,1.785063
2025-03-04 00:30:21,1.785063
2025-03-04 00:30:51,1.785063
2025-03-04 00:31:21,1.785063
2025-03-04 00:31:51,1.785063
2025-03-04 00:32:21,1.785063
2025-03-04 00:32:51,1.785063
2025-03-04 00:33:22,1.785063
2025-03-04 00:33:52,1.785063
2025-03-04 00:34:22,1.785063
2025-03-04 00:34:52,1.785063
2025-03-04 00:35:22,1.785063
2025-03-04 00:35:52,1.785063
2025-03-04 00:36:22,1.785063
2025-03-04 00:36:53,1.785063
2025-03-04 00:37:23,1.785063
2025-03-04 00:37:53,1.785063
2025-03-04 00:38:23,1.785063
2025-03-04 00:38:53,1.785063
2025-03-04 00:39:24,1.785063
2025-03-04 00:39:54,1.785063
2025-03-04 00:40:24,1.785063
2025-03-04 00:40:54,1.785063
2025-03-04 00:41:24,1.785063
2025-03-04 00:41:54,1.785063
2025-03-04 00:42:24,1.785063
2025-03-04 00:42:54,1.785063
2025-03-04 00:43:25,1.785063
2025-03-04 00:43:55,1.785063
2025-03-04 00:44:25,1.785063
2025-03-04 00:44:55,1.785063
2025-03-04 00:45:25,1.785063
2025-03-04 00:45:55,1.785063
2025-03-04 00:46:25,1.785063
2025-03-04 00:46:55,1.785063
2025-03-04 00:47:26,1.785063
2025-03-04 00:47:56,1.785063
2025-03-04 00:48:26,1.785063
2025-03-04 00:48:56,1.785063
2025-03-04 00:49:26,1.785063
2025-03-04 00:49:56,1.785063
2025-03-04 00:50:27,1.785063
2025-03-04 00:50:57,1.785063
2025-03-04 00:51:27,1.785063
2025-03-04 00:51:57,1.785063
2025-03-04 00:52:27,1.785063
2025-03-04 00:52:57,1.785063
2025-03-04 00:53:27,1.785063
2025-03-04 00:53:57,1.785063
2025-03-04 00:54:28,1.785063
2025-03-04 00:54:58,1.785063
2025-03-04 00:55:28,1.785063
2025-03-04 00:55:58,1.785063
2025-03-04 00:56:28,1.785063
2025-03-04 00:56:58,1.785063
2025-03-04 00:57:29,1.785063
2025-03-04 00:57:59,1.785063
2025-03-04 00:58:29,1.785063
2025-03-04 00:58:59,1.785063
2025-03-04 00:59:29,1.785063
2025-03-04 00:59:59,1.785063
2025-03-04 01:00:29,1.785063
2025-03-04 01:00:59,1.785063
2025-03-04 01:01:30,1.785063
2025-03-04 01:02:00,1.785063
2025-03-04 01:02:30,1.785063
2025-03-04 01:03:00,1.785063
2025-03-04 01:03:30,1.785063
2025-03-04 01:04:00,1.785063
2025-03-04 01:04:30,1.785063
2025-03-04 01:05:01,1.785063
2025-03-04 01:05:31,1.785063
2025-03-04 01:06:01,1.785063
2025-03-04 01:06:31,1.785063
2025-03-04 01:07:01,1.785063
2025-03-04 01:07:31,1.785063
2025-03-04 01:08:01,1.785063
2025-03-04 01:08:32,1.785063
2025-03-04 01:09:02,1.785063
2025-03-04 01:09:32,1.785063
2025-03-04 01:10:02,1.785063
2025-03-04 01:10:32,1.785063
2025-03-04 01:11:02,1.785063
2025-03-04 01:11:32,1.785063
2025-03-04 01:12:03,1.785063
2025-03-04 01:12:33,1.785063
2025-03-04 01:13:03,1.785063
2025-03-04 01:13:33,1.785063
2025-03-04 01:14:03,1.785063
2025-03-04 01:14:33,1.785063
2025-03-04 01:15:03,1.785063
2025-03-04 01:15:34,1.785063
2025-03-04 01:16:04,1.785063
2025-03-04 01:16:34,1.785063
2025-03-04 01:17:04,1.785063
2025-03-04 01:17:34,1.785063
2025-03-04 01:18:04,1.785063
2025-03-04 01:18:34,1.785063
2025-03-04 01:19:04,1.785063
2025-03-04 01:19:35,1.785063
2025-03-04 01:20:05,1.785063
2025-03-04 01:20:35,1.785063
2025-03-04 01:21:05,1.785063
2025-03-04 01:21:35,1.785063
2025-03-04 01:22:05,1.785063
2025-03-04 01:22:35,1.785063
2025-03-04 01:23:06,1.785063
2025-03-04 01:23:36,1.785063
2025-03-04 01:24:06,1.785063
2025-03-04 01:24:36,1.785063
2025-03-04 01:25:06,1.785063
2025-03-04 01:25:36,1.785063
2025-03-04 01:26:06,1.785063
2025-03-04 01:26:37,1.785063
2025-03-04 01:27:07,1.785063
2025-03-04 01:27:37,1.785063
2025-03-04 01:28:07,1.785063
2025-03-04 01:28:37,1.785063
2025-03-04 01:29:07,1.785063
2025-03-04 01:29:38,1.785063
2025-03-04 01:30:08,1.785063
2025-03-04 01:30:38,1.785063
2025-03-04 01:31:08,1.785063
2025-03-04 01:31:38,1.785063
2025-03-04 01:32:08,1.785063
2025-03-04 01:32:38,1.785063
2025-03-04 01:33:08,1.785063
2025-03-04 01:33:39,1.785063
2025-03-04 01:34:09,1.785063
2025-03-04 01:34:39,1.785063
2025-03-04 01:35:09,1.785063
2025-03-04 01:35:39,1.785063
2025-03-04 01:36:09,1.785063
2025-03-04 01:36:40,1.785063
2025-03-04 01:37:10,1.785063
2025-03-04 01:37:40,1.785063
2025-03-04 01:38:10,1.785063
2025-03-04 01:38:40,1.785063
2025-03-04 01:39:10,1.785063
2025-03-04 01:39:40,1.785063
2025-03-04 01:40:10,1.785063
2025-03-04 01:40:41,1.785063
2025-03-04 01:41:11,1.785063
2025-03-04 01:41:41,1.785063
2025-03-04 01:42:11,1.785063
2025-03-04 01:42:41,1.785063
2025-03-04 01:43:11,1.785063
2025-03-04 01:43:41,1.785063
2025-03-04 01:44:12,1.785063
2025-03-04 01:44:42,1.785063
2025-03-04 01:45:12,1.785063
2025-03-04 01:45:42,1.785063
2025-03-04 01:46:12,1.785063
2025-03-04 01:46:42,1.785063
2025-03-04 01:47:13,1.785063
2025-03-04 01:47:43,1.785063
2025-03-04 01:48:13,1.785063
2025-03-04 01:48:43,1.785063
2025-03-04 01:49:13,1.785063
2025-03-04 01:49:43,1.785063
2025-03-04 01:50:13,1.785063
2025-03-04 01:50:44,1.785063
2025-03-04 01:51:14,1.785063
2025-03-04 01:51:44,1.785063
2025-03-04 01:52:14,1.785063
2025-03-04 01:52:44,1.785063
2025-03-04 01:53:14,1.785063
2025-03-04 01:53:44,1.785063
2025-03-04 01:54:14,1.785063
2025-03-04 01:54:45,1.781381
2025-03-04 01:55:15,1.781381
2025-03-04 01:55:45,1.781381
2025-03-04 01:56:15,1.781381
2025-03-04 01:56:45,1.781381
2025-03-04 01:57:15,1.781381
2025-03-04 01:57:45,1.781381
2025-03-04 01:58:15,1.781381
2025-03-04 01:58:46,1.781381
2025-03-04 01:59:16,1.781381
2025-03-04 01:59:46,1.781381
2025-03-04 02:00:16,1.781381
2025-03-04 02:00:46,1.781381
2025-03-04 02:01:16,1.781381
2025-03-04 02:01:46,1.781381
2025-03-04 02:02:17,1.781381
2025-03-04 02:02:47,1.781381
2025-03-04 02:03:17,1.781381
2025-03-04 02:03:47,1.781381
2025-03-04 02:04:17,1.781381
2025-03-04 02:04:47,1.781381
2025-03-04 02:05:17,1.781381
2025-03-04 02:05:47,1.781381
2025-03-04 02:06:18,1.781381
2025-03-04 02:06:48,1.781381
2025-03-04 02:07:18,1.781381
2025-03-04 02:07:48,1.781381
2025-03-04 02:08:18,1.781381
2025-03-04 02:08:48,1.781381
2025-03-04 02:09:18,1.781381
2025-03-04 02:09:49,1.781381
2025-03-04 02:10:19,1.781381
2025-03-04 02:10:49,1.781381
2025-03-04 02:11:19,1.781381
2025-03-04 02:11:49,1.781381
2025-03-04 02:12:19,1.781381
2025-03-04 02:12:49,1.781381
2025-03-04 02:13:19,1.781381
2025-03-04 02:13:50,1.781381
2025-03-04 02:14:20,1.781381
2025-03-04 02:14:50,1.781381
2025-03-04 02:15:20,1.781381
2025-03-04 02:15:50,1.781381
2025-03-04 02:16:20,1.781381
2025-03-04 02:16:51,1.781381
2025-03-04 02:17:21,1.781381
2025-03-04 02:17:51,1.781381
2025-03-04 02:18:21,1.781381
2025-03-04 02:18:51,1.781381
2025-03-04 02:19:21,1.781381
2025-03-04 02:19:51,1.781381
2025-03-04 02:20:22,1.781381
2025-03-04 02:20:52,1.781381
2025-03-04 02:21:22,1.781381
2025-03-04 02:21:52,1.781381
2025-03-04 02:22:22,1.781381
2025-03-04 02:22:52,1.781381
2025-03-04 02:23:22,1.781381
2025-03-04 02:23:52,1.781381
2025-03-04 02:24:23,1.781381
2025-03-04 02:24:53,1.781381
2025-03-04 02:25:23,1.781381
2025-03-04 02:25:53,1.781381
2025-03-04 02:26:23,1.781381
2025-03-04 02:26:53,1.781381
2025-03-04 02:27:23,1.781381
2025-03-04 02:27:53,1.781381
2025-03-04 02:28:24,1.781381
2025-03-04 02:28:54,1.781381
2025-03-04 02:29:24,1.781381
2025-03-04 02:29:54,1.781381
2025-03-04 02:30:24,1.781381
2025-03-04 02:30:54,1.781381
2025-03-04 02:31:25,1.781381
2025-03-04 02:31:55,1.781381
2025-03-04 02:32:25,1.781381
2025-03-04 02:32:55,1.781381
2025-03-04 02:33:25,1.781381
2025-03-04 02:33:55,1.781381
2025-03-04 02:34:25,1.781381
2025-03-04 02:34:55,1.781381
2025-03-04 02:35:26,1.781381
2025-03-04 02:35:56,1.781381
2025-03-04 02:36:26,1.781381
2025-03-04 02:36:56,1.781381
2025-03-04 02:37:26,1.781381
2025-03-04 02:37:56,1.781381
2025-03-04 02:38:26,1.781381
2025-03-04 02:38:56,1.781381
2025-03-04 02:39:27,1.781381
2025-03-04 02:39:57,1.781381
2025-03-04 02:40:27,1.781381
2025-03-04 02:40:57,1.781381
2025-03-04 02:41:27,1.781381
2025-03-04 02:41:57,1.781381
2025-03-04 02:42:27,1.781381
2025-03-04 02:42:58,1.781381
2025-03-04 02:43:28,1.781381
2025-03-04 02:43:58,1.781381
2025-03-04 02:44:28,1.781381
2025-03-04 02:44:58,1.781381
2025-03-04 02:45:28,1.781381
2025-03-04 02:45:59,1.781381
2025-03-04 02:46:29,1.781381
2025-03-04 02:46:59,1.781381
2025-03-04 02:47:29,1.781381
2025-03-04 02:47:59,1.781381
2025-03-04 02:48:29,1.781381
2025-03-04 02:48:59,1.781381
2025-03-04 02:49:29,1.781381
2025-03-04 02:49:59,1.781381
2025-03-04 02:50:30,1.781381
2025-03-04 02:51:00,1.781381
2025-03-04 02:51:30,1.781381
2025-03-04 02:52:00,1.781381
2025-03-04 02:52:30,1.781381
2025-03-04 02:53:00,1.781381
2025-03-04 02:53:30,1.781381
2025-03-04 02:54:01,1.781381
2025-03-04 02:54:31,1.781381
2025-03-04 02:55:01,1.781381
2025-03-04 02:55:31,1.781381
2025-03-04 02:56:01,1.781381
2025-03-04 02:56:31,1.781381
2025-03-04 02:57:01,1.781381
2025-03-04 02:57:31,1.781381
2025-03-04 02:58:02,1.781381
2025-03-04 02:58:32,1.781381
2025-03-04 02:59:02,1.781381
2025-03-04 02:59:32,1.781381
2025-03-04 03:00:02,1.781381
2025-03-04 03:00:32,1.781381
2025-03-04 03:01:02,1.781381
2025-03-04 03:01:32,1.781381
2025-03-04 03:02:03,1.781381
2025-03-04 03:02:33,1.781381
2025-03-04 03:03:03,1.781381
2025-03-04 03:03:33,1.781381
2025-03-04 03:04:03,1.781381
2025-03-04 03:04:33,1.781381
2025-03-04 03:05:03,1.781381
2025-03-04 03:05:33,1.781381
2025-03-04 03:06:04,1.781381
2025-03-04 03:06:34,1.781381
2025-03-04 03:07:04,1.781381
2025-03-04 03:07:34,1.781381
2025-03-04 03:08:04,1.781381
2025-03-04 03:08:34,1.781381
2025-03-04 03:09:04,1.781381
2025-03-04 03:09:34,1.781381
2025-03-04 03:10:05,1.781381
2025-03-04 03:10:35,1.781381
2025-03-04 03:11:05,1.781381
2025-03-04 03:11:35,1.781381
2025-03-04 03:12:05,1.781381
2025-03-04 03:12:35,1.781381
2025-03-04 03:13:05,1.781381
2025-03-04 03:13:35,1.781381
2025-03-04 03:14:06,1.781381
2025-03-04 03:14:36,1.781381
2025-03-04 03:15:06,1.781381
2025-03-04 03:15:36,1.781381
2025-03-04 03:16:06,1.781381
2025-03-04 03:16:36,1.781381
2025-03-04 03:17:06,1.781381
2025-03-04 03:17:37,1.781381
2025-03-04 03:18:07,1.781381
2025-03-04 03:18:37,1.781381
2025-03-04 03:19:07,1.781381
2025-03-04 03:19:37,1.781381
2025-03-04 03:20:07,1.781381
2025-03-04 03:20:37,1.781381
2025-03-04 03:21:07,1.781381
2025-03-04 03:21:38,1.781381
2025-03-04 03:22:08,1.781381
2025-03-04 03:22:38,1.781381
2025-03-04 03:23:08,1.781381
2025-03-04 03:23:38,1.781381
2025-03-04 03:24:08,1.781381
2025-03-04 03:24:38,1.781381
2025-03-04 03:25:09,1.781381
2025-03-04 03:25:39,1.781381
2025-03-04 03:26:09,1.781381
2025-03-04 03:26:39,1.781381
2025-03-04 03:27:09,1.781381
2025-03-04 03:27:39,1.781381
2025-03-04 03:28:09,1.781381
2025-03-04 03:28:39,1.781381
2025-03-04 03:29:10,1.781381
2025-03-04 03:29:40,1.781381
2025-03-04 03:30:10,1.781381
2025-03-04 03:30:40,1.781381
2025-03-04 03:31:10,1.781381
2025-03-04 03:31:40,1.781381
2025-03-04 03:32:10,1.781381
2025-03-04 03:32:40,1.781381
2025-03-04 03:33:11,1.781381
2025-03-04 03:33:41,1.781381
2025-03-04 03:34:11,1.781381
2025-03-04 03:34:41,1.781381
2025-03-04 03:35:11,1.781381
2025-03-04 03:35:41,1.781381
2025-03-04 03:36:11,1.781381
2025-03-04 03:36:42,1.781381
2025-03-04 03:37:12,1.781381
2025-03-04 03:37:42,1.781381
2025-03-04 03:38:12,1.781381
2025-03-04 03:38:42,1.781381
2025-03-04 03:39:12,1.781381
2025-03-04 03:39:42,1.781381
2025-03-04 03:40:12,1.781381
2025-03-04 03:40:43,1.781381
2025-03-04 03:41:13,1.781381
2025-03-04 03:41:43,1.781381
2025-03-04 03:42:13,1.781381
2025-03-04 03:42:43,1.781381
2025-03-04 03:43:13,1.781381
2025-03-04 03:43:43,1.781381
2025-03-04 03:44:14,1.781381
2025-03-04 03:44:44,1.781381
2025-03-04 03:45:14,1.781381
2025-03-04 03:45:44,1.781381
2025-03-04 03:46:14,1.781381
2025-03-04 03:46:44,1.781381
2025-03-04 03:47:15,1.781381
2025-03-04 03:47:45,1.781381
2025-03-04 03:48:15,1.781381
2025-03-04 03:48:45,1.781381
2025-03-04 03:49:15,1.781381
2025-03-04 03:49:45,1.781381
2025-03-04 03:50:15,1.781381
2025-03-04 03:50:46,1.781381
2025-03-04 03:51:16,1.781381
2025-03-04 03:51:46,1.781381
2025-03-04 03:52:16,1.781381
2025-03-04 03:52:46,1.781381
2025-03-04 03:53:16,1.781381
2025-03-04 03:53:46,1.781381
2025-03-04 03:54:16,1.781381
2025-03-04 03:54:47,1.781381
2025-03-04 03:55:17,1.781381
2025-03-04 03:55:47,1.781381
2025-03-04 03:56:17,1.781381
2025-03-04 03:56:48,1.781381
2025-03-04 03:57:18,1.781381
2025-03-04 03:57:48,1.781381
2025-03-04 03:58:18,1.781381
2025-03-04 03:58:48,1.781381
2025-03-04 03:59:18,1.781381
2025-03-04 03:59:49,1.781381
2025-03-04 04:00:19,1.781381
2025-03-04 04:00:49,1.781381
2025-03-04 04:01:19,1.781381
2025-03-04 04:01:49,1.781381
2025-03-04 04:02:19,1.781381
2025-03-04 04:02:49,1.781381
2025-03-04 04:03:20,1.781381
2025-03-04 04:03:50,1.781381
2025-03-04 04:04:20,1.781381
2025-03-04 04:04:50,1.781381
2025-03-04 04:05:20,1.781381
2025-03-04 04:05:50,1.781381
2025-03-04 04:06:20,1.781381
2025-03-04 04:06:50,1.781381
2025-03-04 04:07:21,1.781381
2025-03-04 04:07:51,1.781381
2025-03-04 04:08:21,1.781381
2025-03-04 04:08:51,1.781381
2025-03-04 04:09:21,1.781381
2025-03-04 04:09:51,1.781381
2025-03-04 04:10:21,1.781381
2025-03-04 04:10:51,1.781381
2025-03-04 04:11:22,1.781381
2025-03-04 04:11:52,1.781381
2025-03-04 04:12:22,1.781381
2025-03-04 04:12:52,1.781381
2025-03-04 04:13:22,1.781381
2025-03-04 04:13:52,1.781381
2025-03-04 04:14:22,1.781381
2025-03-04 04:14:53,1.781381
2025-03-04 04:15:23,1.781381
2025-03-04 04:15:53,1.781381
2025-03-04 04:16:23,1.781381
2025-03-04 04:16:53,1.781381
2025-03-04 04:17:23,1.781381
2025-03-04 04:17:53,1.781381
2025-03-04 04:18:24,1.781381
2025-03-04 04:18:54,1.781381
2025-03-04 04:19:24,1.781381
2025-03-04 04:19:54,1.781381
2025-03-04 04:20:24,1.781381
2025-03-04 04:20:54,1.781381
2025-03-04 04:21:24,1.781381
2025-03-04 04:21:54,1.781381
2025-03-04 04:22:25,1.781381
2025-03-04 04:22:55,1.781381
2025-03-04 04:23:25,1.781381
2025-03-04 04:23:55,1.781381
2025-03-04 04:24:25,1.781381
2025-03-04 04:24:55,1.781381
2025-03-04 04:25:25,1.781381
2025-03-04 04:25:55,1.781381
2025-03-04 04:26:26,1.781381
2025-03-04 04:26:56,1.781381
2025-03-04 04:27:26,1.781381
2025-03-04 04:27:56,1.781381
2025-03-04 04:28:26,1.781381
2025-03-04 04:28:56,1.781381
2025-03-04 04:29:26,1.781381
2025-03-04 04:29:57,1.781381
2025-03-04 04:30:27,1.781381
2025-03-04 04:30:57,1.781381
2025-03-04 04:31:27,1.781381
2025-03-04 04:31:57,1.781381
2025-03-04 04:32:28,1.781381
2025-03-04 04:32:58,1.781381
2025-03-04 04:33:28,1.781381
2025-03-04 04:33:58,1.781381
2025-03-04 04:34:28,1.781381
2025-03-04 04:34:58,1.781381
2025-03-04 04:35:28,1.781381
2025-03-04 04:35:59,1.781381
2025-03-04 04:36:29,1.781381
2025-03-04 04:36:59,1.781381
2025-03-04 04:37:29,1.781381
2025-03-04 04:37:59,1.781381
2025-03-04 04:38:29,1.781381
2025-03-04 04:38:59,1.781381
2025-03-04 04:39:30,1.781381
2025-03-04 04:40:00,1.781381
2025-03-04 04:40:30,1.781381
2025-03-04 04:41:00,1.781381
2025-03-04 04:41:30,1.781381
2025-03-04 04:42:00,1.781381
2025-03-04 04:42:30,1.781381
2025-03-04 04:43:00,1.781381
2025-03-04 04:43:31,1.781381
2025-03-04 04:44:01,1.781381
2025-03-04 04:44:31,1.781381
2025-03-04 04:45:01,1.781381
2025-03-04 04:45:31,1.781381
2025-03-04 04:46:01,1.781381
2025-03-04 04:46:32,1.781381
2025-03-04 04:47:02,1.781381
2025-03-04 04:47:32,1.781381
2025-03-04 04:48:02,1.781381
2025-03-04 04:48:32,1.781381
2025-03-04 04:49:02,1.781381
2025-03-04 04:49:33,1.781381
2025-03-04 04:50:03,1.781381
2025-03-04 04:50:33,1.781381
2025-03-04 04:51:03,1.781381
2025-03-04 04:51:33,1.781381
2025-03-04 04:52:03,1.781381
2025-03-04 04:52:33,1.781381
2025-03-04 04:53:04,1.781381
2025-03-04 04:53:34,1.781381
2025-03-04 04:54:04,1.781381
2025-03-04 04:54:34,1.781381
2025-03-04 04:55:04,1.781381
2025-03-04 04:55:34,1.781381
2025-03-04 04:56:04,1.781381
2025-03-04 04:56:35,1.781381
2025-03-04 04:57:05,1.781381
2025-03-04 04:57:35,1.781381
2025-03-04 04:58:05,1.781381
2025-03-04 04:58:35,1.781381
2025-03-04 04:59:05,1.781381
2025-03-04 04:59:35,1.781381
2025-03-04 05:00:06,1.781381
2025-03-04 05:00:36,1.781381
2025-03-04 05:01:06,1.781381
2025-03-04 05:01:36,1.781381
2025-03-04 05:02:06,1.781381
2025-03-04 05:02:36,1.781381
2025-03-04 05:03:06,1.781381
2025-03-04 05:03:36,1.781381
2025-03-04 05:04:07,1.781381
2025-03-04 05:04:37,1.781381
2025-03-04 05:05:07,1.781381
2025-03-04 05:05:37,1.781381
2025-03-04 05:06:07,1.781381
2025-03-04 05:06:37,1.781381
2025-03-04 05:07:07,1.781381
2025-03-04 05:07:38,1.781381
2025-03-04 05:08:08,1.781381
2025-03-04 05:08:38,1.781381
2025-03-04 05:09:08,1.781381
2025-03-04 05:09:38,1.781381
2025-03-04 05:10:08,1.781381
2025-03-04 05:10:38,1.781381
2025-03-04 05:11:09,1.781381
2025-03-04 05:11:39,1.781381
2025-03-04 05:12:09,1.781381
2025-03-04 05:12:39,1.781381
2025-03-04 05:13:09,1.781381
2025-03-04 05:13:39,1.781381
2025-03-04 05:14:09,1.781381
2025-03-04 05:14:39,1.781381
2025-03-04 05:15:10,1.781381
2025-03-04 05:15:40,1.781381
2025-03-04 05:16:10,1.781381
2025-03-04 05:16:40,1.781381
2025-03-04 05:17:10,1.781381
2025-03-04 05:17:40,1.781381
2025-03-04 05:18:11,1.781381
2025-03-04 05:18:41,1.781381
2025-03-04 05:19:11,1.781381
2025-03-04 05:19:41,1.781381
2025-03-04 05:20:11,1.781381
2025-03-04 05:20:41,1.781381
2025-03-04 05:21:11,1.781381
2025-03-04 05:21:41,1.781381
2025-03-04 05:22:12,1.781381
2025-03-04 05:22:42,1.781381
2025-03-04 05:23:12,1.781381
2025-03-04 05:23:42,1.781381
2025-03-04 05:24:12,1.781381
2025-03-04 05:24:42,1.781381
2025-03-04 05:25:12,1.781381
2025-03-04 05:25:43,1.781381
2025-03-04 05:26:13,1.781381
2025-03-04 05:26:43,1.781381
2025-03-04 05:27:13,1.781381
2025-03-04 05:27:43,1.781381
2025-03-04 05:28:13,1.781381
2025-03-04 05:28:43,1.781381
2025-03-04 05:29:13,1.781381
2025-03-04 05:29:44,1.781381
2025-03-04 05:30:14,1.781381
2025-03-04 05:30:44,1.781381
2025-03-04 05:31:14,1.781381
2025-03-04 05:31:44,1.781381
2025-03-04 05:32:14,1.781381
2025-03-04 05:32:45,1.781381
2025-03-04 05:33:15,1.781381
2025-03-04 05:33:45,1.781381
2025-03-04 05:34:15,1.781381
2025-03-04 05:34:45,1.781381
2025-03-04 05:35:15,1.781381
2025-03-04 05:35:45,1.781381
2025-03-04 05:36:16,1.781381
2025-03-04 05:36:46,1.781381
2025-03-04 05:37:16,1.781381
2025-03-04 05:37:46,1.781381
2025-03-04 05:38:16,1.781381
2025-03-04 05:38:46,1.781381
2025-03-04 05:39:16,1.781381
2025-03-04 05:39:47,1.781381
2025-03-04 05:40:17,1.781381
2025-03-04 05:40:47,1.781381
2025-03-04 05:41:17,1.781381
2025-03-04 05:41:47,1.781381
2025-03-04 05:42:17,1.781381
2025-03-04 05:42:47,1.781381
2025-03-04 05:43:18,1.781381
2025-03-04 05:43:48,1.781381
2025-03-04 05:44:18,1.781381
2025-03-04 05:44:48,1.781381
2025-03-04 05:45:18,1.781381
2025-03-04 05:45:48,1.781381
2025-03-04 05:46:19,1.781381
2025-03-04 05:46:49,1.781381
2025-03-04 05:47:19,1.781381
2025-03-04 05:47:49,1.781381
2025-03-04 05:48:19,1.781381
2025-03-04 05:48:49,1.781381
2025-03-04 05:49:19,1.781381
2025-03-04 05:49:50,1.781381
2025-03-04 05:50:20,1.781381
2025-03-04 05:50:50,1.781381
2025-03-04 05:51:20,1.781381
2025-03-04 05:51:50,1.781381
2025-03-04 05:52:20,1.781381
2025-03-04 05:52:50,1.781381
2025-03-04 05:53:21,1.781381
2025-03-04 05:53:51,1.781381
2025-03-04 05:54:21,1.781381
2025-03-04 05:54:51,1.781381
2025-03-04 05:55:21,1.781381
2025-03-04 05:55:51,1.781381
2025-03-04 05:56:22,1.781381
2025-03-04 05:56:52,1.781381
2025-03-04 05:57:22,1.781381
2025-03-04 05:57:52,1.781381
2025-03-04 05:58:22,1.781381
2025-03-04 05:58:52,1.781381
2025-03-04 05:59:22,1.781381
2025-03-04 05:59:52,1.781381
2025-03-04 06:00:23,1.781381
2025-03-04 06:00:53,1.781381
2025-03-04 06:01:23,1.781381
2025-03-04 06:01:53,1.781381
2025-03-04 06:02:23,1.781381
2025-03-04 06:02:53,1.781381
2025-03-04 06:03:24,1.781381
2025-03-04 06:03:54,1.781381
2025-03-04 06:04:24,1.781381
2025-03-04 06:04:54,1.781381
2025-03-04 06:05:24,1.781381
2025-03-04 06:05:54,1.781381
2025-03-04 06:06:24,1.781381
2025-03-04 06:06:55,1.781381
2025-03-04 06:07:25,1.781381
2025-03-04 06:07:55,1.781381
2025-03-04 06:08:25,1.781381
2025-03-04 06:08:55,1.781381
2025-03-04 06:09:25,1.781381
2025-03-04 06:09:55,1.781381
2025-03-04 06:10:26,1.781381
2025-03-04 06:10:56,1.781381
2025-03-04 06:11:26,1.781381
2025-03-04 06:11:56,1.781381
2025-03-04 06:12:26,1.781381
2025-03-04 06:12:56,1.781381
2025-03-04 06:13:26,1.781381
2025-03-04 06:13:57,1.781381
2025-03-04 06:14:27,1.781381
2025-03-04 06:14:57,1.781381
2025-03-04 06:15:27,1.781381
2025-03-04 06:15:57,1.781381
2025-03-04 06:16:27,1.781381
2025-03-04 06:16:57,1.781381
2025-03-04 06:17:28,1.781381
2025-03-04 06:17:58,1.781381
2025-03-04 06:18:28,1.781381
2025-03-04 06:18:58,1.781381
2025-03-04 06:19:28,1.781381
2025-03-04 06:19:58,1.781381
2025-03-04 06:20:28,1.781381
2025-03-04 06:20:59,1.781381
2025-03-04 06:21:29,1.781381
2025-03-04 06:21:59,1.781381
2025-03-04 06:22:29,1.781381
2025-03-04 06:22:59,1.781381
2025-03-04 06:23:29,1.781381
2025-03-04 06:23:59,1.781381
2025-03-04 06:24:29,1.781381
2025-03-04 06:25:00,1.781381
2025-03-04 06:25:30,1.781381
2025-03-04 06:26:00,1.781381
2025-03-04 06:26:30,1.781381
2025-03-04 06:27:00,1.781381
2025-03-04 06:27:30,1.781381
2025-03-04 06:28:00,1.781381
2025-03-04 06:28:30,1.781381
2025-03-04 06:29:01,1.781381
2025-03-04 06:29:31,1.781381
2025-03-04 06:30:01,1.781381
2025-03-04 06:30:31,1.781381
2025-03-04 06:31:01,1.781381
2025-03-04 06:31:31,1.781381
2025-03-04 06:32:01,1.781381
2025-03-04 06:32:32,1.781381
2025-03-04 06:33:02,1.781381
2025-03-04 06:33:32,1.781381
2025-03-04 06:34:02,1.781381
2025-03-04 06:34:32,1.781381
2025-03-04 06:35:02,1.781381
2025-03-04 06:35:32,1.781381
2025-03-04 06:36:03,1.781381
2025-03-04 06:36:33,1.781381
2025-03-04 06:37:03,1.781381
2025-03-04 06:37:33,1.781381
2025-03-04 06:38:03,1.781381
2025-03-04 06:38:33,1.781381
2025-03-04 06:39:03,1.781381
2025-03-04 06:39:34,1.781381
2025-03-04 06:40:04,1.781381
2025-03-04 06:40:34,1.781381
2025-03-04 06:41:04,1.781381
2025-03-04 06:41:34,1.781381
2025-03-04 06:42:04,1.781381
2025-03-04 06:42:34,1.781381
2025-03-04 06:43:04,1.781381
2025-03-04 06:43:35,1.781381
2025-03-04 06:44:05,1.781381
2025-03-04 06:44:35,1.781381
2025-03-04 06:45:05,1.781381
2025-03-04 06:45:35,1.781381
2025-03-04 06:46:05,1.781381
2025-03-04 06:46:35,1.781381
2025-03-04 06:47:05,1.781381
2025-03-04 06:47:36,1.781381
2025-03-04 06:48:06,1.781381
2025-03-04 06:48:36,1.781381
2025-03-04 06:49:06,1.781381
2025-03-04 06:49:36,1.781381
2025-03-04 06:50:06,1.781381
2025-03-04 06:50:36,1.781381
2025-03-04 06:51:06,1.781381
2025-03-04 06:51:37,1.781381
2025-03-04 06:52:07,1.781381
2025-03-04 06:52:37,1.781381
2025-03-04 06:53:07,1.781381
2025-03-04 06:53:37,1.781381
2025-03-04 06:54:07,1.781381
2025-03-04 06:54:37,1.781381
2025-03-04 06:55:08,1.781381
2025-03-04 06:55:38,1.781381
2025-03-04 06:56:08,1.781381
2025-03-04 06:56:38,1.781381
2025-03-04 06:57:08,1.781381
2025-03-04 06:57:38,1.781381
2025-03-04 06:58:08,1.781381
2025-03-04 06:58:38,1.781381
2025-03-04 06:59:09,1.781381
2025-03-04 06:59:39,1.781381
2025-03-04 07:00:09,1.781381
2025-03-04 07:00:39,1.781381
2025-03-04 07:01:09,1.781381
2025-03-04 07:01:39,1.781381
2025-03-04 07:02:09,1.781381
2025-03-04 07:02:40,1.781381
2025-03-04 07:03:10,1.781381
2025-03-04 07:03:40,1.781381
2025-03-04 07:04:10,1.781381
2025-03-04 07:04:40,1.781381
2025-03-04 07:05:10,1.781381
2025-03-04 07:05:40,1.781381
2025-03-04 07:06:11,1.781381
2025-03-04 07:06:41,1.781381
2025-03-04 07:07:11,1.781381
2025-03-04 07:07:41,1.781381
2025-03-04 07:08:11,1.781381
2025-03-04 07:08:41,1.781381
2025-03-04 07:09:11,1.781381
2025-03-04 07:09:42,1.781381
2025-03-04 07:10:12,1.781381
2025-03-04 07:10:42,1.781381
2025-03-04 07:11:12,1.781381
2025-03-04 07:11:42,1.781381
2025-03-04 07:12:12,1.781381
2025-03-04 07:12:43,1.781381
2025-03-04 07:13:13,1.781381
2025-03-04 07:13:43,1.781381
2025-03-04 07:14:13,1.781381
2025-03-04 07:14:43,1.781381
2025-03-04 07:15:13,1.781381
2025-03-04 07:15:43,1.781381
2025-03-04 07:16:13,1.781381
2025-03-04 07:16:44,1.781381
2025-03-04 07:17:14,1.781381
2025-03-04 07:17:44,1.781381
2025-03-04 07:18:14,1.781381
2025-03-04 07:18:44,1.781381
2025-03-04 07:19:14,1.781381
2025-03-04 07:19:44,1.781381
2025-03-04 07:20:14,1.781381
2025-03-04 07:20:45,1.781381
2025-03-04 07:21:15,1.781381
2025-03-04 07:21:45,1.781381
2025-03-04 07:22:15,1.781381
2025-03-04 07:22:45,1.781381
2025-03-04 07:23:15,1.781381
2025-03-04 07:23:45,1.781381
2025-03-04 07:24:16,1.781381
2025-03-04 07:24:46,1.781381
2025-03-04 07:25:16,1.781381
2025-03-04 07:25:46,1.781381
2025-03-04 07:26:16,1.781381
2025-03-04 07:26:46,1.781381
2025-03-04 07:27:16,1.781381
2025-03-04 07:27:47,1.781381
2025-03-04 07:28:17,1.781381
2025-03-04 07:28:47,1.781381
2025-03-04 07:29:17,1.781381
2025-03-04 07:29:47,1.781381
2025-03-04 07:30:17,1.781381
2025-03-04 07:30:47,1.781381
2025-03-04 07:31:17,1.781381
2025-03-04 07:31:48,1.781381
2025-03-04 07:32:18,1.781381
2025-03-04 07:32:48,1.781381
2025-03-04 07:33:18,1.781381
2025-03-04 07:33:48,1.781381
2025-03-04 07:34:18,1.781381
2025-03-04 07:34:48,1.781381
2025-03-04 07:35:19,1.781381
2025-03-04 07:35:49,1.781381
2025-03-04 07:36:19,1.781381
2025-03-04 07:36:49,1.781381
2025-03-04 07:37:19,1.781381
2025-03-04 07:37:49,1.781381
2025-03-04 07:38:19,1.781381
2025-03-04 07:38:50,1.781381
2025-03-04 07:39:20,1.781381
2025-03-04 07:39:50,1.781381
2025-03-04 07:40:20,1.781381
2025-03-04 07:40:50,1.781381
2025-03-04 07:41:20,1.781381
2025-03-04 07:41:51,1.781381
2025-03-04 07:42:21,1.781381
2025-03-04 07:42:51,1.781381
2025-03-04 07:43:21,1.781381
2025-03-04 07:43:51,1.781381
2025-03-04 07:44:21,1.781381
2025-03-04 07:44:51,1.781381
2025-03-04 07:45:21,1.781381
2025-03-04 07:45:52,1.781381
2025-03-04 07:46:22,1.781381
2025-03-04 07:46:52,1.781381
2025-03-04 07:47:22,1.781381
2025-03-04 07:47:52,1.781381
2025-03-04 07:48:22,1.781381
2025-03-04 07:48:52,1.781381
2025-03-04 07:49:23,1.781381
2025-03-04 07:49:53,1.781381
2025-03-04 07:50:23,1.781381
2025-03-04 07:50:53,1.781381
2025-03-04 07:51:23,1.781381
2025-03-04 07:51:53,1.781381
2025-03-04 07:52:23,1.781381
2025-03-04 07:52:54,1.781381
2025-03-04 07:53:24,1.781381
2025-03-04 07:53:54,1.781381
2025-03-04 07:54:24,1.781381
2025-03-04 07:54:54,1.781381
2025-03-04 07:55:24,1.781381
2025-03-04 07:55:54,1.781381
2025-03-04 07:56:24,1.781381
2025-03-04 07:56:54,1.781381
2025-03-04 07:57:25,1.781381
2025-03-04 07:57:55,1.781381
2025-03-04 07:58:25,1.781381
2025-03-04 07:58:55,1.781381
2025-03-04 07:59:25,1.781381
2025-03-04 07:59:55,1.781381
2025-03-04 08:00:25,1.781381
2025-03-04 08:00:56,1.781381
2025-03-04 08:01:26,1.781381
2025-03-04 08:01:56,1.781381
2025-03-04 08:02:26,1.781381
2025-03-04 08:02:56,1.781381
2025-03-04 08:03:26,1.781381
2025-03-04 08:03:56,1.781381
2025-03-04 08:04:27,1.781381
2025-03-04 08:04:57,1.781381
2025-03-04 08:05:27,1.781381
2025-03-04 08:05:57,1.781381
2025-03-04 08:06:27,1.781381
2025-03-04 08:06:57,1.781381
2025-03-04 08:07:27,1.781381
2025-03-04 08:07:57,1.781381
2025-03-04 08:08:28,1.781381
2025-03-04 08:08:58,1.781381
2025-03-04 08:09:28,1.781381
2025-03-04 08:09:58,1.781381
2025-03-04 08:10:28,1.781381
2025-03-04 08:10:58,1.781381
2025-03-04 08:11:28,1.781381
2025-03-04 08:11:59,1.781381
2025-03-04 08:12:29,1.781381
2025-03-04 08:12:59,1.781381
2025-03-04 08:13:29,1.781381
2025-03-04 08:13:59,1.781381
2025-03-04 08:14:29,1.781381
2025-03-04 08:14:59,1.781381
2025-03-04 08:15:29,1.781381
2025-03-04 08:16:00,1.781381
2025-03-04 08:16:30,1.781381
2025-03-04 08:17:00,1.781381
2025-03-04 08:17:30,1.781381
2025-03-04 08:18:00,1.781381
2025-03-04 08:18:30,1.781381
2025-03-04 08:19:00,1.781381
2025-03-04 08:19:31,1.781381
2025-03-04 08:20:01,1.781381
2025-03-04 08:20:31,1.781381
2025-03-04 08:21:01,1.781381
2025-03-04 08:21:31,1.781381
2025-03-04 08:22:01,1.781381
2025-03-04 08:22:31,1.781381
2025-03-04 08:23:01,1.781381
2025-03-04 08:23:32,1.781381
2025-03-04 08:24:02,1.781381
2025-03-04 08:24:32,1.781381
2025-03-04 08:25:02,1.781381
2025-03-04 08:25:32,1.781381
2025-03-04 08:26:02,1.781381
2025-03-04 08:26:32,1.781381
2025-03-04 08:27:02,1.781381
2025-03-04 08:27:33,1.781381
2025-03-04 08:28:03,1.781381
2025-03-04 08:28:33,1.781381
2025-03-04 08:29:03,1.781381
2025-03-04 08:29:33,1.781381
2025-03-04 08:30:03,1.781381
2025-03-04 08:30:33,1.781381
2025-03-04 08:31:04,1.781381
2025-03-04 08:31:34,1.781381
2025-03-04 08:32:04,1.781381
2025-03-04 08:32:34,1.781381
2025-03-04 08:33:04,1.781381
2025-03-04 08:33:34,1.781381
2025-03-04 08:34:04,1.781381
2025-03-04 08:34:35,1.781381
2025-03-04 08:35:05,1.781381
2025-03-04 08:35:35,1.781381
2025-03-04 08:36:05,1.781381
2025-03-04 08:36:35,1.781381
2025-03-04 08:37:05,1.781381
2025-03-04 08:37:35,1.781381
2025-03-04 08:38:05,1.781381
2025-03-04 08:38:36,1.781381
2025-03-04 08:39:06,1.781381
2025-03-04 08:39:36,1.781381
2025-03-04 08:40:06,1.781381
2025-03-04 08:40:36,1.781381
2025-03-04 08:41:06,1.781381
2025-03-04 08:41:36,1.781381
2025-03-04 08:42:07,1.781381
2025-03-04 08:42:37,1.781381
2025-03-04 08:43:07,1.781381
2025-03-04 08:43:37,1.781381
2025-03-04 08:44:07,1.781381
2025-03-04 08:44:37,1.781381
2025-03-04 08:45:07,1.781381
2025-03-04 08:45:38,1.781381
2025-03-04 08:46:08,1.781381
2025-03-04 08:46:38,1.781381
2025-03-04 08:47:08,1.781381
2025-03-04 08:47:38,1.781381
2025-03-04 08:48:08,1.781381
2025-03-04 08:48:38,1.781381
2025-03-04 08:49:09,1.781381
2025-03-04 08:49:39,1.781381
2025-03-04 08:50:09,1.781381
2025-03-04 08:50:39,1.781381
2025-03-04 08:51:09,1.781381
2025-03-04 08:51:39,1.781381
2025-03-04 08:52:09,1.781381
2025-03-04 08:52:39,1.781381
2025-03-04 08:53:10,1.781381
2025-03-04 08:53:40,1.781381
2025-03-04 08:54:10,1.781381
2025-03-04 08:54:40,1.781381
2025-03-04 08:55:10,1.781381
2025-03-04 08:55:40,1.781381
2025-03-04 08:56:11,1.781381
2025-03-04 08:56:41,1.781381
2025-03-04 08:57:11,1.781381
2025-03-04 08:57:41,1.781381
2025-03-04 08:58:11,1.781381
2025-03-04 08:58:41,1.781381
2025-03-04 08:59:12,1.781381
2025-03-04 08:59:42,1.781381
2025-03-04 09:00:12,1.781381
2025-03-04 09:00:42,1.781381
2025-03-04 09:01:12,1.781381
2025-03-04 09:01:42,1.781381
2025-03-04 09:02:13,1.781381
2025-03-04 09:02:43,1.781381
2025-03-04 09:03:13,1.781381
2025-03-04 09:03:43,1.781381
2025-03-04 09:04:13,1.781381
2025-03-04 09:04:43,1.781381
2025-03-04 09:05:13,1.781381
2025-03-04 09:05:44,1.781381
2025-03-04 09:06:14,1.781381
2025-03-04 09:06:44,1.781381
2025-03-04 09:07:14,1.781381
2025-03-04 09:07:44,1.781381
2025-03-04 09:08:14,1.781381
2025-03-04 09:08:44,1.781381
2025-03-04 09:09:15,1.781381
2025-03-04 09:09:45,1.781381
2025-03-04 09:10:15,1.781381
2025-03-04 09:10:45,1.781381
2025-03-04 09:11:15,1.781381
2025-03-04 09:11:45,1.781381
2025-03-04 09:12:15,1.781381
2025-03-04 09:12:46,1.781381
2025-03-04 09:13:16,1.781381
2025-03-04 09:13:46,1.781381
2025-03-04 09:14:16,1.781381
2025-03-04 09:14:46,1.781381
2025-03-04 09:15:16,1.781381
2025-03-04 09:15:47,1.781381
2025-03-04 09:16:17,1.781381
2025-03-04 09:16:47,1.781381
2025-03-04 09:17:17,1.781381
2025-03-04 09:17:47,1.781381
2025-03-04 09:18:17,1.781381
2025-03-04 09:18:47,1.781381
2025-03-04 09:19:17,1.781381
2025-03-04 09:19:48,1.781381
2025-03-04 09:20:18,1.781381
2025-03-04 09:20:48,1.781381
2025-03-04 09:21:18,1.781381
2025-03-04 09:21:48,1.781381
2025-03-04 09:22:18,1.781381
2025-03-04 09:22:48,1.781381
2025-03-04 09:23:19,1.781381
2025-03-04 09:23:49,1.781381
2025-03-04 09:24:19,1.781381
2025-03-04 09:24:49,1.781381
2025-03-04 09:25:19,1.781381
2025-03-04 09:25:49,1.781381
2025-03-04 09:26:19,1.781381
2025-03-04 09:26:50,1.781381
2025-03-04 09:27:20,1.781381
2025-03-04 09:27:50,1.781381
2025-03-04 09:28:20,1.781381
2025-03-04 09:28:50,1.781381
2025-03-04 09:29:20,1.781381
2025-03-04 09:29:50,1.781381
2025-03-04 09:30:21,1.781381
2025-03-04 09:30:51,1.781381
2025-03-04 09:31:21,1.781381
2025-03-04 09:31:51,1.781381
2025-03-04 09:32:21,1.781381
2025-03-04 09:32:51,1.781381
2025-03-04 09:33:21,1.781381
2025-03-04 09:33:51,1.781381
2025-03-04 09:34:22,1.781381
2025-03-04 09:34:52,1.781381
2025-03-04 09:35:22,1.781381
2025-03-04 09:35:52,1.781381
2025-03-04 09:36:22,1.781381
2025-03-04 09:36:52,1.781381
2025-03-04 09:37:22,1.781381
2025-03-04 09:37:52,1.781381
2025-03-04 09:38:23,1.781381
2025-03-04 09:38:53,1.781381
2025-03-04 09:39:23,1.781381
2025-03-04 09:39:53,1.781381
2025-03-04 09:40:23,1.781381
2025-03-04 09:40:53,1.781381
2025-03-04 09:41:23,1.781381
2025-03-04 09:41:54,1.781381
2025-03-04 09:42:24,1.781381
2025-03-04 09:42:54,1.781381
2025-03-04 09:43:24,1.781381
2025-03-04 09:43:54,1.781381
2025-03-04 09:44:24,1.781381
2025-03-04 09:44:55,1.781381
2025-03-04 09:45:25,1.781381
2025-03-04 09:45:55,1.781381
2025-03-04 09:46:25,1.781381
2025-03-04 09:46:55,1.781381
2025-03-04 09:47:25,1.781381
2025-03-04 09:47:55,1.781381
2025-03-04 09:48:26,1.781381
2025-03-04 09:48:56,1.781381
2025-03-04 09:49:26,1.781381
2025-03-04 09:49:56,1.781381
2025-03-04 09:50:26,1.781381
2025-03-04 09:50:56,1.781381
2025-03-04 09:51:26,1.781381
2025-03-04 09:51:57,1.781381
2025-03-04 09:52:27,1.781381
2025-03-04 09:52:57,1.781381
2025-03-04 09:53:27,1.781381
2025-03-04 09:53:57,1.781381
2025-03-04 09:54:27,1.781381
2025-03-04 09:54:57,1.781381
2025-03-04 09:55:27,1.781381
2025-03-04 09:55:58,1.781381
2025-03-04 09:56:28,1.781381
2025-03-04 09:56:58,1.781381
2025-03-04 09:57:28,1.781381
2025-03-04 09:57:58,1.781381
2025-03-04 09:58:28,1.781381
2025-03-04 09:58:58,1.781381
2025-03-04 09:59:29,1.781381
2025-03-04 09:59:59,1.781381
2025-03-04 10:00:29,1.781381
2025-03-04 10:00:59,1.781381
2025-03-04 10:01:29,1.781381
2025-03-04 10:01:59,1.781381
2025-03-04 10:02:29,1.781381
2025-03-04 10:03:00,1.781381
2025-03-04 10:03:30,1.781381
2025-03-04 10:04:00,1.781381
2025-03-04 10:04:30,1.781381
2025-03-04 10:05:00,1.781381
2025-03-04 10:05:30,1.781381
2025-03-04 10:06:00,1.781381
2025-03-04 10:06:31,1.781381
2025-03-04 10:07:01,1.781381
2025-03-04 10:07:31,1.781381
2025-03-04 10:08:01,1.781381
2025-03-04 10:08:31,1.781381
2025-03-04 10:09:01,1.781381
2025-03-04 10:09:31,1.781381
2025-03-04 10:10:01,1.781381
2025-03-04 10:10:32,1.781381
2025-03-04 10:11:02,1.781381
2025-03-04 10:11:32,1.781381
2025-03-04 10:12:02,1.781381
2025-03-04 10:12:32,1.781381
2025-03-04 10:13:02,1.781381
2025-03-04 10:13:32,1.781381
2025-03-04 10:14:02,1.781381
2025-03-04 10:14:33,1.781381
2025-03-04 10:15:03,1.781381
2025-03-04 10:15:33,1.781381
2025-03-04 10:16:03,1.781381
2025-03-04 10:16:33,1.781381
2025-03-04 10:17:03,1.781381
2025-03-04 10:17:33,1.781381
2025-03-04 10:18:03,1.781381
2025-03-04 10:18:34,1.781381
2025-03-04 10:19:04,1.781381
2025-03-04 10:19:34,1.781381
2025-03-04 10:20:04,1.781381
2025-03-04 10:20:34,1.781381
2025-03-04 10:21:04,1.781381
2025-03-04 10:21:35,1.781381
2025-03-04 10:22:05,1.781381
2025-03-04 10:22:35,1.781381
2025-03-04 10:23:05,1.781381
2025-03-04 10:23:35,1.781381
2025-03-04 10:24:05,1.781381
2025-03-04 10:24:35,1.781381
2025-03-04 10:25:06,1.781381
2025-03-04 10:25:36,1.781381
2025-03-04 10:26:06,1.781381
2025-03-04 10:26:36,1.781381
2025-03-04 10:27:06,1.781381
2025-03-04 10:27:36,1.781381
2025-03-04 10:28:06,1.781381
2025-03-04 10:28:37,1.781381
2025-03-04 10:29:07,1.781381
2025-03-04 10:29:37,1.781381
2025-03-04 10:30:07,1.781381
2025-03-04 10:30:37,1.781381
2025-03-04 10:31:07,1.781381
2025-03-04 10:31:37,1.781381
2025-03-04 10:32:08,1.781381
2025-03-04 10:32:38,1.781381
2025-03-04 10:33:08,1.781381
2025-03-04 10:33:38,1.781381
2025-03-04 10:34:08,1.781381
2025-03-04 10:34:38,1.781381
2025-03-04 10:35:09,1.781381
2025-03-04 10:35:39,1.781381
2025-03-04 10:36:09,1.781381
2025-03-04 10:36:39,1.781381
2025-03-04 10:37:09,1.781381
2025-03-04 10:37:39,1.781381
2025-03-04 10:38:09,1.781381
2025-03-04 10:38:39,1.781381
2025-03-04 10:39:10,1.781381
2025-03-04 10:39:40,1.781381
2025-03-04 10:40:10,1.781381
2025-03-04 10:40:40,1.781381
2025-03-04 10:41:10,1.781381
2025-03-04 10:41:40,1.781381
2025-03-04 10:42:10,1.781381
2025-03-04 10:42:41,1.781381
2025-03-04 10:43:11,1.781381
2025-03-04 10:43:41,1.781381
2025-03-04 10:44:11,1.781381
2025-03-04 10:44:41,1.781381
2025-03-04 10:45:11,1.781381
2025-03-04 10:45:41,1.781381
2025-03-04 10:46:11,1.781381
2025-03-04 10:46:42,1.781381
2025-03-04 10:47:12,1.781381
2025-03-04 10:47:42,1.781381
2025-03-04 10:48:12,1.781381
2025-03-04 10:48:42,1.781381
2025-03-04 10:49:12,1.781381
2025-03-04 10:49:43,1.781381
2025-03-04 10:50:13,1.781381
2025-03-04 10:50:43,1.781381
2025-03-04 10:51:13,1.781381
2025-03-04 10:51:43,1.781381
2025-03-04 10:52:13,1.781381
2025-03-04 10:52:43,1.781381
2025-03-04 10:53:13,1.781381
2025-03-04 10:53:43,1.781381
2025-03-04 10:54:14,1.781381
2025-03-04 10:54:44,1.781381
2025-03-04 10:55:14,1.781381
2025-03-04 10:55:44,1.781381
2025-03-04 10:56:14,1.781381
2025-03-04 10:56:44,1.781381
2025-03-04 10:57:14,1.781381
2025-03-04 10:57:44,1.781381
2025-03-04 10:58:15,1.781381
2025-03-04 10:58:45,1.781381
2025-03-04 10:59:15,1.781381
2025-03-04 10:59:45,1.781381
2025-03-04 11:00:15,1.781381
2025-03-04 11:00:45,1.781381
2025-03-04 11:01:15,1.781381
2025-03-04 11:01:45,1.781381
2025-03-04 11:02:16,1.781381
2025-03-04 11:02:46,1.781381
2025-03-04 11:03:16,1.781381
2025-03-04 11:03:46,1.781381
2025-03-04 11:04:16,1.781381
2025-03-04 11:04:46,1.781381
2025-03-04 11:05:17,1.781381
2025-03-04 11:05:47,1.781381
2025-03-04 11:06:17,1.781381
2025-03-04 11:06:47,1.781381
2025-03-04 11:07:17,1.781381
2025-03-04 11:07:47,1.781381
2025-03-04 11:08:17,1.781381
2025-03-04 11:08:47,1.781381
2025-03-04 11:09:18,1.781381
2025-03-04 11:09:48,1.781381
2025-03-04 11:10:18,1.781381
2025-03-04 11:10:48,1.781381
2025-03-04 11:11:18,1.781381
2025-03-04 11:11:48,1.781381
2025-03-04 11:12:18,1.781381
2025-03-04 11:12:48,1.781381
2025-03-04 11:13:19,1.781381
2025-03-04 11:13:49,1.781381
2025-03-04 11:14:19,1.781381
2025-03-04 11:14:49,1.781381
2025-03-04 11:15:19,1.781381
2025-03-04 11:15:49,1.781381
2025-03-04 11:16:19,1.781381
2025-03-04 11:16:50,1.781381
2025-03-04 11:17:20,1.781381
2025-03-04 11:17:50,1.781381
2025-03-04 11:18:20,1.781381
2025-03-04 11:18:50,1.781381
2025-03-04 11:19:20,1.781381
2025-03-04 11:19:51,1.781381
2025-03-04 11:20:21,1.781381
2025-03-04 11:20:51,1.781381
2025-03-04 11:21:21,1.781381
2025-03-04 11:21:51,1.781381
2025-03-04 11:22:21,1.781381
2025-03-04 11:22:51,1.781381
2025-03-04 11:23:21,1.781381
2025-03-04 11:23:52,1.781381
2025-03-04 11:24:22,1.781381
2025-03-04 11:24:52,1.781381
2025-03-04 11:25:22,1.781381
2025-03-04 11:25:52,1.781381
2025-03-04 11:26:22,1.781381
2025-03-04 11:26:52,1.781381
2025-03-04 11:27:22,1.781381
2025-03-04 11:27:53,1.781381
2025-03-04 11:28:23,1.781381
2025-03-04 11:28:53,1.781381
2025-03-04 11:29:23,1.781381
2025-03-04 11:29:53,1.781381
2025-03-04 11:30:23,1.781381
2025-03-04 11:30:53,1.781381
2025-03-04 11:31:23,1.781381
2025-03-04 11:31:54,1.781381
2025-03-04 11:32:24,1.781381
2025-03-04 11:32:54,1.781381
2025-03-04 11:33:24,1.781381
2025-03-04 11:33:54,1.781381
2025-03-04 11:34:24,1.781381
2025-03-04 11:34:55,1.781381
2025-03-04 11:35:25,1.781381
2025-03-04 11:35:55,1.781381
2025-03-04 11:36:25,1.781381
2025-03-04 11:36:55,1.781381
2025-03-04 11:37:25,1.781381
2025-03-04 11:37:55,1.781381
2025-03-04 11:38:25,1.781381
2025-03-04 11:38:55,1.781381
2025-03-04 11:39:26,1.781381
2025-03-04 11:39:56,1.781381
2025-03-04 11:40:26,1.781381
2025-03-04 11:40:56,1.781381
2025-03-04 11:41:26,1.781381
2025-03-04 11:41:56,1.781381
2025-03-04 11:42:26,1.781381
2025-03-04 11:42:57,1.781381
2025-03-04 11:43:27,1.781381
2025-03-04 11:43:57,1.781381
2025-03-04 11:44:27,1.781381
2025-03-04 11:44:57,1.781381
2025-03-04 11:45:27,1.781381
2025-03-04 11:45:57,1.781381
2025-03-04 11:46:27,1.781381
2025-03-04 11:46:58,1.781381
2025-03-04 11:47:28,1.781381
2025-03-04 11:47:58,1.781381
2025-03-04 11:48:28,1.781381
2025-03-04 11:48:58,1.781381
2025-03-04 11:49:28,1.781381
2025-03-04 11:49:59,1.781381
2025-03-04 11:50:29,1.781381
2025-03-04 11:50:59,1.781381
2025-03-04 11:51:29,1.781381
2025-03-04 11:51:59,1.781381
2025-03-04 11:52:29,1.781381
2025-03-04 11:52:59,1.781381
2025-03-04 11:53:29,1.781381
2025-03-04 11:54:00,1.781381
2025-03-04 11:54:30,1.781381
2025-03-04 11:55:00,1.781381
2025-03-04 11:55:30,1.781381
2025-03-04 11:56:00,1.781381
2025-03-04 11:56:30,1.781381
2025-03-04 11:57:00,1.781381
2025-03-04 11:57:30,1.781381
2025-03-04 11:58:01,1.781381
2025-03-04 11:58:31,1.781381
2025-03-04 11:59:01,1.781381
2025-03-04 11:59:31,1.781381
2025-03-04 12:00:01,1.781381
2025-03-04 12:00:31,1.781381
2025-03-04 12:01:01,1.781381
2025-03-04 12:01:31,1.781381
2025-03-04 12:02:02,1.781381
2025-03-04 12:02:32,1.781381
2025-03-04 12:03:02,1.781381
2025-03-04 12:03:32,1.781381
2025-03-04 12:04:02,1.781381
2025-03-04 12:04:33,1.781381
2025-03-04 12:05:03,1.781381
2025-03-04 12:05:33,1.781381
2025-03-04 12:06:03,1.781381
2025-03-04 12:06:33,1.781381
2025-03-04 12:07:03,1.781381
2025-03-04 12:07:33,1.781381
2025-03-04 12:08:03,1.781381
2025-03-04 12:08:34,1.781381
2025-03-04 12:09:04,1.781381
2025-03-04 12:09:34,1.781381
2025-03-04 12:10:04,1.781381
2025-03-04 12:10:34,1.781381
2025-03-04 12:11:04,1.781381
2025-03-04 12:11:34,1.781381
2025-03-04 12:12:05,1.781381
2025-03-04 12:12:35,1.781381
2025-03-04 12:13:05,1.781381
2025-03-04 12:13:35,1.781381
2025-03-04 12:14:05,1.781381
2025-03-04 12:14:35,1.781381
2025-03-04 12:15:05,1.781381
2025-03-04 12:15:35,1.781381
2025-03-04 12:16:06,1.781381
2025-03-04 12:16:36,1.781381
2025-03-04 12:17:06,1.781381
2025-03-04 12:17:36,1.781381
2025-03-04 12:18:06,1.781381
2025-03-04 12:18:36,1.781381
2025-03-04 12:19:06,1.781381
2025-03-04 12:19:37,1.781381
2025-03-04 12:20:07,1.781381
2025-03-04 12:20:37,1.781381
2025-03-04 12:21:07,1.781381
2025-03-04 12:21:37,1.781381
2025-03-04 12:22:07,1.781381
2025-03-04 12:22:37,1.781381
2025-03-04 12:23:08,1.781381
2025-03-04 12:23:38,1.781381
2025-03-04 12:24:08,1.781381
2025-03-04 12:24:38,1.781381
2025-03-04 12:25:08,1.781381
2025-03-04 12:25:38,1.781381
2025-03-04 12:26:08,1.781381
2025-03-04 12:26:39,1.781381
2025-03-04 12:27:09,1.781381
2025-03-04 12:27:39,1.781381
2025-03-04 12:28:09,1.781381
2025-03-04 12:28:39,1.781381
2025-03-04 12:29:09,1.781381
2025-03-04 12:29:39,1.781381
2025-03-04 12:30:10,1.781381
2025-03-04 12:30:40,1.781381
2025-03-04 12:31:10,1.781381
2025-03-04 12:31:40,1.781381
2025-03-04 12:32:10,1.781381
2025-03-04 12:32:40,1.781381
2025-03-04 12:33:10,1.781381
2025-03-04 12:33:40,1.781381
2025-03-04 12:34:11,1.781381
2025-03-04 12:34:41,1.781381
2025-03-04 12:35:11,1.781381
2025-03-04 12:35:41,1.781381
2025-03-04 12:36:11,1.781381
2025-03-04 12:36:41,1.781381
2025-03-04 12:37:12,1.781381
2025-03-04 12:37:42,1.781381
2025-03-04 12:38:12,1.781381
2025-03-04 12:38:42,1.781381
2025-03-04 12:39:12,1.781381
2025-03-04 12:39:42,1.781381
2025-03-04 12:40:12,1.781381
2025-03-04 12:40:42,1.781381
2025-03-04 12:41:13,1.781381
2025-03-04 12:41:43,1.781381
2025-03-04 12:42:13,1.781381
2025-03-04 12:42:43,1.781381
2025-03-04 12:43:13,1.781381
2025-03-04 12:43:43,1.781381
2025-03-04 12:44:13,1.781381
2025-03-04 12:44:43,1.781381
2025-03-04 12:45:14,1.781381
2025-03-04 12:45:44,1.781381
2025-03-04 12:46:14,1.781381
2025-03-04 12:46:44,1.781381
2025-03-04 12:47:14,1.781381
2025-03-04 12:47:44,1.781381
2025-03-04 12:48:14,1.781381
2025-03-04 12:48:45,1.781381
2025-03-04 12:49:15,1.781381
2025-03-04 12:49:45,1.781381
2025-03-04 12:50:15,1.781381
2025-03-04 12:50:45,1.781381
2025-03-04 12:51:15,1.781381
2025-03-04 12:51:45,1.781381
2025-03-04 12:52:16,1.781381
2025-03-04 12:52:46,1.781381
2025-03-04 12:53:16,1.781381
2025-03-04 12:53:46,1.781381
2025-03-04 12:54:16,1.781381
2025-03-04 12:54:46,1.781381
2025-03-04 12:55:16,1.781381
2025-03-04 12:55:47,1.781381
2025-03-04 12:56:17,1.781381
2025-03-04 12:56:47,1.781381
2025-03-04 12:57:17,1.781381
2025-03-04 12:57:48,1.781381
2025-03-04 12:58:18,1.781381
2025-03-04 12:58:48,1.781381
2025-03-04 12:59:18,1.781381
2025-03-04 12:59:48,1.781381
2025-03-04 13:00:18,1.781381
2025-03-04 13:00:48,1.781381
2025-03-04 13:01:18,1.781381
2025-03-04 13:01:49,1.781381
2025-03-04 13:02:19,1.781381
2025-03-04 13:02:49,1.781381
2025-03-04 13:03:19,1.781381
2025-03-04 13:03:49,1.781381
2025-03-04 13:04:19,1.781381
2025-03-04 13:04:50,1.781381
2025-03-04 13:05:20,1.781381
2025-03-04 13:05:50,1.781381
2025-03-04 13:06:20,1.781381
2025-03-04 13:06:50,1.781381
2025-03-04 13:07:20,1.781381
2025-03-04 13:07:51,1.781381
2025-03-04 13:08:21,1.781381
2025-03-04 13:08:51,1.781381
2025-03-04 13:09:22,1.781381
2025-03-04 13:09:52,1.781381
2025-03-04 13:10:22,1.781381
2025-03-04 13:10:52,1.781381
2025-03-04 13:11:22,1.781381
2025-03-04 13:11:52,1.781381
2025-03-04 13:12:22,1.781381
2025-03-04 13:12:52,1.781381
2025-03-04 13:13:23,1.781381
2025-03-04 13:13:53,1.781381
2025-03-04 13:14:23,1.781381
2025-03-04 13:14:53,1.781381
2025-03-04 13:15:23,1.781381
2025-03-04 13:15:53,1.781381
2025-03-04 13:16:24,1.781381
2025-03-04 13:16:54,1.781381
2025-03-04 13:17:24,1.781381
2025-03-04 13:17:54,1.781381
2025-03-04 13:18:24,1.781381
2025-03-04 13:18:54,1.781381
2025-03-04 13:19:24,1.781381
2025-03-04 13:19:55,1.781381
2025-03-04 13:20:25,1.781381
2025-03-04 13:20:55,1.781381
2025-03-04 13:21:25,1.781381
2025-03-04 13:21:55,1.781381
2025-03-04 13:22:25,1.781381
2025-03-04 13:22:55,1.781381
2025-03-04 13:23:25,1.781381
2025-03-04 13:23:56,1.781381
2025-03-04 13:24:26,1.781381
2025-03-04 13:24:56,1.781381
2025-03-04 13:25:26,1.781381
2025-03-04 13:25:56,1.781381
2025-03-04 13:26:26,1.781381
2025-03-04 13:26:56,1.781381
2025-03-04 13:27:27,1.781381
2025-03-04 13:27:57,1.781381
2025-03-04 13:28:27,1.781381
2025-03-04 13:28:57,1.781381
2025-03-04 13:29:27,1.781381
2025-03-04 13:29:57,1.781381
2025-03-04 13:30:27,1.781381
2025-03-04 13:30:57,1.781381
2025-03-04 13:31:28,1.781381
2025-03-04 13:31:58,1.781381
2025-03-04 13:32:28,1.781381
2025-03-04 13:32:58,1.781381
2025-03-04 13:33:28,1.781381
2025-03-04 13:33:58,1.781381
2025-03-04 13:34:28,1.781381
2025-03-04 13:34:59,1.781381
2025-03-04 13:35:29,1.781381
2025-03-04 13:35:59,1.781381
2025-03-04 13:36:29,1.781381
2025-03-04 13:36:59,1.781381
2025-03-04 13:37:29,1.781381
2025-03-04 13:37:59,1.781381
2025-03-04 13:38:29,1.781381
2025-03-04 13:38:59,1.781381
2025-03-04 13:39:30,1.781381
2025-03-04 13:40:00,1.781381
2025-03-04 13:40:30,1.781381
2025-03-04 13:41:00,1.781381
2025-03-04 13:41:30,1.781381
2025-03-04 13:42:00,1.781381
2025-03-04 13:42:30,1.781381
2025-03-04 13:43:01,1.781381
2025-03-04 13:43:31,1.781381
2025-03-04 13:44:01,1.781381
2025-03-04 13:44:31,1.781381
2025-03-04 13:45:01,1.781381
2025-03-04 13:45:31,1.781381
2025-03-04 13:46:01,1.781381
2025-03-04 13:46:31,1.781381
2025-03-04 13:47:01,1.781381
2025-03-04 13:47:32,1.781381
2025-03-04 13:48:02,1.781381
2025-03-04 13:48:32,1.781381
2025-03-04 13:49:02,1.781381
2025-03-04 13:49:32,1.781381
2025-03-04 13:50:02,1.781381
2025-03-04 13:50:33,1.781381
2025-03-04 13:51:03,1.781381
2025-03-04 13:51:33,1.781381
2025-03-04 13:52:03,1.781381
2025-03-04 13:52:33,1.781381
2025-03-04 13:53:03,1.781381
2025-03-04 13:53:33,1.781381
2025-03-04 13:54:03,1.781381
2025-03-04 13:54:34,1.781381
2025-03-04 13:55:04,1.781381
2025-03-04 13:55:34,1.781381
2025-03-04 13:56:04,1.781381
2025-03-04 13:56:34,1.781381
2025-03-04 13:57:04,1.781381
2025-03-04 13:57:34,1.781381
2025-03-04 13:58:05,1.781381
2025-03-04 13:58:35,1.781381
2025-03-04 13:59:05,1.781381
2025-03-04 13:59:35,1.781381
2025-03-04 14:00:05,1.781381
2025-03-04 14:00:35,1.781381
2025-03-04 14:01:05,1.781381
2025-03-04 14:01:35,1.781381
2025-03-04 14:02:06,1.781381
2025-03-04 14:02:36,1.781381
2025-03-04 14:03:06,1.781381
2025-03-04 14:03:36,1.781381
2025-03-04 14:04:06,1.781381
2025-03-04 14:04:36,1.781381
2025-03-04 14:05:07,1.781381
2025-03-04 14:05:37,1.781381
2025-03-04 14:06:07,1.781381
2025-03-04 14:06:37,1.781381
2025-03-04 14:07:07,1.781381
2025-03-04 14:07:37,1.781381
2025-03-04 14:08:07,1.781381
2025-03-04 14:08:37,1.781381
2025-03-04 14:09:08,1.781381
2025-03-04 14:09:38,1.781381
2025-03-04 14:10:08,1.781381
2025-03-04 14:10:38,1.781381
2025-03-04 14:11:08,1.781381
2025-03-04 14:11:38,1.781381
2025-03-04 14:12:08,1.781381
2025-03-04 14:12:38,1.781381
2025-03-04 14:13:14,1.781381
2025-03-04 14:13:44,1.781381
2025-03-04 14:14:14,1.781381
2025-03-04 14:14:44,1.781381
2025-03-04 14:15:14,1.781381
2025-03-04 14:15:44,1.781381
2025-03-04 14:16:14,1.781381
2025-03-04 14:16:44,1.781381
2025-03-04 14:17:15,1.781381
2025-03-04 14:17:45,1.781381
2025-03-04 14:18:15,1.781381
2025-03-04 14:18:45,1.781381
2025-03-04 14:19:15,1.781381
2025-03-04 14:19:45,1.781381
2025-03-04 14:20:16,1.781381
2025-03-04 14:20:46,1.781381
2025-03-04 14:21:16,1.781381
2025-03-04 14:21:46,1.781381
2025-03-04 14:22:16,1.781381
2025-03-04 14:22:46,1.781381
2025-03-04 14:23:16,1.781381
2025-03-04 14:23:47,1.781381
2025-03-04 14:24:17,1.781381
2025-03-04 14:24:47,1.781381
2025-03-04 14:25:17,1.781381
2025-03-04 14:25:47,1.781381
2025-03-04 14:26:17,1.781381
2025-03-04 14:26:47,1.781381
2025-03-04 14:27:17,1.781381
2025-03-04 14:27:48,1.781381
2025-03-04 14:28:18,1.781381
2025-03-04 14:28:48,1.781381
2025-03-04 14:29:18,1.781381
2025-03-04 14:29:48,1.781381
2025-03-04 14:30:18,1.781381
2025-03-04 14:30:48,1.781381
2025-03-04 14:31:19,1.781381
2025-03-04 14:31:49,1.781381
2025-03-04 14:32:19,1.781381
2025-03-04 14:32:49,1.781381
2025-03-04 14:33:19,1.781381
2025-03-04 14:33:49,1.781381
2025-03-04 14:34:19,1.781381
2025-03-04 14:34:49,1.781381
2025-03-04 14:35:20,1.781381
2025-03-04 14:35:50,1.781381
2025-03-04 14:36:20,1.781381
2025-03-04 14:36:50,1.781381
2025-03-04 14:37:20,1.781381
2025-03-04 14:37:50,1.781381
2025-03-04 14:38:20,1.781381
2025-03-04 14:38:51,1.781381
2025-03-04 14:39:21,1.781381
2025-03-04 14:39:51,1.781381
2025-03-04 14:40:21,1.781381
2025-03-04 14:40:51,1.781381
2025-03-04 14:41:21,1.781381
2025-03-04 14:41:51,1.781381
2025-03-04 14:42:21,1.781381
2025-03-04 14:42:53,1.781381
2025-03-04 14:43:23,1.781381
2025-03-04 14:43:53,1.781381
2025-03-04 14:44:23,1.781381
2025-03-04 14:44:53,1.781381
2025-03-04 14:45:23,1.781381
2025-03-04 14:45:53,1.781381
2025-03-04 14:46:23,1.781381
2025-03-04 14:46:54,1.781381
2025-03-04 14:47:24,1.781381
2025-03-04 14:47:54,1.781381
2025-03-04 14:48:24,1.781381
2025-03-04 14:48:54,1.781381
2025-03-04 14:49:24,1.781381
2025-03-04 14:49:54,1.781381
2025-03-04 14:50:25,1.781381
2025-03-04 14:50:55,1.781381
2025-03-04 14:51:25,1.781381
2025-03-04 14:51:55,1.781381
2025-03-04 14:52:25,1.781381
2025-03-04 14:52:55,1.781381
2025-03-04 14:53:25,1.781381
2025-03-04 14:53:56,1.781381
2025-03-04 14:54:26,1.781381
2025-03-04 14:54:56,1.781381
2025-03-04 14:55:26,1.781381
2025-03-04 14:55:56,1.781381
2025-03-04 14:56:26,1.781381
2025-03-04 14:56:56,1.781381
2025-03-04 14:57:26,1.781381
2025-03-04 14:57:57,1.781381
2025-03-04 14:58:27,1.781381
2025-03-04 14:58:57,1.781381
2025-03-04 14:59:27,1.781381
2025-03-04 14:59:57,1.781381
2025-03-04 15:00:28,1.781381
2025-03-04 15:00:58,1.781381
2025-03-04 15:01:28,1.781381
2025-03-04 15:01:58,1.781381
2025-03-04 15:02:28,1.781381
2025-03-04 15:02:58,1.781381
2025-03-04 15:03:28,1.781381
2025-03-04 15:03:58,1.781381
2025-03-04 15:04:29,1.781381
2025-03-04 15:04:59,1.781381
2025-03-04 15:05:29,1.781381
2025-03-04 15:05:59,1.781381
2025-03-04 15:06:29,1.781381
2025-03-04 15:06:59,1.781381
2025-03-04 15:07:30,1.781381
2025-03-04 15:08:00,1.781381
2025-03-04 15:08:30,1.781381
2025-03-04 15:09:00,1.781381
2025-03-04 15:09:30,1.781381
2025-03-04 15:10:00,1.781381
2025-03-04 15:10:30,1.781381
2025-03-04 15:11:00,1.781381
2025-03-04 15:11:31,1.781381
2025-03-04 15:12:01,1.781381
2025-03-04 15:12:31,1.781381
2025-03-04 15:13:01,1.781381
2025-03-04 15:13:31,1.781381
2025-03-04 15:14:01,1.781381
2025-03-04 15:14:31,1.781381
2025-03-04 15:15:01,1.781381
2025-03-04 15:15:32,1.781381
2025-03-04 15:16:02,1.781381
2025-03-04 15:16:32,1.781381
2025-03-04 15:17:02,1.781381
2025-03-04 15:17:32,1.781381
2025-03-04 15:18:02,1.781381
2025-03-04 15:18:32,1.781381
2025-03-04 15:19:02,1.781381
2025-03-04 15:19:33,1.781381
2025-03-04 15:20:03,1.781381
2025-03-04 15:20:33,1.781381
2025-03-04 15:21:03,1.781381
2025-03-04 15:21:33,1.781381
2025-03-04 15:22:03,1.781381
2025-03-04 15:22:33,1.781381
2025-03-04 15:23:04,1.781381
2025-03-04 15:23:34,1.781381
2025-03-04 15:24:04,1.781381
2025-03-04 15:24:34,1.781381
2025-03-04 15:25:04,1.781381
2025-03-04 15:25:34,1.781381
2025-03-04 15:26:04,1.781381
2025-03-04 15:26:35,1.781381
2025-03-04 15:27:05,1.781381
2025-03-04 15:27:35,1.781381
2025-03-04 15:28:05,1.781381
2025-03-04 15:28:35,1.781381
2025-03-04 15:29:05,1.781381
2025-03-04 15:29:35,1.781381
2025-03-04 15:30:06,1.781381
2025-03-04 15:30:36,1.781381
2025-03-04 15:31:06,1.781381
2025-03-04 15:31:36,1.781381
2025-03-04 15:32:06,1.781381
2025-03-04 15:32:36,1.781381
2025-03-04 15:33:06,1.781381
2025-03-04 15:33:36,1.781381
2025-03-04 15:34:07,1.781381
2025-03-04 15:34:37,1.781381
2025-03-04 15:35:07,1.781381
2025-03-04 15:35:37,1.781381
2025-03-04 15:36:07,1.781381
2025-03-04 15:36:37,1.781381
2025-03-04 15:37:07,1.781381
2025-03-04 15:37:38,1.781381
2025-03-04 15:38:08,1.781381
2025-03-04 15:38:38,1.781381
2025-03-04 15:39:08,1.781381
2025-03-04 15:39:38,1.781381
2025-03-04 15:40:08,1.781381
2025-03-04 15:40:38,1.781381
2025-03-04 15:41:08,1.781381
2025-03-04 15:41:39,1.781381
2025-03-04 15:42:09,1.781381
2025-03-04 15:42:39,1.781381
2025-03-04 15:43:09,1.781381
2025-03-04 15:43:39,1.781381
2025-03-04 15:44:09,1.781381
2025-03-04 15:44:39,1.781381
2025-03-04 15:45:10,1.781381
2025-03-04 15:45:40,1.781381
2025-03-04 15:46:10,1.781381
2025-03-04 15:46:40,1.781381
2025-03-04 15:47:10,1.781381
2025-03-04 15:47:40,1.781381
2025-03-04 15:48:10,1.781381
2025-03-04 15:48:40,1.781381
2025-03-04 15:49:11,1.781381
2025-03-04 15:49:41,1.781381
2025-03-04 15:50:11,1.781381
2025-03-04 15:50:41,1.781381
2025-03-04 15:51:11,1.781381
2025-03-04 15:51:41,1.781381
2025-03-04 15:52:11,1.781381
2025-03-04 15:52:42,1.781381
2025-03-04 15:53:12,1.781381
2025-03-04 15:53:42,1.781381
2025-03-04 15:54:12,1.781381
2025-03-04 15:54:42,1.781381
2025-03-04 15:55:12,1.781381
2025-03-04 15:55:42,1.781381
2025-03-04 15:56:12,1.781381
2025-03-04 15:56:43,1.781381
2025-03-04 15:57:13,1.781381
2025-03-04 15:57:43,1.781381
2025-03-04 15:58:13,1.781381
2025-03-04 15:58:43,1.781381
2025-03-04 15:59:13,1.781381
2025-03-04 15:59:43,1.781381
2025-03-04 16:00:14,1.781381
2025-03-04 16:00:44,1.781381
2025-03-04 16:01:14,1.781381
2025-03-04 16:01:44,1.781381
2025-03-04 16:02:14,1.781381
2025-03-04 16:02:44,1.781381
2025-03-04 16:03:14,1.781381
2025-03-04 16:03:44,1.781381
2025-03-04 16:04:15,1.781381
2025-03-04 16:04:45,1.781381
2025-03-04 16:05:15,1.781381
2025-03-04 16:05:45,1.781381
2025-03-04 16:06:15,1.781381
2025-03-04 16:06:45,1.781381
2025-03-04 16:07:15,1.781381
2025-03-04 16:07:46,1.781381
2025-03-04 16:08:16,1.781381
2025-03-04 16:08:46,1.781381
2025-03-04 16:09:16,1.781381
2025-03-04 16:09:46,1.781381
2025-03-04 16:10:16,1.781381
2025-03-04 16:10:46,1.781381
2025-03-04 16:11:17,1.781381
2025-03-04 16:11:47,1.781381
2025-03-04 16:12:17,1.781381
2025-03-04 16:12:47,1.781381
2025-03-04 16:13:17,1.781381
2025-03-04 16:13:47,1.781381
2025-03-04 16:14:17,1.781381
2025-03-04 16:14:47,1.781381
2025-03-04 16:15:18,1.781381
2025-03-04 16:15:48,1.781381
2025-03-04 16:16:18,1.781381
2025-03-04 16:16:48,1.781381
2025-03-04 16:17:18,1.781381
2025-03-04 16:17:48,1.781381
2025-03-04 16:18:18,1.781381
2025-03-04 16:18:48,1.781381
2025-03-04 16:19:19,1.781381
2025-03-04 16:19:49,1.781381
2025-03-04 16:20:19,1.781381
2025-03-04 16:20:49,1.781381
2025-03-04 16:21:19,1.781381
2025-03-04 16:21:49,1.781381
2025-03-04 16:22:19,1.781381
2025-03-04 16:22:50,1.781381
2025-03-04 16:23:20,1.781381
2025-03-04 16:23:50,1.781381
2025-03-04 16:24:20,1.781381
2025-03-04 16:24:50,1.781381
2025-03-04 16:25:20,1.781381
2025-03-04 16:25:50,1.781381
2025-03-04 16:26:20,1.781381
2025-03-04 16:26:51,1.781381
2025-03-04 16:27:21,1.781381
2025-03-04 16:27:51,1.781381
2025-03-04 16:28:21,1.781381
2025-03-04 16:28:51,1.781381
2025-03-04 16:29:21,1.781381
2025-03-04 16:29:51,1.781381
2025-03-04 16:30:22,1.781381
2025-03-04 16:30:52,1.781381
2025-03-04 16:31:22,1.781381
2025-03-04 16:31:52,1.781381
2025-03-04 16:32:22,1.781381
2025-03-04 16:32:52,1.781381
2025-03-04 16:33:22,1.781381
2025-03-04 16:33:52,1.781381
2025-03-04 16:34:23,1.781381
2025-03-04 16:34:53,1.781381
2025-03-04 16:35:23,1.781381
2025-03-04 16:35:53,1.781381
2025-03-04 16:36:23,1.781381
2025-03-04 16:36:53,1.781381
2025-03-04 16:37:24,1.781381
2025-03-04 16:37:54,1.781381
2025-03-04 16:38:24,1.781381
2025-03-04 16:38:54,1.781381
2025-03-04 16:39:24,1.781381
2025-03-04 16:39:54,1.781381
2025-03-04 16:40:24,1.781381
2025-03-04 16:40:54,1.781381
2025-03-04 16:41:25,1.781381
2025-03-04 16:41:55,1.781381
2025-03-04 16:42:25,1.781381
2025-03-04 16:42:55,1.781381
2025-03-04 16:43:25,1.781381
2025-03-04 16:43:55,1.781381
2025-03-04 16:44:25,1.781381
2025-03-04 16:44:55,1.781381
2025-03-04 16:45:26,1.781381
2025-03-04 16:45:56,1.781381
2025-03-04 16:46:26,1.781381
2025-03-04 16:46:56,1.781381
2025-03-04 16:47:26,1.781381
2025-03-04 16:47:56,1.781381
2025-03-04 16:48:26,1.781381
2025-03-04 16:48:56,1.781381
2025-03-04 16:49:27,1.781381
2025-03-04 16:49:57,1.781381
2025-03-04 16:50:27,1.781381
2025-03-04 16:50:57,1.781381
2025-03-04 16:51:27,1.781381
2025-03-04 16:51:57,1.781381
2025-03-04 16:52:28,1.781381
2025-03-04 16:52:58,1.781381
2025-03-04 16:53:28,1.781381
2025-03-04 16:53:58,1.781381
2025-03-04 16:54:28,1.781381
2025-03-04 16:54:58,1.781381
2025-03-04 16:55:28,1.781381
2025-03-04 16:55:59,1.781381
2025-03-04 16:56:29,1.781381
2025-03-04 16:56:59,1.781381
2025-03-04 16:57:29,1.781381
2025-03-04 16:57:59,1.781381
2025-03-04 16:58:29,1.781381
2025-03-04 16:58:59,1.781381
2025-03-04 16:59:30,1.781381
2025-03-04 17:00:00,1.781381
2025-03-04 17:00:30,1.781381
2025-03-04 17:01:00,1.781381
2025-03-04 17:01:30,1.781381
2025-03-04 17:02:00,1.781381
2025-03-04 17:02:30,1.781381
2025-03-04 17:03:01,1.781381
2025-03-04 17:03:31,1.781381
2025-03-04 17:04:01,1.781381
2025-03-04 17:04:31,1.781381
2025-03-04 17:05:01,1.781381
2025-03-04 17:05:31,1.781381
2025-03-04 17:06:01,1.781381
2025-03-04 17:06:32,1.781381
2025-03-04 17:07:02,1.781381
2025-03-04 17:07:32,1.781381
2025-03-04 17:08:02,1.781381
2025-03-04 17:08:32,1.781381
2025-03-04 17:09:02,1.781381
2025-03-04 17:09:32,1.781381
2025-03-04 17:10:02,1.781381
2025-03-04 17:10:33,1.781381
2025-03-04 17:11:03,1.781381
2025-03-04 17:11:33,1.781381
2025-03-04 17:12:03,1.781381
2025-03-04 17:12:33,1.781381
2025-03-04 17:13:03,1.781381
2025-03-04 17:13:33,1.781381
2025-03-04 17:14:03,1.781381
2025-03-04 17:14:34,1.781381
2025-03-04 17:15:04,1.781381
2025-03-04 17:15:34,1.781381
2025-03-04 17:16:04,1.781381
2025-03-04 17:16:34,1.781381
2025-03-04 17:17:04,1.781381
2025-03-04 17:17:34,1.781381
2025-03-04 17:18:05,1.781381
2025-03-04 17:18:35,1.781381
2025-03-04 17:19:05,1.781381
2025-03-04 17:19:35,1.781381
2025-03-04 17:20:05,1.781381
2025-03-04 17:20:35,1.781381
2025-03-04 17:21:05,1.781381
2025-03-04 17:21:36,1.781381
2025-03-04 17:22:06,1.781381
2025-03-04 17:22:36,1.781381
2025-03-04 17:23:06,1.781381
2025-03-04 17:23:36,1.781381
2025-03-04 17:24:06,1.781381
2025-03-04 17:24:36,1.781381
2025-03-04 17:25:07,1.781381
2025-03-04 17:25:37,1.781381
2025-03-04 17:26:07,1.781381
2025-03-04 17:26:37,1.781381
2025-03-04 17:27:07,1.781381
2025-03-04 17:27:37,1.781381
2025-03-04 17:28:07,1.781381
2025-03-04 17:28:37,1.781381
2025-03-04 17:29:08,1.781381
2025-03-04 17:29:38,1.781381
2025-03-04 17:30:08,1.781381
2025-03-04 17:30:38,1.781381
2025-03-04 17:31:08,1.781381
2025-03-04 17:31:38,1.781381
2025-03-04 17:32:08,1.781381
2025-03-04 17:32:38,1.781381
2025-03-04 17:33:09,1.781381
2025-03-04 17:33:39,1.781381
2025-03-04 17:34:09,1.781381
2025-03-04 17:34:39,1.781381
2025-03-04 17:35:09,1.781381
2025-03-04 17:35:39,1.781381
2025-03-04 17:36:10,1.781381
2025-03-04 17:36:40,1.781381
2025-03-04 17:37:10,1.781381
2025-03-04 17:37:40,1.781381
2025-03-04 17:38:10,1.781381
2025-03-04 17:38:40,1.781381
2025-03-04 17:39:10,1.781381
2025-03-04 17:39:41,1.781381
2025-03-04 17:41:36,1.781381
2025-03-04 17:42:06,1.781381
2025-03-04 17:42:36,1.781381
2025-03-04 17:43:06,1.781381
2025-03-04 17:43:36,1.781381
2025-03-04 17:44:06,1.781381
2025-03-04 17:44:37,1.781381
2025-03-04 17:45:07,1.781381
2025-03-04 17:45:37,1.781381
2025-03-04 17:46:07,1.781381
2025-03-04 17:46:37,1.781381
2025-03-04 17:47:07,1.781381
2025-03-04 17:47:37,1.781381
2025-03-04 17:48:07,1.781381
2025-03-04 17:48:38,1.781381
2025-03-04 17:49:08,1.781381
2025-03-04 17:49:38,1.781381
2025-03-04 17:50:08,1.781381
2025-03-04 17:50:38,1.781381
2025-03-04 17:51:08,1.781381
2025-03-04 17:51:38,1.781381
2025-03-04 17:52:09,1.781381
2025-03-04 17:52:39,1.781381
2025-03-04 17:53:09,1.781381
2025-03-04 17:53:39,1.781381
2025-03-04 17:54:09,1.781381
2025-03-04 17:54:39,1.781381
2025-03-04 17:55:09,1.781381
2025-03-04 17:55:39,1.781381
2025-03-04 17:56:10,1.781381
2025-03-04 17:56:40,1.781381
2025-03-04 17:57:10,1.781381
2025-03-04 17:57:40,1.781381
2025-03-04 17:58:10,1.781381
2025-03-04 17:58:40,1.781381
2025-03-04 17:59:11,1.781381
2025-03-04 17:59:41,1.781381
2025-03-04 18:00:11,1.781381
2025-03-04 18:00:41,1.781381
2025-03-04 18:01:11,1.781381
2025-03-04 18:01:41,1.781381
2025-03-04 18:02:11,1.781381
2025-03-04 18:02:41,1.781381
2025-03-04 18:03:12,1.781381
2025-03-04 18:03:42,1.781381
2025-03-04 18:04:12,1.781381
2025-03-04 18:04:42,1.781381
2025-03-04 18:05:12,1.781381
2025-03-04 18:05:42,1.781381
2025-03-04 18:06:12,1.781381
2025-03-04 18:06:42,1.781381
2025-03-04 18:07:13,1.781381
2025-03-04 18:07:43,1.781381
2025-03-04 18:08:13,1.781381
2025-03-04 18:08:43,1.781381
2025-03-04 18:09:13,1.781381
2025-03-04 18:09:43,1.781381
2025-03-04 18:10:14,1.781381
2025-03-04 18:10:44,1.781381
2025-03-04 18:11:14,1.781381
2025-03-04 18:11:44,1.781381
2025-03-04 18:12:14,1.781381
2025-03-04 18:12:44,1.781381
2025-03-04 18:13:14,1.781381
2025-03-04 18:13:44,1.781381
2025-03-04 18:14:15,1.781381
2025-03-04 18:14:45,1.781381
2025-03-04 18:15:15,1.781381
2025-03-04 18:15:45,1.781381
2025-03-04 18:16:15,1.781381
2025-03-04 18:16:45,1.781381
2025-03-04 18:17:15,1.781381
2025-03-04 18:17:46,1.781381
2025-03-04 18:18:16,1.781381
2025-03-04 18:18:46,1.781381
2025-03-04 18:19:16,1.781381
2025-03-04 18:19:46,1.781381
2025-03-04 18:20:16,1.781381
2025-03-04 18:20:46,1.781381
2025-03-04 18:21:16,1.781381
2025-03-04 18:21:47,1.781381
2025-03-04 18:22:17,1.781381
2025-03-04 18:22:47,1.781381
2025-03-04 18:23:17,1.781381
2025-03-04 18:23:47,1.781381
2025-03-04 18:24:17,1.781381
2025-03-04 18:24:48,1.781381
2025-03-04 18:25:18,1.781381
2025-03-04 18:25:48,1.781381
2025-03-04 18:26:18,1.781381
2025-03-04 18:26:48,1.781381
2025-03-04 18:27:18,1.781381
2025-03-04 18:27:48,1.781381
2025-03-04 18:28:18,1.781381
2025-03-04 18:28:48,1.781381
2025-03-04 18:29:19,1.781381
2025-03-04 18:29:49,1.781381
2025-03-04 18:30:19,1.781381
2025-03-04 18:30:49,1.781381
2025-03-04 18:31:19,1.781381
2025-03-04 18:31:49,1.781381
2025-03-04 18:32:19,1.781381
2025-03-04 18:32:49,1.781381
2025-03-04 18:33:20,1.781381
2025-03-04 18:33:50,1.781381
2025-03-04 18:34:20,1.781381
2025-03-04 18:34:50,1.781381
2025-03-04 18:35:20,1.781381
2025-03-04 18:35:50,1.781381
2025-03-04 18:36:20,1.781381
2025-03-04 18:36:51,1.781381
2025-03-04 18:37:21,1.781381
2025-03-04 18:37:51,1.781381
2025-03-04 18:38:21,1.781381
2025-03-04 18:38:51,1.781381
2025-03-04 18:39:21,1.781381
2025-03-04 18:39:51,1.781381
2025-03-04 18:40:22,1.781381
2025-03-04 18:40:52,1.781381
2025-03-04 18:41:22,1.781381
2025-03-04 18:41:52,1.781381
2025-03-04 18:42:22,1.781381
2025-03-04 18:42:52,1.781381
2025-03-04 18:43:22,1.781381
2025-03-04 18:43:52,1.781381
2025-03-04 18:44:23,1.781381
2025-03-04 18:44:53,1.781381
2025-03-04 18:45:23,1.781381
2025-03-04 18:45:53,1.781381
2025-03-04 18:46:23,1.781381
2025-03-04 18:46:53,1.781381
2025-03-04 18:47:23,1.781381
2025-03-04 18:47:54,1.781381
2025-03-04 18:48:24,1.781381
2025-03-04 18:48:54,1.781381
2025-03-04 18:49:24,1.781381
2025-03-04 18:49:54,1.781381
2025-03-04 18:50:24,1.781381
2025-03-04 18:50:54,1.781381
2025-03-04 18:51:24,1.781381
2025-03-04 18:51:54,1.781381
2025-03-04 18:52:25,1.781381
2025-03-04 18:52:55,1.781381
2025-03-04 18:53:25,1.781381
2025-03-04 18:53:55,1.781381
2025-03-04 18:54:25,1.781381
2025-03-04 18:54:55,1.781381
2025-03-04 18:55:26,1.781381
2025-03-04 18:55:56,1.781381
2025-03-04 18:56:26,1.781381
2025-03-04 18:56:56,1.781381
2025-03-04 18:57:26,1.781381
2025-03-04 18:57:56,1.781381
2025-03-04 18:58:26,1.781381
2025-03-04 18:58:57,1.781381
2025-03-04 18:59:27,1.781381
2025-03-04 18:59:57,1.781381
2025-03-04 19:00:27,1.781381
2025-03-04 19:00:57,1.781381
2025-03-04 19:01:27,1.781381
2025-03-04 19:01:57,1.781381
2025-03-04 19:02:27,1.781381
2025-03-04 19:02:58,1.781381
2025-03-04 19:03:28,1.781381
2025-03-04 19:03:58,1.781381
2025-03-04 19:04:28,1.781381
2025-03-04 19:04:58,1.781381
2025-03-04 19:05:28,1.781381
2025-03-04 19:05:58,1.781381
2025-03-04 19:06:28,1.781381
2025-03-04 19:06:59,1.781381
2025-03-04 19:07:29,1.781381
2025-03-04 19:07:59,1.781381
2025-03-04 19:08:29,1.781381
2025-03-04 19:08:59,1.781381
2025-03-04 19:09:29,1.781381
2025-03-04 19:09:59,1.781381
2025-03-04 19:10:30,1.781381
2025-03-04 19:11:00,1.781381
2025-03-04 19:11:30,1.781381
2025-03-04 19:12:00,1.781381
2025-03-04 19:12:30,1.781381
2025-03-04 19:13:00,1.781381
2025-03-04 19:13:30,1.781381
2025-03-04 19:14:00,1.781381
2025-03-04 19:14:30,1.781381
2025-03-04 19:15:01,1.781381
2025-03-04 19:15:31,1.781381
2025-03-04 19:16:01,1.781381
2025-03-04 19:16:31,1.781381
2025-03-04 19:17:01,1.781381
2025-03-04 19:17:31,1.781381
2025-03-04 19:18:02,1.781381
2025-03-04 19:18:32,1.781381
2025-03-04 19:19:02,1.781381
2025-03-04 19:19:32,1.781381
2025-03-04 19:20:02,1.781381
2025-03-04 19:20:32,1.781381
2025-03-04 19:21:02,1.781381
2025-03-04 19:21:32,1.781381
2025-03-04 19:22:03,1.781381
2025-03-04 19:22:33,1.781381
2025-03-04 19:23:03,1.781381
2025-03-04 19:23:33,1.781381
2025-03-04 19:24:03,1.781381
2025-03-04 19:24:33,1.781381
2025-03-04 19:25:03,1.781381
2025-03-04 19:25:33,1.781381
2025-03-04 19:26:04,1.781381
2025-03-04 19:26:34,1.781381
2025-03-04 19:27:04,1.781381
2025-03-04 19:27:34,1.781381
2025-03-04 19:28:04,1.781381
2025-03-04 19:28:34,1.781381
2025-03-04 19:29:04,1.781381
2025-03-04 19:29:35,1.781381
2025-03-04 19:30:05,1.781381
2025-03-04 19:30:35,1.781381
2025-03-04 19:31:05,1.781381
2025-03-04 19:31:35,1.781381
2025-03-04 19:32:05,1.781381
2025-03-04 19:32:35,1.781381
2025-03-04 19:33:05,1.781381
2025-03-04 19:33:36,1.781381
2025-03-04 19:34:06,1.781381
2025-03-04 19:34:36,1.781381
2025-03-04 19:35:06,1.781381
2025-03-04 19:35:36,1.781381
2025-03-04 19:36:06,1.781381
2025-03-04 19:36:36,1.781381
2025-03-04 19:37:07,1.781381
2025-03-04 19:37:37,1.781381
2025-03-04 19:38:07,1.781381
2025-03-04 19:38:37,1.781381
2025-03-04 19:39:07,1.781381
2025-03-04 19:39:37,1.781381
2025-03-04 19:40:07,1.781381
2025-03-04 19:40:37,1.781381
2025-03-04 19:41:08,1.781381
2025-03-04 19:41:38,1.781381
2025-03-04 19:42:08,1.781381
2025-03-04 19:42:38,1.781381
2025-03-04 19:43:08,1.781381
2025-03-04 19:43:38,1.781381
2025-03-04 19:44:08,1.781381
2025-03-04 19:44:39,1.781381
2025-03-04 19:45:09,1.781381
2025-03-04 19:45:39,1.781381
2025-03-04 19:46:09,1.781381
2025-03-04 19:46:39,1.781381
2025-03-04 19:47:09,1.781381
2025-03-04 19:47:39,1.781381
2025-03-04 19:48:09,1.781381
2025-03-04 19:48:39,1.781381
2025-03-04 19:49:10,1.781381
2025-03-04 19:49:40,1.781381
2025-03-04 19:50:10,1.781381
2025-03-04 19:50:40,1.781381
2025-03-04 19:51:10,1.781381
2025-03-04 19:51:40,1.781381
2025-03-04 19:52:10,1.781381
2025-03-04 19:52:40,1.781381
2025-03-04 19:53:11,1.781381
2025-03-04 19:53:41,1.781381
2025-03-04 19:54:11,1.781381
2025-03-04 19:54:41,1.781381
2025-03-04 19:55:11,1.781381
2025-03-04 19:55:41,1.781381
2025-03-04 19:56:11,1.781381
2025-03-04 19:56:42,1.781381
2025-03-04 19:57:12,1.781381
2025-03-04 19:57:42,1.781381
2025-03-04 19:58:12,1.781381
2025-03-04 19:58:42,1.781381
2025-03-04 19:59:12,1.781381
2025-03-04 19:59:42,1.781381
2025-03-04 20:00:12,1.781381
2025-03-04 20:00:42,1.781381
2025-03-04 20:01:13,1.781381
2025-03-04 20:01:43,1.781381
2025-03-04 20:02:13,1.781381
2025-03-04 20:02:43,1.781381
2025-03-04 20:03:13,1.781381
2025-03-04 20:03:43,1.781381
2025-03-04 20:04:13,1.781381
2025-03-04 20:04:43,1.781381
2025-03-04 20:05:14,1.781381
2025-03-04 20:05:44,1.781381
2025-03-04 20:06:14,1.781381
2025-03-04 20:06:44,1.781381
2025-03-04 20:07:14,1.781381
2025-03-04 20:07:44,1.781381
2025-03-04 20:08:14,1.781381
2025-03-04 20:08:45,1.781381
2025-03-04 20:09:15,1.781381
2025-03-04 20:09:45,1.781381
2025-03-04 20:10:15,1.781381
2025-03-04 20:10:45,1.781381
2025-03-04 20:11:15,1.781381
2025-03-04 20:11:45,1.781381
2025-03-04 20:12:16,1.781381
2025-03-04 20:12:46,1.781381
2025-03-04 20:13:16,1.781381
2025-03-04 20:13:46,1.781381
2025-03-04 20:14:16,1.781381
2025-03-04 20:14:46,1.781381
2025-03-04 20:15:16,1.781381
2025-03-04 20:15:47,1.781381
2025-03-04 20:16:17,1.781381
2025-03-04 20:16:47,1.781381
2025-03-04 20:17:17,1.781381
2025-03-04 20:17:47,1.781381
2025-03-04 20:18:17,1.781381
2025-03-04 20:18:47,1.781381
2025-03-04 20:19:17,1.781381
2025-03-04 20:19:48,1.781381
2025-03-04 20:20:18,1.781381
2025-03-04 20:20:48,1.781381
2025-03-04 20:21:18,1.781381
2025-03-04 20:21:48,1.781381
2025-03-04 20:22:18,1.781381
2025-03-04 20:22:48,1.781381
2025-03-04 20:23:19,1.781381
2025-03-04 20:23:49,1.781381
2025-03-04 20:24:19,1.781381
2025-03-04 20:24:49,1.781381
2025-03-04 20:25:19,1.781381
2025-03-04 20:25:49,1.781381
2025-03-04 20:26:19,1.781381
2025-03-04 20:26:50,1.781381
2025-03-04 20:27:20,1.781381
2025-03-04 20:27:50,1.781381
2025-03-04 20:28:20,1.781381
2025-03-04 20:28:50,1.781381
2025-03-04 20:29:20,1.781381
2025-03-04 20:29:50,1.781381
2025-03-04 20:30:21,1.781381
2025-03-04 20:30:51,1.781381
2025-03-04 20:31:21,1.781381
2025-03-04 20:31:51,1.781381
2025-03-04 20:32:21,1.781381
2025-03-04 20:32:51,1.781381
2025-03-04 20:33:21,1.781381
2025-03-04 20:33:52,1.781381
2025-03-04 20:34:22,1.781381
2025-03-04 20:34:52,1.781381
2025-03-04 20:35:22,1.781381
2025-03-04 20:35:52,1.781381
2025-03-04 20:36:22,1.781381
2025-03-04 20:36:52,1.781381
2025-03-04 20:37:22,1.781381
2025-03-04 20:37:53,1.781381
2025-03-04 20:38:23,1.781381
2025-03-04 20:38:53,1.781381
2025-03-04 20:39:23,1.781381
2025-03-04 20:39:53,1.781381
2025-03-04 20:40:23,1.781381
2025-03-04 20:40:53,1.781381
2025-03-04 20:41:24,1.781381
2025-03-04 20:41:54,1.781381
2025-03-04 20:42:24,1.781381
2025-03-04 20:42:54,1.781381
2025-03-04 20:43:24,1.781381
2025-03-04 20:43:54,1.781381
2025-03-04 20:44:25,1.781381
2025-03-04 20:44:55,1.781381
2025-03-04 20:45:25,1.781381
2025-03-04 20:45:55,1.781381
2025-03-04 20:46:25,1.781381
2025-03-04 20:46:55,1.781381
2025-03-04 20:47:25,1.781381
2025-03-04 20:47:56,1.781381
2025-03-04 20:48:26,1.781381
2025-03-04 20:48:56,1.781381
2025-03-04 20:49:26,1.781381
2025-03-04 20:49:56,1.781381
2025-03-04 20:50:26,1.781381
2025-03-04 20:50:56,1.781381
2025-03-04 20:51:26,1.781381
2025-03-04 20:51:57,1.781381
2025-03-04 20:52:27,1.781381
2025-03-04 20:52:57,1.781381
2025-03-04 20:53:27,1.781381
2025-03-04 20:53:57,1.781381
2025-03-04 20:54:27,1.781381
2025-03-04 20:54:57,1.781381
2025-03-04 20:55:27,1.781381
2025-03-04 20:55:58,1.781381
2025-03-04 20:56:28,1.781381
2025-03-04 20:56:58,1.781381
2025-03-04 20:57:28,1.781381
2025-03-04 20:57:58,1.781381
2025-03-04 20:58:28,1.781381
2025-03-04 20:58:58,1.781381
2025-03-04 20:59:29,1.781381
2025-03-04 20:59:59,1.781381
2025-03-04 21:00:29,1.781381
2025-03-04 21:00:59,1.781381
2025-03-04 21:01:29,1.781381
2025-03-04 21:01:59,1.781381
2025-03-04 21:02:29,1.781381
2025-03-04 21:02:59,1.781381
2025-03-04 21:03:30,1.781381
2025-03-04 21:04:00,1.781381
2025-03-04 21:04:30,1.781381
2025-03-04 21:05:00,1.781381
2025-03-04 21:05:30,1.781381
2025-03-04 21:06:00,1.781381
2025-03-04 21:06:30,1.781381
2025-03-04 21:07:01,1.781381
2025-03-04 21:07:31,1.781381
2025-03-04 21:08:01,1.781381
2025-03-04 21:08:31,1.781381
2025-03-04 21:09:01,1.781381
2025-03-04 21:09:31,1.781381
2025-03-04 21:10:01,1.781381
2025-03-04 21:10:31,1.781381
2025-03-04 21:11:02,1.781381
2025-03-04 21:11:32,1.781381
2025-03-04 21:12:02,1.781381
2025-03-04 21:12:32,1.781381
2025-03-04 21:13:02,1.781381
2025-03-04 21:13:32,1.781381
2025-03-04 21:14:02,1.781381
2025-03-04 21:14:33,1.781381
2025-03-04 21:15:03,1.781381
2025-03-04 21:15:33,1.781381
2025-03-04 21:16:03,1.781381
2025-03-04 21:16:33,1.781381
2025-03-04 21:17:03,1.781381
2025-03-04 21:17:33,1.781381
2025-03-04 21:18:03,1.781381
2025-03-04 21:18:34,1.781381
2025-03-04 21:19:04,1.781381
2025-03-04 21:19:34,1.781381
2025-03-04 21:20:04,1.781381
2025-03-04 21:20:34,1.781381
2025-03-04 21:21:04,1.781381
2025-03-04 21:21:34,1.781381
2025-03-04 21:22:05,1.781381
2025-03-04 21:22:35,1.781381
2025-03-04 21:23:05,1.781381
2025-03-04 21:23:35,1.781381
2025-03-04 21:24:05,1.781381
2025-03-04 21:24:35,1.781381
2025-03-04 21:25:05,1.781381
2025-03-04 21:25:35,1.781381
2025-03-04 21:26:06,1.781381
2025-03-04 21:26:36,1.781381
2025-03-04 21:27:06,1.781381
2025-03-04 21:27:36,1.781381
2025-03-04 21:28:06,1.781381
2025-03-04 21:28:36,1.781381
2025-03-04 21:29:07,1.781381
2025-03-04 21:29:37,1.781381
2025-03-04 21:30:07,1.781381
2025-03-04 21:30:37,1.781381
2025-03-04 21:31:07,1.781381
2025-03-04 21:31:37,1.781381
2025-03-04 21:32:07,1.781381
2025-03-04 21:32:37,1.781381
2025-03-04 21:33:08,1.781381
2025-03-04 21:33:38,1.781381
2025-03-04 21:34:08,1.781381
2025-03-04 21:34:38,1.781381
2025-03-04 21:35:08,1.781381
2025-03-04 21:35:38,1.781381
2025-03-04 21:36:08,1.781381
2025-03-04 21:36:38,1.781381
2025-03-04 21:37:09,1.781381
2025-03-04 21:37:39,1.781381
2025-03-04 21:38:09,1.781381
2025-03-04 21:38:39,1.781381
2025-03-04 21:39:09,1.781381
2025-03-04 21:39:39,1.781381
2025-03-04 21:40:09,1.781381
2025-03-04 21:40:40,1.781381
2025-03-04 21:41:10,1.781381
2025-03-04 21:41:40,1.781381
2025-03-04 21:42:10,1.781381
2025-03-04 21:42:40,1.781381
2025-03-04 21:43:10,1.781381
2025-03-04 21:43:40,1.781381
2025-03-04 21:44:11,1.781381
2025-03-04 21:44:41,1.781381
2025-03-04 21:45:11,1.781381
2025-03-04 21:45:41,1.781381
2025-03-04 21:46:11,1.781381
2025-03-04 21:46:41,1.781381
2025-03-04 21:47:12,1.781381
2025-03-04 21:47:42,1.781381
2025-03-04 21:48:12,1.781381
2025-03-04 21:48:42,1.781381
2025-03-04 21:49:12,1.781381
2025-03-04 21:49:42,1.781381
2025-03-04 21:50:12,1.781381
2025-03-04 21:50:42,1.781381
2025-03-04 21:51:12,1.781381
2025-03-04 21:51:43,1.781381
2025-03-04 21:52:13,1.781381
2025-03-04 21:52:43,1.781381
2025-03-04 21:53:13,1.781381
2025-03-04 21:53:43,1.781381
2025-03-04 21:54:13,1.781381
2025-03-04 21:54:43,1.781381
2025-03-04 21:55:13,1.781381
2025-03-04 21:55:44,1.781381
2025-03-04 21:56:14,1.781381
2025-03-04 21:56:44,1.781381
2025-03-04 21:57:14,1.781381
2025-03-04 21:57:44,1.781381
2025-03-04 21:58:14,1.781381
2025-03-04 21:58:44,1.781381
2025-03-04 21:59:15,1.781381
2025-03-04 21:59:45,1.781381
2025-03-04 22:00:15,1.781381
2025-03-04 22:00:45,1.781381
2025-03-04 22:01:15,1.781381
2025-03-04 22:01:45,1.781381
2025-03-04 22:02:15,1.781381
2025-03-04 22:02:46,1.781381
2025-03-04 22:03:16,1.781381
2025-03-04 22:03:46,1.781381
2025-03-04 22:04:16,1.781381
2025-03-04 22:04:46,1.781381
2025-03-04 22:05:16,1.781381
2025-03-04 22:05:46,1.781381
2025-03-04 22:06:16,1.781381
2025-03-04 22:06:46,1.781381
2025-03-04 22:07:17,1.781381
2025-03-04 22:07:47,1.781381
2025-03-04 22:08:17,1.781381
2025-03-04 22:08:47,1.781381
2025-03-04 22:09:17,1.781381
2025-03-04 22:09:47,1.781381
2025-03-04 22:10:17,1.781381
2025-03-04 22:10:48,1.781381
2025-03-04 22:11:18,1.781381
2025-03-04 22:11:48,1.781381
2025-03-04 22:12:18,1.781381
2025-03-04 22:12:48,1.781381
2025-03-04 22:13:18,1.781381
2025-03-04 22:13:48,1.781381
2025-03-04 22:14:19,1.781381
2025-03-04 22:14:49,1.781381
2025-03-04 22:15:19,1.781381
2025-03-04 22:15:49,1.781381
2025-03-04 22:16:19,1.781381
2025-03-04 22:16:49,1.781381
2025-03-04 22:17:19,1.781381
2025-03-04 22:17:49,1.781381
2025-03-04 22:18:20,1.781381
2025-03-04 22:18:50,1.781381
2025-03-04 22:19:20,1.781381
2025-03-04 22:19:50,1.781381
2025-03-04 22:20:20,1.781381
2025-03-04 22:20:50,1.781381
2025-03-04 22:21:20,1.781381
2025-03-04 22:21:51,1.781381
2025-03-04 22:22:21,1.781381
2025-03-04 22:22:51,1.781381
2025-03-04 22:23:21,1.781381
2025-03-04 22:23:51,1.781381
2025-03-04 22:24:21,1.781381
2025-03-04 22:24:51,1.781381
2025-03-04 22:25:22,1.781381
2025-03-04 22:25:52,1.781381
2025-03-04 22:26:22,1.781381
2025-03-04 22:26:52,1.781381
2025-03-04 22:27:22,1.781381
2025-03-04 22:27:52,1.781381
2025-03-04 22:28:22,1.781381
2025-03-04 22:28:53,1.781381
2025-03-04 22:29:23,1.781381
2025-03-04 22:29:53,1.781381
2025-03-04 22:30:23,1.781381
2025-03-04 22:30:53,1.781381
2025-03-04 22:31:23,1.781381
2025-03-04 22:31:53,1.781381
2025-03-04 22:32:24,1.781381
2025-03-04 22:32:54,1.781381
2025-03-04 22:33:24,1.781381
2025-03-04 22:33:54,1.781381
2025-03-04 22:34:24,1.781381
2025-03-04 22:34:54,1.781381
2025-03-04 22:35:24,1.781381
2025-03-04 22:35:54,1.781381
2025-03-04 22:36:25,1.781381
2025-03-04 22:36:55,1.781381
2025-03-04 22:37:25,1.781381
2025-03-04 22:37:55,1.781381
2025-03-04 22:38:25,1.781381
2025-03-04 22:38:55,1.781381
2025-03-04 22:39:25,1.781381
2025-03-04 22:39:55,1.781381
2025-03-04 22:40:26,1.781381
2025-03-04 22:40:56,1.781381
2025-03-04 22:41:26,1.781381
2025-03-04 22:41:56,1.781381
2025-03-04 22:42:26,1.781381
2025-03-04 22:42:56,1.781381
2025-03-04 22:43:27,1.781381
2025-03-04 22:43:57,1.781381
2025-03-04 22:44:27,1.781381
2025-03-04 22:44:57,1.781381
2025-03-04 22:45:27,1.781381
2025-03-04 22:45:57,1.781381
2025-03-04 22:46:27,1.781381
2025-03-04 22:46:58,1.781381
2025-03-04 22:47:28,1.781381
2025-03-04 22:47:58,1.781381
2025-03-04 22:48:28,1.781381
2025-03-04 22:48:58,1.781381
2025-03-04 22:49:28,1.781381
2025-03-04 22:49:58,1.781381
2025-03-04 22:50:28,1.781381
2025-03-04 22:50:59,1.781381
2025-03-04 22:51:29,1.781381
2025-03-04 22:51:59,1.781381
2025-03-04 22:52:29,1.781381
2025-03-04 22:52:59,1.781381
2025-03-04 22:53:29,1.781381
2025-03-04 22:53:59,1.781381
2025-03-04 22:54:29,1.781381
2025-03-04 22:55:00,1.781381
2025-03-04 22:55:30,1.781381
2025-03-04 22:56:00,1.781381
2025-03-04 22:56:30,1.781381
2025-03-04 22:57:00,1.781381
2025-03-04 22:57:30,1.781381
2025-03-04 22:58:00,1.781381
2025-03-04 22:58:30,1.781381
2025-03-04 22:59:01,1.781381
2025-03-04 22:59:31,1.781381
2025-03-04 23:00:01,1.781381
2025-03-04 23:00:31,1.781381
2025-03-04 23:01:01,1.781381
2025-03-04 23:01:31,1.781381
2025-03-04 23:02:02,1.781381
2025-03-04 23:02:32,1.781381
2025-03-04 23:03:02,1.781381
2025-03-04 23:03:32,1.781381
2025-03-04 23:04:02,1.781381
2025-03-04 23:04:32,1.781381
2025-03-04 23:05:02,1.781381
2025-03-04 23:05:32,1.781381
2025-03-04 23:06:03,1.781381
2025-03-04 23:06:33,1.781381
2025-03-04 23:07:03,1.781381
2025-03-04 23:07:33,1.781381
2025-03-04 23:08:03,1.781381
2025-03-04 23:08:33,1.781381
2025-03-04 23:09:03,1.781381
2025-03-04 23:09:34,1.781381
2025-03-04 23:10:04,1.781381
2025-03-04 23:10:34,1.781381
2025-03-04 23:11:04,1.781381
2025-03-04 23:11:34,1.781381
2025-03-04 23:12:04,1.781381
2025-03-04 23:12:34,1.781381
2025-03-04 23:13:04,1.781381
2025-03-04 23:13:35,1.781381
2025-03-04 23:14:05,1.781381
2025-03-04 23:14:35,1.781381
2025-03-04 23:15:05,1.781381
2025-03-04 23:15:35,1.781381
2025-03-04 23:16:06,1.781381
2025-03-04 23:16:36,1.781381
2025-03-04 23:17:06,1.781381
2025-03-04 23:17:36,1.781381
2025-03-04 23:18:06,1.781381
2025-03-04 23:18:36,1.781381
2025-03-04 23:19:06,1.781381
2025-03-04 23:19:36,1.781381
2025-03-04 23:20:07,1.781381
2025-03-04 23:20:37,1.781381
2025-03-04 23:21:07,1.781381
2025-03-04 23:21:37,1.781381
2025-03-04 23:22:07,1.781381
2025-03-04 23:22:37,1.781381
2025-03-04 23:23:07,1.781381
2025-03-04 23:23:38,1.781381
2025-03-04 23:24:08,1.781381
2025-03-04 23:24:38,1.781381
2025-03-04 23:25:08,1.781381
2025-03-04 23:25:38,1.781381
2025-03-04 23:26:08,1.781381
2025-03-04 23:26:38,1.781381
2025-03-04 23:27:08,1.781381
2025-03-04 23:27:39,1.781381
2025-03-04 23:28:09,1.781381
2025-03-04 23:28:39,1.781381
2025-03-04 23:29:09,1.781381
2025-03-04 23:29:39,1.781381
2025-03-04 23:30:09,1.781381
2025-03-04 23:30:39,1.781381
2025-03-04 23:31:10,1.781381
2025-03-04 23:31:40,1.781381
2025-03-04 23:32:10,1.781381
2025-03-04 23:32:40,1.781381
2025-03-04 23:33:10,1.781381
2025-03-04 23:33:40,1.781381
2025-03-04 23:34:10,1.781381
2025-03-04 23:34:41,1.781381
2025-03-04 23:35:11,1.781381
2025-03-04 23:35:41,1.781381
2025-03-04 23:36:11,1.781381
2025-03-04 23:36:41,1.781381
2025-03-04 23:37:11,1.781381
2025-03-04 23:37:41,1.781381
2025-03-04 23:38:11,1.781381
2025-03-04 23:38:41,1.781381
2025-03-04 23:39:12,1.781381
2025-03-04 23:39:42,1.781381
2025-03-04 23:40:12,1.781381
2025-03-04 23:40:42,1.781381
2025-03-04 23:41:12,1.781381
2025-03-04 23:41:42,1.781381
2025-03-04 23:42:12,1.781381
2025-03-04 23:42:42,1.781381
2025-03-04 23:43:13,1.781381
2025-03-04 23:43:43,1.781381
2025-03-04 23:44:13,1.781381
2025-03-04 23:44:43,1.781381
2025-03-04 23:45:13,1.781381
2025-03-04 23:45:43,1.781381
2025-03-04 23:46:13,1.781381
2025-03-04 23:46:44,1.781381
2025-03-04 23:47:14,1.781381
2025-03-04 23:47:44,1.781381
2025-03-04 23:48:14,1.781381
2025-03-04 23:48:44,1.781381
2025-03-04 23:49:14,1.781381
2025-03-04 23:49:44,1.781381
2025-03-04 23:50:15,1.781381
2025-03-04 23:50:45,1.781381
2025-03-04 23:51:15,1.781381
2025-03-04 23:51:45,1.781381
2025-03-04 23:52:15,1.781381
2025-03-04 23:52:45,1.781381
2025-03-04 23:53:15,1.781381
2025-03-04 23:53:45,1.781381
2025-03-04 23:54:16,1.781381
2025-03-04 23:54:46,1.781381
2025-03-04 23:55:16,1.781381
2025-03-04 23:55:46,1.781381
2025-03-04 23:56:16,1.781381
2025-03-04 23:56:46,1.781381
2025-03-04 23:57:16,1.781381
2025-03-04 23:57:46,1.781381
2025-03-04 23:58:17,1.781381
2025-03-04 23:58:47,1.781381
2025-03-04 23:59:17,1.781381
2025-03-04 23:59:47,1.781381
2025-03-05 00:00:17,1.781381
2025-03-05 00:00:47,1.781381
2025-03-05 00:01:17,1.781381
2025-03-05 00:01:48,1.781381
2025-03-05 00:02:18,1.781381
2025-03-05 00:02:48,1.781381
2025-03-05 00:03:18,1.781381
2025-03-05 00:03:48,1.781381
2025-03-05 00:04:18,1.781381
2025-03-05 00:04:48,1.781381
2025-03-05 00:05:18,1.781381
2025-03-05 00:05:49,1.781381
2025-03-05 00:06:19,1.781381
2025-03-05 00:06:49,1.781381
2025-03-05 00:07:19,1.781381
2025-03-05 00:07:49,1.781381
2025-03-05 00:08:19,1.781381
2025-03-05 00:08:49,1.781381
2025-03-05 00:09:19,1.781381
2025-03-05 00:09:50,1.781381
2025-03-05 00:10:20,1.781381
2025-03-05 00:10:50,1.781381
2025-03-05 00:11:20,1.781381
2025-03-05 00:11:50,1.781381
2025-03-05 00:12:20,1.781381
2025-03-05 00:12:50,1.781381
2025-03-05 00:13:21,1.781381
2025-03-05 00:13:51,1.781381
2025-03-05 00:14:21,1.781381
2025-03-05 00:14:51,1.781381
2025-03-05 00:15:21,1.781381
2025-03-05 00:15:51,1.781381
2025-03-05 00:16:21,1.781381
2025-03-05 00:16:52,1.781381
2025-03-05 00:17:22,1.781381
2025-03-05 00:17:52,1.781381
2025-03-05 00:18:22,1.781381
2025-03-05 00:18:52,1.781381
2025-03-05 00:19:22,1.781381
2025-03-05 00:19:52,1.781381
2025-03-05 00:20:22,1.781381
2025-03-05 00:20:53,1.781381
2025-03-05 00:21:23,1.781381
2025-03-05 00:21:53,1.781381
2025-03-05 00:22:23,1.781381
2025-03-05 00:22:53,1.781381
2025-03-05 00:23:23,1.781381
2025-03-05 00:23:53,1.781381
2025-03-05 00:24:23,1.781381
2025-03-05 00:24:54,1.781381
2025-03-05 00:25:24,1.781381
2025-03-05 00:25:54,1.781381
2025-03-05 00:26:24,1.781381
2025-03-05 00:26:54,1.781381
2025-03-05 00:27:24,1.781381
2025-03-05 00:27:54,1.781381
2025-03-05 00:28:24,1.781381
2025-03-05 00:28:55,1.781381
2025-03-05 00:29:25,1.781381
2025-03-05 00:29:55,1.781381
2025-03-05 00:30:25,1.781381
2025-03-05 00:30:55,1.781381
2025-03-05 00:31:25,1.781381
2025-03-05 00:31:56,1.781381
2025-03-05 00:32:26,1.781381
2025-03-05 00:32:56,1.781381
2025-03-05 00:33:26,1.781381
2025-03-05 00:33:56,1.781381
2025-03-05 00:34:26,1.781381
2025-03-05 00:34:56,1.781381
2025-03-05 00:35:26,1.781381
2025-03-05 00:35:56,1.781381
2025-03-05 00:36:27,1.781381
2025-03-05 00:36:57,1.781381
2025-03-05 00:37:27,1.781381
2025-03-05 00:37:57,1.781381
2025-03-05 00:38:27,1.781381
2025-03-05 00:38:57,1.781381
2025-03-05 00:39:27,1.781381
2025-03-05 00:39:58,1.781381
2025-03-05 00:40:28,1.781381
2025-03-05 00:40:58,1.781381
2025-03-05 00:41:28,1.781381
2025-03-05 00:41:58,1.781381
2025-03-05 00:42:28,1.781381
2025-03-05 00:42:58,1.781381
2025-03-05 00:43:28,1.781381
2025-03-05 00:43:59,1.781381
2025-03-05 00:44:29,1.781381
2025-03-05 00:44:59,1.781381
2025-03-05 00:45:29,1.781381
2025-03-05 00:45:59,1.781381
2025-03-05 00:46:29,1.781381
2025-03-05 00:46:59,1.781381
2025-03-05 00:47:29,1.781381
2025-03-05 00:48:00,1.781381
2025-03-05 00:48:30,1.781381
2025-03-05 00:49:00,1.781381
2025-03-05 00:49:30,1.781381
2025-03-05 00:50:00,1.781381
2025-03-05 00:50:30,1.781381
2025-03-05 00:51:01,1.781381
2025-03-05 00:51:31,1.781381
2025-03-05 00:52:01,1.781381
2025-03-05 00:52:31,1.781381
2025-03-05 00:53:01,1.781381
2025-03-05 00:53:31,1.781381
2025-03-05 00:54:01,1.781381
2025-03-05 00:54:32,1.781381
2025-03-05 00:55:02,1.781381
2025-03-05 00:55:32,1.781381
2025-03-05 00:56:02,1.781381
2025-03-05 00:56:32,1.781381
2025-03-05 00:57:02,1.781381
2025-03-05 00:57:32,1.781381
2025-03-05 00:58:02,1.781381
2025-03-05 00:58:33,1.781381
2025-03-05 00:59:03,1.772345
2025-03-05 00:59:33,1.772345
2025-03-05 01:00:03,1.772345
2025-03-05 01:00:33,1.772345
2025-03-05 01:01:03,1.772345
2025-03-05 01:01:33,1.772345
2025-03-05 01:02:04,1.772345
2025-03-05 01:02:34,1.772345
2025-03-05 01:03:04,1.772345
2025-03-05 01:03:34,1.772345
2025-03-05 01:04:04,1.772345
2025-03-05 01:04:34,1.772345
2025-03-05 01:05:04,1.772345
2025-03-05 01:05:35,1.772345
2025-03-05 01:06:05,1.772345
2025-03-05 01:06:35,1.772345
2025-03-05 01:07:05,1.772345
2025-03-05 01:07:35,1.772345
2025-03-05 01:08:05,1.772345
2025-03-05 01:08:35,1.772345
2025-03-05 01:09:06,1.772345
2025-03-05 01:09:36,1.772345
2025-03-05 01:10:06,1.772345
2025-03-05 01:10:36,1.772345
2025-03-05 01:11:06,1.772345
2025-03-05 01:11:36,1.772345
2025-03-05 01:12:06,1.772345
2025-03-05 01:12:37,1.772345
2025-03-05 01:13:07,1.772345
2025-03-05 01:13:37,1.772345
2025-03-05 01:14:07,1.772345
2025-03-05 01:14:37,1.772345
2025-03-05 01:15:07,1.772345
2025-03-05 01:15:37,1.772345
2025-03-05 01:16:08,1.772345
2025-03-05 01:16:38,1.772345
2025-03-05 01:17:08,1.772345
2025-03-05 01:17:38,1.772345
2025-03-05 01:18:08,1.772345
2025-03-05 01:18:38,1.772345
2025-03-05 01:19:09,1.772345
2025-03-05 01:19:39,1.772345
2025-03-05 01:20:09,1.772345
2025-03-05 01:20:39,1.772345
2025-03-05 01:21:09,1.772345
2025-03-05 01:21:39,1.772345
2025-03-05 01:22:09,1.772345
2025-03-05 01:22:39,1.772345
2025-03-05 01:23:10,1.772345
2025-03-05 01:23:40,1.772345
2025-03-05 01:24:10,1.772345
2025-03-05 01:24:40,1.772345
2025-03-05 01:25:10,1.772345
2025-03-05 01:25:40,1.772345
2025-03-05 01:26:10,1.772345
2025-03-05 01:26:41,1.772345
2025-03-05 01:27:11,1.772345
2025-03-05 01:27:41,1.772345
2025-03-05 01:28:11,1.772345
2025-03-05 01:28:41,1.772345
2025-03-05 01:29:11,1.772345
2025-03-05 01:29:41,1.772345
2025-03-05 01:30:12,1.772345
2025-03-05 01:30:42,1.772345
2025-03-05 01:31:12,1.772345
2025-03-05 01:31:42,1.772345
2025-03-05 01:32:12,1.772345
2025-03-05 01:32:42,1.772345
2025-03-05 01:33:12,1.772345
2025-03-05 01:33:43,1.772345
2025-03-05 01:34:13,1.772345
2025-03-05 01:34:43,1.772345
2025-03-05 01:35:13,1.772345
2025-03-05 01:35:43,1.772345
2025-03-05 01:36:13,1.772345
2025-03-05 01:36:48,1.772345
2025-03-05 01:37:18,1.772345
2025-03-05 01:37:49,1.772345
2025-03-05 01:38:19,1.772345
2025-03-05 01:38:49,1.772345
2025-03-05 01:39:19,1.772345
2025-03-05 01:39:49,1.772345
2025-03-05 01:40:19,1.772345
2025-03-05 01:40:49,1.772345
2025-03-05 01:41:19,1.772345
2025-03-05 01:41:50,1.772345
2025-03-05 01:42:20,1.772345
2025-03-05 01:42:50,1.772345
2025-03-05 01:43:20,1.772345
2025-03-05 01:43:50,1.772345
2025-03-05 01:44:20,1.772345
2025-03-05 01:44:51,1.772345
2025-03-05 01:45:21,1.772345
2025-03-05 01:45:51,1.772345
2025-03-05 01:46:21,1.772345
2025-03-05 01:46:51,1.772345
2025-03-05 01:47:21,1.772345
2025-03-05 01:47:51,1.772345
2025-03-05 01:48:22,1.772345
2025-03-05 01:48:52,1.772345
2025-03-05 01:49:22,1.772345
2025-03-05 01:49:52,1.772345
2025-03-05 01:50:22,1.772345
2025-03-05 01:50:52,1.772345
2025-03-05 01:51:23,1.772345
2025-03-05 01:51:53,1.772345
2025-03-05 01:52:23,1.772345
2025-03-05 01:52:53,1.772345
2025-03-05 01:53:23,1.772345
2025-03-05 01:53:53,1.772345
2025-03-05 01:54:23,1.772345
2025-03-05 01:54:53,1.772345
2025-03-05 01:55:24,1.772345
2025-03-05 01:55:54,1.772345
2025-03-05 01:56:24,1.772345
2025-03-05 01:56:54,1.772345
2025-03-05 01:57:24,1.772345
2025-03-05 01:57:54,1.772345
2025-03-05 01:58:24,1.772345
2025-03-05 01:58:55,1.772345
2025-03-05 01:59:25,1.772345
2025-03-05 01:59:55,1.772345
2025-03-05 02:00:25,1.772345
2025-03-05 02:00:55,1.772345
2025-03-05 02:01:25,1.772345
2025-03-05 02:01:55,1.772345
2025-03-05 02:02:25,1.772345
2025-03-05 02:02:56,1.772345
2025-03-05 02:03:26,1.772345
2025-03-05 02:03:56,1.772345
2025-03-05 02:04:26,1.772345
2025-03-05 02:04:56,1.772345
2025-03-05 02:05:26,1.772345
2025-03-05 02:05:57,1.772345
2025-03-05 02:06:27,1.772345
2025-03-05 02:06:57,1.772345
2025-03-05 02:07:27,1.772345
2025-03-05 02:07:57,1.772345
2025-03-05 02:08:27,1.772345
2025-03-05 02:08:57,1.772345
2025-03-05 02:09:27,1.772345
2025-03-05 02:09:58,1.772345
2025-03-05 02:10:28,1.772345
2025-03-05 02:10:58,1.772345
2025-03-05 02:11:28,1.772345
2025-03-05 02:11:58,1.772345
2025-03-05 02:12:28,1.772345
2025-03-05 02:12:58,1.772345
2025-03-05 02:13:29,1.772345
2025-03-05 02:13:59,1.772345
2025-03-05 02:14:29,1.772345
2025-03-05 02:14:59,1.772345
2025-03-05 02:15:29,1.772345
2025-03-05 02:15:59,1.772345
2025-03-05 02:16:29,1.772345
2025-03-05 02:16:59,1.772345
2025-03-05 02:17:30,1.772345
2025-03-05 02:18:00,1.772345
2025-03-05 02:18:30,1.772345
2025-03-05 02:19:00,1.772345
2025-03-05 02:19:30,1.772345
2025-03-05 02:20:00,1.772345
2025-03-05 02:20:31,1.772345
2025-03-05 02:21:01,1.772345
2025-03-05 02:21:31,1.772345
2025-03-05 02:22:01,1.772345
2025-03-05 02:22:31,1.772345
2025-03-05 02:23:01,1.772345
2025-03-05 02:23:32,1.772345
2025-03-05 02:24:02,1.772345
2025-03-05 02:24:32,1.772345
2025-03-05 02:25:02,1.772345
2025-03-05 02:25:32,1.772345
2025-03-05 02:26:02,1.772345
2025-03-05 02:26:32,1.772345
2025-03-05 02:27:02,1.772345
2025-03-05 02:27:32,1.772345
2025-03-05 02:28:03,1.772345
2025-03-05 02:28:33,1.772345
2025-03-05 02:29:03,1.772345
2025-03-05 02:29:33,1.772345
2025-03-05 02:30:03,1.772345
2025-03-05 02:30:33,1.772345
2025-03-05 02:31:03,1.772345
2025-03-05 02:31:34,1.772345
2025-03-05 02:32:04,1.772345
2025-03-05 02:32:34,1.772345
2025-03-05 02:33:04,1.772345
2025-03-05 02:33:34,1.772345
2025-03-05 02:34:04,1.772345
2025-03-05 02:34:35,1.772345
2025-03-05 02:35:05,1.772345
2025-03-05 02:35:35,1.772345
2025-03-05 02:36:05,1.772345
2025-03-05 02:36:35,1.772345
2025-03-05 02:37:05,1.772345
2025-03-05 02:37:35,1.772345
2025-03-05 02:38:05,1.772345
2025-03-05 02:38:36,1.772345
2025-03-05 02:39:06,1.772345
2025-03-05 02:39:36,1.772345
2025-03-05 02:40:06,1.772345
2025-03-05 02:40:36,1.772345
2025-03-05 02:41:06,1.772345
2025-03-05 02:41:36,1.772345
2025-03-05 02:42:07,1.772345
2025-03-05 02:42:37,1.772345
2025-03-05 02:43:07,1.772345
2025-03-05 02:43:37,1.772345
2025-03-05 02:44:07,1.772345
2025-03-05 02:44:37,1.772345
2025-03-05 02:45:07,1.772345
2025-03-05 02:45:38,1.772345
2025-03-05 02:46:08,1.772345
2025-03-05 02:46:38,1.772345
2025-03-05 02:47:08,1.772345
2025-03-05 02:47:38,1.772345
2025-03-05 02:48:08,1.772345
2025-03-05 02:48:39,1.772345
2025-03-05 02:49:09,1.772345
2025-03-05 02:49:39,1.772345
2025-03-05 02:50:09,1.772345
2025-03-05 02:50:39,1.772345
2025-03-05 02:51:09,1.772345
2025-03-05 02:51:39,1.772345
2025-03-05 02:52:09,1.772345
2025-03-05 02:52:40,1.772345
2025-03-05 02:53:10,1.772345
2025-03-05 02:53:40,1.772345
2025-03-05 02:54:10,1.772345
2025-03-05 02:54:40,1.772345
2025-03-05 02:55:10,1.772345
2025-03-05 02:55:40,1.772345
2025-03-05 02:56:11,1.772345
2025-03-05 02:56:41,1.772345
2025-03-05 02:57:11,1.772345
2025-03-05 02:57:41,1.772345
2025-03-05 02:58:11,1.772345
2025-03-05 02:58:41,1.772345
2025-03-05 02:59:11,1.772345
2025-03-05 02:59:41,1.772345
2025-03-05 03:00:11,1.772345
2025-03-05 03:00:42,1.772345
2025-03-05 03:01:12,1.772345
2025-03-05 03:01:42,1.772345
2025-03-05 03:02:12,1.772345
2025-03-05 03:02:42,1.772345
2025-03-05 03:03:12,1.772345
2025-03-05 03:03:43,1.772345
2025-03-05 03:04:13,1.772345
2025-03-05 03:04:43,1.772345
2025-03-05 03:05:13,1.772345
2025-03-05 03:05:43,1.772345
2025-03-05 03:06:13,1.772345
2025-03-05 03:06:43,1.772345
2025-03-05 03:07:13,1.772345
2025-03-05 03:07:44,1.772345
2025-03-05 03:08:14,1.772345
2025-03-05 03:08:44,1.772345
2025-03-05 03:09:14,1.772345
2025-03-05 03:09:44,1.772345
2025-03-05 03:10:14,1.772345
2025-03-05 03:10:44,1.772345
2025-03-05 03:11:14,1.772345
2025-03-05 03:11:45,1.772345
2025-03-05 03:12:15,1.772345
2025-03-05 03:12:45,1.772345
2025-03-05 03:13:15,1.772345
2025-03-05 03:13:45,1.772345
2025-03-05 03:14:15,1.772345
2025-03-05 03:14:45,1.772345
2025-03-05 03:15:16,1.772345
2025-03-05 03:15:46,1.772345
2025-03-05 03:16:16,1.772345
2025-03-05 03:16:46,1.772345
2025-03-05 03:17:16,1.772345
2025-03-05 03:17:46,1.772345
2025-03-05 03:18:16,1.772345
2025-03-05 03:18:47,1.772345
2025-03-05 03:19:17,1.772345
2025-03-05 03:19:47,1.772345
2025-03-05 03:20:17,1.772345
2025-03-05 03:20:47,1.772345
2025-03-05 03:21:17,1.772345
2025-03-05 03:21:48,1.772345
2025-03-05 03:22:18,1.772345
2025-03-05 03:22:48,1.772345
2025-03-05 03:23:18,1.772345
2025-03-05 03:23:48,1.772345
2025-03-05 03:24:18,1.772345
2025-03-05 03:24:48,1.772345
2025-03-05 03:25:18,1.772345
2025-03-05 03:25:49,1.772345
2025-03-05 03:26:19,1.772345
2025-03-05 03:26:49,1.772345
2025-03-05 03:27:19,1.772345
2025-03-05 03:27:49,1.772345
2025-03-05 03:28:19,1.772345
2025-03-05 03:28:49,1.772345
2025-03-05 03:29:19,1.772345
2025-03-05 03:29:50,1.772345
2025-03-05 03:30:20,1.772345
2025-03-05 03:30:50,1.772345
2025-03-05 03:31:20,1.772345
2025-03-05 03:31:50,1.772345
2025-03-05 03:32:20,1.772345
2025-03-05 03:32:50,1.772345
2025-03-05 03:33:20,1.772345
2025-03-05 03:33:51,1.772345
2025-03-05 03:34:21,1.772345
2025-03-05 03:34:51,1.772345
2025-03-05 03:35:21,1.772345
2025-03-05 03:35:51,1.772345
2025-03-05 03:36:21,1.772345
2025-03-05 03:36:51,1.772345
2025-03-05 03:37:22,1.772345
2025-03-05 03:37:52,1.772345
2025-03-05 03:38:22,1.772345
2025-03-05 03:38:52,1.772345
2025-03-05 03:39:22,1.772345
2025-03-05 03:39:52,1.772345
2025-03-05 03:40:22,1.772345
2025-03-05 03:40:53,1.772345
2025-03-05 03:41:23,1.772345
2025-03-05 03:41:53,1.772345
2025-03-05 03:42:23,1.772345
2025-03-05 03:42:53,1.772345
2025-03-05 03:43:23,1.772345
2025-03-05 03:43:53,1.772345
2025-03-05 03:44:23,1.772345
2025-03-05 03:44:54,1.772345
2025-03-05 03:45:24,1.772345
2025-03-05 03:45:54,1.772345
2025-03-05 03:46:24,1.772345
2025-03-05 03:46:54,1.772345
2025-03-05 03:47:24,1.772345
2025-03-05 03:47:54,1.772345
2025-03-05 03:48:24,1.772345
2025-03-05 03:48:55,1.772345
2025-03-05 03:49:25,1.772345
2025-03-05 03:49:55,1.772345
2025-03-05 03:50:25,1.772345
2025-03-05 03:50:55,1.772345
2025-03-05 03:51:25,1.772345
2025-03-05 03:51:55,1.772345
2025-03-05 03:52:26,1.772345
2025-03-05 03:52:56,1.772345
2025-03-05 03:53:26,1.772345
2025-03-05 03:53:56,1.772345
2025-03-05 03:54:26,1.772345
2025-03-05 03:54:56,1.772345
2025-03-05 03:55:26,1.772345
2025-03-05 03:55:56,1.772345
2025-03-05 03:56:27,1.772345
2025-03-05 03:56:57,1.772345
2025-03-05 03:57:27,1.772345
2025-03-05 03:57:57,1.772345
2025-03-05 03:58:27,1.772345
2025-03-05 03:58:57,1.772345
2025-03-05 03:59:27,1.772345
2025-03-05 03:59:58,1.772345
2025-03-05 04:00:28,1.772345
2025-03-05 04:00:58,1.772345
2025-03-05 04:01:28,1.772345
2025-03-05 04:01:58,1.772345
2025-03-05 04:02:28,1.772345
2025-03-05 04:02:58,1.772345
2025-03-05 04:03:28,1.772345
2025-03-05 04:03:59,1.772345
2025-03-05 04:04:29,1.772345
2025-03-05 04:04:59,1.772345
2025-03-05 04:05:29,1.772345
2025-03-05 04:05:59,1.772345
2025-03-05 04:06:29,1.772345
2025-03-05 04:06:59,1.772345
2025-03-05 04:07:30,1.772345
2025-03-05 04:08:00,1.772345
2025-03-05 04:08:30,1.772345
2025-03-05 04:09:00,1.772345
2025-03-05 04:09:30,1.772345
2025-03-05 04:10:00,1.772345
2025-03-05 04:10:30,1.772345
2025-03-05 04:11:00,1.772345
2025-03-05 04:11:31,1.772345
2025-03-05 04:12:01,1.772345
2025-03-05 04:12:31,1.772345
2025-03-05 04:13:01,1.772345
2025-03-05 04:13:31,1.772345
2025-03-05 04:14:01,1.772345
2025-03-05 04:14:31,1.772345
2025-03-05 04:15:01,1.772345
2025-03-05 04:15:32,1.772345
2025-03-05 04:16:02,1.772345
2025-03-05 04:16:32,1.772345
2025-03-05 04:17:02,1.772345
2025-03-05 04:17:32,1.772345
2025-03-05 04:18:02,1.772345
2025-03-05 04:18:32,1.772345
2025-03-05 04:19:03,1.772345
2025-03-05 04:19:33,1.772345
2025-03-05 04:20:03,1.772345
2025-03-05 04:20:33,1.772345
2025-03-05 04:21:03,1.772345
2025-03-05 04:21:33,1.772345
2025-03-05 04:22:03,1.772345
2025-03-05 04:22:34,1.772345
2025-03-05 04:23:04,1.772345
2025-03-05 04:23:34,1.772345
2025-03-05 04:24:04,1.772345
2025-03-05 04:24:34,1.772345
2025-03-05 04:25:04,1.772345
2025-03-05 04:25:34,1.772345
2025-03-05 04:26:04,1.772345
2025-03-05 04:26:35,1.772345
2025-03-05 04:27:05,1.772345
2025-03-05 04:27:35,1.772345
2025-03-05 04:28:05,1.772345
2025-03-05 04:28:35,1.772345
2025-03-05 04:29:05,1.772345
2025-03-05 04:29:35,1.772345
2025-03-05 04:30:05,1.772345
2025-03-05 04:30:36,1.772345
2025-03-05 04:31:06,1.772345
2025-03-05 04:31:36,1.772345
2025-03-05 04:32:06,1.772345
2025-03-05 04:32:36,1.772345
2025-03-05 04:33:06,1.772345
2025-03-05 04:33:36,1.772345
2025-03-05 04:34:07,1.772345
2025-03-05 04:34:37,1.772345
2025-03-05 04:35:07,1.772345
2025-03-05 04:35:37,1.772345
2025-03-05 04:36:07,1.772345
2025-03-05 04:36:37,1.772345
2025-03-05 04:37:07,1.772345
2025-03-05 04:37:38,1.772345
2025-03-05 04:38:08,1.772345
2025-03-05 04:38:38,1.772345
2025-03-05 04:39:08,1.772345
2025-03-05 04:39:38,1.772345
2025-03-05 04:40:08,1.772345
2025-03-05 04:40:38,1.772345
2025-03-05 04:41:08,1.772345
2025-03-05 04:41:39,1.772345
2025-03-05 04:42:09,1.772345
2025-03-05 04:42:39,1.772345
2025-03-05 04:43:09,1.772345
2025-03-05 04:43:39,1.772345
2025-03-05 04:44:09,1.772345
2025-03-05 04:44:39,1.772345
2025-03-05 04:45:10,1.772345
2025-03-05 04:45:40,1.772345
2025-03-05 04:46:10,1.772345
2025-03-05 04:46:40,1.772345
2025-03-05 04:47:10,1.772345
2025-03-05 04:47:40,1.772345
2025-03-05 04:48:10,1.772345
2025-03-05 04:48:41,1.772345
2025-03-05 04:49:11,1.772345
2025-03-05 04:49:41,1.772345
2025-03-05 04:50:11,1.772345
2025-03-05 04:50:41,1.772345
2025-03-05 04:51:11,1.772345
2025-03-05 04:51:42,1.772345
2025-03-05 04:52:12,1.772345
2025-03-05 04:52:42,1.772345
2025-03-05 04:53:12,1.772345
2025-03-05 04:53:42,1.772345
2025-03-05 04:54:12,1.772345
2025-03-05 04:54:42,1.772345
2025-03-05 04:55:12,1.772345
2025-03-05 04:55:43,1.772345
2025-03-05 04:56:13,1.772345
2025-03-05 04:56:43,1.772345
2025-03-05 04:57:13,1.772345
2025-03-05 04:57:43,1.772345
2025-03-05 04:58:13,1.772345
2025-03-05 04:58:43,1.772345
2025-03-05 04:59:13,1.772345
2025-03-05 04:59:44,1.772345
2025-03-05 05:00:14,1.772345
2025-03-05 05:00:44,1.772345
2025-03-05 05:01:14,1.772345
2025-03-05 05:01:44,1.772345
2025-03-05 05:02:14,1.772345
2025-03-05 05:02:45,1.772345
2025-03-05 05:03:15,1.772345
2025-03-05 05:03:45,1.772345
2025-03-05 05:04:15,1.772345
2025-03-05 05:04:45,1.772345
2025-03-05 05:05:15,1.772345
2025-03-05 05:05:46,1.772345
2025-03-05 05:06:16,1.772345
2025-03-05 05:06:46,1.772345
2025-03-05 05:07:16,1.772345
2025-03-05 05:07:46,1.772345
2025-03-05 05:08:16,1.772345
2025-03-05 05:08:46,1.772345
2025-03-05 05:09:17,1.772345
2025-03-05 05:09:47,1.772345
2025-03-05 05:10:17,1.772345
2025-03-05 05:10:47,1.772345
2025-03-05 05:11:17,1.772345
2025-03-05 05:11:47,1.772345
2025-03-05 05:12:17,1.772345
2025-03-05 05:12:48,1.772345
2025-03-05 05:13:18,1.772345
2025-03-05 05:13:48,1.772345
2025-03-05 05:14:18,1.772345
2025-03-05 05:14:48,1.772345
2025-03-05 05:15:18,1.772345
2025-03-05 05:15:48,1.772345
2025-03-05 05:16:18,1.772345
2025-03-05 05:16:49,1.772345
2025-03-05 05:17:19,1.772345
2025-03-05 05:17:49,1.772345
2025-03-05 05:18:19,1.772345
2025-03-05 05:18:49,1.772345
2025-03-05 05:19:19,1.772345
2025-03-05 05:19:49,1.772345
2025-03-05 05:20:20,1.772345
2025-03-05 05:20:50,1.772345
2025-03-05 05:21:20,1.772345
2025-03-05 05:21:50,1.772345
2025-03-05 05:22:20,1.772345
2025-03-05 05:22:50,1.772345
2025-03-05 05:23:20,1.772345
2025-03-05 05:23:50,1.772345
2025-03-05 05:24:21,1.772345
2025-03-05 05:24:51,1.772345
2025-03-05 05:25:21,1.772345
2025-03-05 05:25:51,1.772345
2025-03-05 05:26:21,1.772345
2025-03-05 05:26:51,1.772345
2025-03-05 05:27:21,1.772345
2025-03-05 05:27:52,1.772345
2025-03-05 05:28:22,1.772345
2025-03-05 05:28:52,1.772345
2025-03-05 05:29:22,1.772345
2025-03-05 05:29:52,1.772345
2025-03-05 05:30:22,1.772345
2025-03-05 05:30:52,1.772345
2025-03-05 05:31:22,1.772345
2025-03-05 05:31:53,1.772345
2025-03-05 05:32:23,1.772345
2025-03-05 05:32:53,1.772345
2025-03-05 05:33:23,1.772345
2025-03-05 05:33:53,1.772345
2025-03-05 05:34:23,1.772345
2025-03-05 05:34:54,1.772345
2025-03-05 05:35:24,1.772345
2025-03-05 05:35:54,1.772345
2025-03-05 05:36:24,1.772345
2025-03-05 05:36:54,1.772345
2025-03-05 05:37:24,1.772345
2025-03-05 05:37:54,1.772345
2025-03-05 05:38:24,1.772345
2025-03-05 05:38:54,1.772345
2025-03-05 05:39:25,1.772345
2025-03-05 05:39:55,1.772345
2025-03-05 05:40:25,1.772345
2025-03-05 05:40:55,1.772345
2025-03-05 05:41:25,1.772345
2025-03-05 05:41:55,1.772345
2025-03-05 05:42:25,1.772345
2025-03-05 05:42:55,1.772345
2025-03-05 05:43:26,1.772345
2025-03-05 05:43:56,1.772345
2025-03-05 05:44:26,1.772345
2025-03-05 05:44:56,1.772345
2025-03-05 05:45:26,1.772345
2025-03-05 05:45:56,1.772345
2025-03-05 05:46:26,1.772345
2025-03-05 05:46:56,1.772345
2025-03-05 05:47:26,1.772345
2025-03-05 05:47:57,1.772345
2025-03-05 05:48:27,1.772345
2025-03-05 05:48:57,1.772345
2025-03-05 05:49:27,1.772345
2025-03-05 05:49:57,1.772345
2025-03-05 05:50:27,1.772345
2025-03-05 05:50:57,1.772345
2025-03-05 05:51:28,1.772345
2025-03-05 05:51:58,1.772345
2025-03-05 05:52:28,1.772345
2025-03-05 05:52:58,1.772345
2025-03-05 05:53:28,1.772345
2025-03-05 05:53:58,1.772345
2025-03-05 05:54:28,1.772345
2025-03-05 05:54:58,1.772345
2025-03-05 05:55:29,1.772345
2025-03-05 05:55:59,1.772345
2025-03-05 05:56:29,1.772345
2025-03-05 05:56:59,1.772345
2025-03-05 05:57:29,1.772345
2025-03-05 05:57:59,1.772345
2025-03-05 05:58:29,1.772345
2025-03-05 05:58:59,1.772345
2025-03-05 05:59:30,1.772345
2025-03-05 06:00:00,1.772345
2025-03-05 06:00:30,1.772345
2025-03-05 06:01:00,1.772345
2025-03-05 06:01:30,1.772345
2025-03-05 06:02:00,1.772345
2025-03-05 06:02:30,1.772345
2025-03-05 06:03:00,1.772345
2025-03-05 06:03:30,1.772345
2025-03-05 06:04:01,1.772345
2025-03-05 06:04:31,1.772345
2025-03-05 06:05:01,1.772345
2025-03-05 06:05:31,1.772345
2025-03-05 06:06:01,1.772345
2025-03-05 06:06:31,1.772345
2025-03-05 06:07:02,1.772345
2025-03-05 06:07:32,1.772345
2025-03-05 06:08:02,1.772345
2025-03-05 06:08:32,1.772345
2025-03-05 06:09:02,1.772345
2025-03-05 06:09:32,1.772345
2025-03-05 06:10:02,1.772345
2025-03-05 06:10:32,1.772345
2025-03-05 06:11:03,1.772345
2025-03-05 06:11:33,1.772345
2025-03-05 06:12:03,1.772345
2025-03-05 06:12:33,1.772345
2025-03-05 06:13:03,1.772345
2025-03-05 06:13:33,1.772345
2025-03-05 06:14:03,1.772345
2025-03-05 06:14:33,1.772345
2025-03-05 06:15:04,1.772345
2025-03-05 06:15:34,1.772345
2025-03-05 06:16:04,1.772345
2025-03-05 06:16:34,1.772345
2025-03-05 06:17:04,1.772345
2025-03-05 06:17:34,1.772345
2025-03-05 06:18:04,1.772345
2025-03-05 06:18:34,1.772345
2025-03-05 06:19:05,1.772345
2025-03-05 06:19:35,1.772345
2025-03-05 06:20:05,1.772345
2025-03-05 06:20:35,1.772345
2025-03-05 06:21:05,1.772345
2025-03-05 06:21:35,1.772345
2025-03-05 06:22:06,1.772345
2025-03-05 06:22:36,1.772345
2025-03-05 06:23:06,1.772345
2025-03-05 06:23:36,1.772345
2025-03-05 06:24:06,1.772345
2025-03-05 06:24:36,1.772345
2025-03-05 06:25:06,1.772345
2025-03-05 06:25:36,1.772345
2025-03-05 06:26:07,1.772345
2025-03-05 06:26:37,1.772345
2025-03-05 06:27:07,1.772345
2025-03-05 06:27:37,1.772345
2025-03-05 06:28:07,1.772345
2025-03-05 06:28:37,1.772345
2025-03-05 06:29:07,1.772345
2025-03-05 06:29:38,1.772345
2025-03-05 06:30:08,1.772345
2025-03-05 06:30:38,1.772345
2025-03-05 06:31:08,1.772345
2025-03-05 06:31:38,1.772345
2025-03-05 06:32:08,1.772345
2025-03-05 06:32:38,1.772345
2025-03-05 06:33:08,1.772345
2025-03-05 06:33:39,1.772345
2025-03-05 06:34:09,1.772345
2025-03-05 06:34:39,1.772345
2025-03-05 06:35:09,1.772345
2025-03-05 06:35:39,1.772345
2025-03-05 06:36:09,1.772345
2025-03-05 06:36:40,1.772345
2025-03-05 06:37:10,1.772345
2025-03-05 06:37:40,1.772345
2025-03-05 06:38:10,1.772345
2025-03-05 06:38:40,1.772345
2025-03-05 06:39:10,1.772345
2025-03-05 06:39:40,1.772345
2025-03-05 06:40:11,1.772345
2025-03-05 06:40:41,1.772345
2025-03-05 06:41:11,1.772345
2025-03-05 06:41:41,1.772345
2025-03-05 06:42:11,1.772345
2025-03-05 06:42:41,1.772345
2025-03-05 06:43:11,1.772345
2025-03-05 06:43:41,1.772345
2025-03-05 06:44:11,1.772345
2025-03-05 06:44:42,1.772345
2025-03-05 06:45:12,1.772345
2025-03-05 06:45:42,1.772345
2025-03-05 06:46:12,1.772345
2025-03-05 06:46:42,1.772345
2025-03-05 06:47:12,1.772345
2025-03-05 06:47:42,1.772345
2025-03-05 06:48:12,1.772345
2025-03-05 06:48:43,1.772345
2025-03-05 06:49:13,1.772345
2025-03-05 06:49:43,1.772345
2025-03-05 06:50:13,1.772345
2025-03-05 06:50:43,1.772345
2025-03-05 06:51:13,1.772345
2025-03-05 06:51:43,1.772345
2025-03-05 06:52:14,1.772345
2025-03-05 06:52:44,1.772345
2025-03-05 06:53:14,1.772345
2025-03-05 06:53:44,1.772345
2025-03-05 06:54:14,1.772345
2025-03-05 06:54:44,1.772345
2025-03-05 06:55:14,1.772345
2025-03-05 06:55:45,1.772345
2025-03-05 06:56:15,1.772345
2025-03-05 06:56:45,1.772345
2025-03-05 06:57:15,1.772345
2025-03-05 06:57:45,1.772345
2025-03-05 06:58:15,1.772345
2025-03-05 06:58:45,1.772345
2025-03-05 06:59:15,1.772345
2025-03-05 06:59:46,1.772345
2025-03-05 07:00:16,1.772345
2025-03-05 07:00:46,1.772345
2025-03-05 07:01:16,1.772345
2025-03-05 07:01:46,1.772345
2025-03-05 07:02:16,1.772345
2025-03-05 07:02:46,1.772345
2025-03-05 07:03:16,1.772345
2025-03-05 07:03:47,1.772345
2025-03-05 07:04:17,1.772345
2025-03-05 07:04:47,1.772345
2025-03-05 07:05:17,1.772345
2025-03-05 07:05:47,1.772345
2025-03-05 07:06:17,1.772345
2025-03-05 07:06:48,1.772345
2025-03-05 07:07:18,1.772345
2025-03-05 07:07:48,1.772345
2025-03-05 07:08:18,1.772345
2025-03-05 07:08:48,1.772345
2025-03-05 07:09:18,1.772345
2025-03-05 07:09:48,1.772345
2025-03-05 07:10:18,1.772345
2025-03-05 07:10:49,1.772345
2025-03-05 07:11:19,1.772345
2025-03-05 07:11:49,1.772345
2025-03-05 07:12:19,1.772345
2025-03-05 07:12:49,1.772345
2025-03-05 07:13:19,1.772345
2025-03-05 07:13:49,1.772345
2025-03-05 07:14:19,1.772345
2025-03-05 07:14:49,1.772345
2025-03-05 07:15:20,1.772345
2025-03-05 07:15:50,1.772345
2025-03-05 07:16:20,1.772345
2025-03-05 07:16:50,1.772345
2025-03-05 07:17:20,1.772345
2025-03-05 07:17:50,1.772345
2025-03-05 07:18:20,1.772345
2025-03-05 07:18:51,1.772345
2025-03-05 07:19:21,1.772345
2025-03-05 07:19:51,1.772345
2025-03-05 07:20:21,1.772345
2025-03-05 07:20:51,1.772345
2025-03-05 07:21:21,1.772345
2025-03-05 07:21:51,1.772345
2025-03-05 07:22:21,1.772345
2025-03-05 07:22:51,1.772345
2025-03-05 07:23:22,1.772345
2025-03-05 07:23:52,1.772345
2025-03-05 07:24:22,1.772345
2025-03-05 07:24:52,1.772345
2025-03-05 07:25:22,1.772345
2025-03-05 07:25:52,1.772345
2025-03-05 07:26:22,1.772345
2025-03-05 07:26:52,1.772345
2025-03-05 07:27:23,1.772345
2025-03-05 07:27:53,1.772345
2025-03-05 07:28:23,1.772345
2025-03-05 07:28:53,1.772345
2025-03-05 07:29:23,1.772345
2025-03-05 07:29:53,1.772345
2025-03-05 07:30:23,1.772345
2025-03-05 07:30:53,1.772345
2025-03-05 07:31:24,1.772345
2025-03-05 07:31:54,1.772345
2025-03-05 07:32:24,1.772345
2025-03-05 07:32:54,1.772345
2025-03-05 07:33:24,1.772345
2025-03-05 07:33:54,1.772345
2025-03-05 07:34:24,1.772345
2025-03-05 07:34:55,1.772345
2025-03-05 07:35:25,1.772345
2025-03-05 07:35:55,1.772345
2025-03-05 07:36:25,1.772345
2025-03-05 07:36:55,1.772345
2025-03-05 07:37:25,1.772345
2025-03-05 07:37:55,1.772345
2025-03-05 07:38:25,1.772345
2025-03-05 07:38:56,1.772345
2025-03-05 07:39:26,1.772345
2025-03-05 07:39:56,1.772345
2025-03-05 07:40:26,1.772345
2025-03-05 07:40:56,1.772345
2025-03-05 07:41:26,1.772345
2025-03-05 07:41:56,1.772345
2025-03-05 07:42:27,1.772345
2025-03-05 07:42:57,1.772345
2025-03-05 07:43:27,1.772345
2025-03-05 07:43:57,1.772345
2025-03-05 07:44:27,1.772345
2025-03-05 07:44:57,1.772345
2025-03-05 07:45:27,1.772345
2025-03-05 07:45:58,1.772345
2025-03-05 07:46:28,1.772345
2025-03-05 07:46:58,1.772345
2025-03-05 07:47:28,1.772345
2025-03-05 07:47:58,1.772345
2025-03-05 07:48:28,1.772345
2025-03-05 07:48:58,1.772345
2025-03-05 07:49:28,1.772345
2025-03-05 07:49:59,1.772345
2025-03-05 07:50:29,1.772345
2025-03-05 07:50:59,1.772345
2025-03-05 07:51:29,1.772345
2025-03-05 07:51:59,1.772345
2025-03-05 07:52:29,1.772345
2025-03-05 07:53:00,1.772345
2025-03-05 07:53:30,1.772345
2025-03-05 07:54:00,1.772345
2025-03-05 07:54:30,1.772345
2025-03-05 07:55:00,1.772345
2025-03-05 07:55:30,1.772345
2025-03-05 07:56:01,1.772345
2025-03-05 07:56:31,1.772345
2025-03-05 07:57:01,1.772345
2025-03-05 07:57:31,1.772345
2025-03-05 07:58:01,1.772345
2025-03-05 07:58:31,1.772345
2025-03-05 07:59:01,1.772345
2025-03-05 07:59:32,1.772345
2025-03-05 08:00:02,1.772345
2025-03-05 08:00:32,1.772345
2025-03-05 08:01:02,1.772345
2025-03-05 08:01:32,1.772345
2025-03-05 08:02:02,1.772345
2025-03-05 08:02:32,1.772345
2025-03-05 08:03:02,1.772345
2025-03-05 08:03:33,1.772345
2025-03-05 08:04:03,1.772345
2025-03-05 08:04:33,1.772345
2025-03-05 08:05:03,1.772345
2025-03-05 08:05:33,1.772345
2025-03-05 08:06:03,1.772345
2025-03-05 08:06:33,1.772345
2025-03-05 08:07:03,1.772345
2025-03-05 08:07:34,1.772345
2025-03-05 08:08:04,1.772345
2025-03-05 08:08:34,1.772345
2025-03-05 08:09:04,1.772345
2025-03-05 08:09:34,1.772345
2025-03-05 08:10:04,1.772345
2025-03-05 08:10:34,1.772345
2025-03-05 08:11:05,1.772345
2025-03-05 08:11:35,1.772345
2025-03-05 08:12:05,1.772345
2025-03-05 08:12:35,1.772345
2025-03-05 08:13:05,1.772345
2025-03-05 08:13:35,1.772345
2025-03-05 08:14:05,1.772345
2025-03-05 08:14:36,1.772345
2025-03-05 08:15:06,1.772345
2025-03-05 08:15:36,1.772345
2025-03-05 08:16:06,1.772345
2025-03-05 08:16:36,1.772345
2025-03-05 08:17:06,1.772345
2025-03-05 08:17:36,1.772345
2025-03-05 08:18:07,1.772345
2025-03-05 08:18:37,1.772345
2025-03-05 08:19:07,1.772345
2025-03-05 08:19:37,1.772345
2025-03-05 08:20:07,1.772345
2025-03-05 08:20:37,1.772345
2025-03-05 08:21:07,1.772345
2025-03-05 08:21:37,1.772345
2025-03-05 08:22:08,1.772345
2025-03-05 08:22:38,1.772345
2025-03-05 08:23:08,1.772345
2025-03-05 08:23:38,1.772345
2025-03-05 08:24:08,1.772345
2025-03-05 08:24:38,1.772345
2025-03-05 08:25:08,1.772345
2025-03-05 08:25:39,1.772345
2025-03-05 08:26:09,1.772345
2025-03-05 08:26:39,1.772345
2025-03-05 08:27:09,1.772345
2025-03-05 08:27:39,1.772345
2025-03-05 08:28:09,1.772345
2025-03-05 08:28:39,1.772345
2025-03-05 08:29:10,1.772345
2025-03-05 08:29:40,1.772345
2025-03-05 08:30:10,1.772345
2025-03-05 08:30:40,1.772345
2025-03-05 08:31:10,1.772345
2025-03-05 08:31:40,1.772345
2025-03-05 08:32:10,1.772345
2025-03-05 08:32:40,1.772345
2025-03-05 08:33:11,1.772345
2025-03-05 08:33:41,1.772345
2025-03-05 08:34:11,1.772345
2025-03-05 08:34:41,1.772345
2025-03-05 08:35:11,1.772345
2025-03-05 08:35:41,1.772345
2025-03-05 08:36:11,1.772345
2025-03-05 08:36:42,1.772345
2025-03-05 08:37:12,1.772345
2025-03-05 08:37:42,1.772345
2025-03-05 08:38:12,1.772345
2025-03-05 08:38:42,1.772345
2025-03-05 08:39:12,1.772345
2025-03-05 08:39:43,1.772345
2025-03-05 08:40:13,1.772345
2025-03-05 08:40:43,1.772345
2025-03-05 08:41:13,1.772345
2025-03-05 08:41:43,1.772345
2025-03-05 08:42:13,1.772345
2025-03-05 08:42:43,1.772345
2025-03-05 08:43:13,1.772345
2025-03-05 08:43:44,1.772345
2025-03-05 08:44:14,1.772345
2025-03-05 08:44:44,1.772345
2025-03-05 08:45:14,1.772345
2025-03-05 08:45:44,1.772345
2025-03-05 08:46:14,1.772345
2025-03-05 08:46:44,1.772345
2025-03-05 08:47:15,1.772345
2025-03-05 08:47:45,1.772345
2025-03-05 08:48:15,1.772345
2025-03-05 08:48:45,1.772345
2025-03-05 08:49:15,1.772345
2025-03-05 08:49:45,1.772345
2025-03-05 08:50:15,1.772345
2025-03-05 08:50:45,1.772345
2025-03-05 08:51:16,1.772345
2025-03-05 08:51:46,1.772345
2025-03-05 08:52:16,1.772345
2025-03-05 08:52:46,1.772345
2025-03-05 08:53:16,1.772345
2025-03-05 08:53:46,1.772345
2025-03-05 08:54:16,1.772345
2025-03-05 08:54:46,1.772345
2025-03-05 08:55:17,1.772345
2025-03-05 08:55:47,1.772345
2025-03-05 08:56:17,1.772345
2025-03-05 08:56:47,1.772345
2025-03-05 08:57:17,1.772345
2025-03-05 08:57:48,1.772345
2025-03-05 08:58:18,1.772345
2025-03-05 08:58:48,1.772345
2025-03-05 08:59:18,1.772345
2025-03-05 08:59:48,1.772345
2025-03-05 09:00:18,1.772345
2025-03-05 09:00:48,1.772345
2025-03-05 09:01:19,1.772345
2025-03-05 09:01:49,1.772345
2025-03-05 09:02:19,1.772345
2025-03-05 09:02:49,1.772345
2025-03-05 09:03:19,1.772345
2025-03-05 09:03:49,1.772345
2025-03-05 09:04:19,1.772345
2025-03-05 09:04:50,1.772345
2025-03-05 09:05:20,1.772345
2025-03-05 09:05:50,1.772345
2025-03-05 09:06:20,1.772345
2025-03-05 09:06:55,1.772345
2025-03-05 09:07:25,1.772345
2025-03-05 09:07:55,1.772345
2025-03-05 09:08:25,1.772345
2025-03-05 09:08:56,1.772345
2025-03-05 09:09:26,1.772345
2025-03-05 09:09:56,1.772345
2025-03-05 09:10:26,1.772345
2025-03-05 09:10:56,1.772345
2025-03-05 09:11:26,1.772345
2025-03-05 09:11:57,1.772345
2025-03-05 09:12:27,1.772345
2025-03-05 09:12:57,1.772345
2025-03-05 09:13:27,1.772345
2025-03-05 09:13:57,1.772345
2025-03-05 09:14:27,1.772345
2025-03-05 09:14:57,1.772345
2025-03-05 09:15:28,1.772345
2025-03-05 09:15:58,1.772345
2025-03-05 09:16:28,1.772345
2025-03-05 09:16:58,1.772345
2025-03-05 09:17:28,1.772345
2025-03-05 09:17:58,1.772345
2025-03-05 09:18:28,1.772345
2025-03-05 09:18:59,1.772345
2025-03-05 09:19:29,1.772345
2025-03-05 09:19:59,1.772345
2025-03-05 09:20:29,1.772345
2025-03-05 09:20:59,1.772345
2025-03-05 09:21:29,1.772345
2025-03-05 09:21:59,1.772345
2025-03-05 09:22:29,1.772345
2025-03-05 09:23:00,1.772345
2025-03-05 09:23:30,1.772345
2025-03-05 09:24:00,1.772345
2025-03-05 09:24:30,1.772345
2025-03-05 09:25:00,1.772345
2025-03-05 09:25:30,1.772345
2025-03-05 09:26:00,1.772345
2025-03-05 09:26:30,1.772345
2025-03-05 09:27:01,1.772345
2025-03-05 09:27:31,1.772345
2025-03-05 09:28:01,1.772345
2025-03-05 09:28:31,1.772345
2025-03-05 09:29:01,1.772345
2025-03-05 09:29:31,1.772345
2025-03-05 09:30:02,1.772345
2025-03-05 09:30:32,1.772345
2025-03-05 09:31:02,1.772345
2025-03-05 09:31:32,1.772345
2025-03-05 09:32:02,1.772345
2025-03-05 09:32:32,1.772345
2025-03-05 09:33:02,1.772345
2025-03-05 09:33:32,1.772345
2025-03-05 09:34:03,1.772345
2025-03-05 09:34:33,1.772345
2025-03-05 09:35:03,1.772345
2025-03-05 09:35:33,1.772345
2025-03-05 09:36:03,1.772345
2025-03-05 09:36:33,1.772345
2025-03-05 09:37:03,1.772345
2025-03-05 09:37:33,1.772345
2025-03-05 09:38:04,1.772345
2025-03-05 09:38:34,1.772345
2025-03-05 09:39:04,1.772345
2025-03-05 09:39:34,1.772345
2025-03-05 09:40:04,1.772345
2025-03-05 09:40:34,1.772345
2025-03-05 09:41:04,1.772345
2025-03-05 09:41:35,1.772345
2025-03-05 09:42:05,1.772345
2025-03-05 09:42:35,1.772345
2025-03-05 09:43:05,1.772345
2025-03-05 09:43:35,1.772345
2025-03-05 09:44:05,1.772345
2025-03-05 09:44:35,1.772345
2025-03-05 09:45:06,1.772345
2025-03-05 09:45:36,1.772345
2025-03-05 09:46:06,1.772345
2025-03-05 09:46:36,1.772345
2025-03-05 09:47:06,1.772345
2025-03-05 09:47:36,1.772345
2025-03-05 09:48:06,1.772345
2025-03-05 09:48:36,1.772345
2025-03-05 09:49:07,1.772345
2025-03-05 09:49:37,1.772345
2025-03-05 09:50:07,1.772345
2025-03-05 09:50:37,1.772345
2025-03-05 09:51:07,1.772345
2025-03-05 09:51:37,1.772345
2025-03-05 09:52:07,1.772345
2025-03-05 09:52:38,1.772345
2025-03-05 09:53:08,1.772345
2025-03-05 09:53:38,1.772345
2025-03-05 09:54:08,1.772345
2025-03-05 09:54:38,1.772345
2025-03-05 09:55:08,1.772345
2025-03-05 09:55:38,1.772345
2025-03-05 09:56:09,1.772345
2025-03-05 09:56:39,1.772345
2025-03-05 09:57:09,1.772345
2025-03-05 09:57:39,1.772345
2025-03-05 09:58:09,1.772345
2025-03-05 09:58:39,1.772345
2025-03-05 09:59:09,1.772345
2025-03-05 09:59:40,1.772345
2025-03-05 10:00:10,1.772345
2025-03-05 10:00:40,1.772345
2025-03-05 10:01:10,1.772345
2025-03-05 10:01:40,1.772345
2025-03-05 10:02:10,1.772345
2025-03-05 10:02:40,1.772345
2025-03-05 10:03:10,1.772345
2025-03-05 10:03:41,1.772345
2025-03-05 10:04:11,1.772345
2025-03-05 10:04:41,1.772345
2025-03-05 10:05:11,1.772345
2025-03-05 10:05:41,1.772345
2025-03-05 10:06:11,1.772345
2025-03-05 10:06:41,1.772345
2025-03-05 10:07:11,1.772345
2025-03-05 10:07:42,1.772345
2025-03-05 10:08:12,1.772345
2025-03-05 10:08:42,1.772345
2025-03-05 10:09:12,1.772345
2025-03-05 10:09:42,1.772345
2025-03-05 10:10:12,1.772345
2025-03-05 10:10:42,1.772345
2025-03-05 10:11:13,1.772345
2025-03-05 10:11:43,1.772345
2025-03-05 10:12:13,1.772345
2025-03-05 10:12:43,1.772345
2025-03-05 10:13:13,1.772345
2025-03-05 10:13:43,1.772345
2025-03-05 10:14:13,1.772345
2025-03-05 10:14:44,1.772345
2025-03-05 10:15:14,1.772345
2025-03-05 10:15:44,1.772345
2025-03-05 10:16:14,1.772345
2025-03-05 10:16:44,1.772345
2025-03-05 10:17:14,1.772345
2025-03-05 10:17:44,1.772345
2025-03-05 10:18:14,1.772345
2025-03-05 10:18:45,1.772345
2025-03-05 10:19:15,1.772345
2025-03-05 10:19:45,1.772345
2025-03-05 10:20:15,1.772345
2025-03-05 10:20:45,1.772345
2025-03-05 10:21:15,1.772345
2025-03-05 10:21:45,1.772345
2025-03-05 10:22:15,1.772345
2025-03-05 10:22:46,1.772345
2025-03-05 10:23:16,1.772345
2025-03-05 10:23:46,1.772345
2025-03-05 10:24:16,1.772345
2025-03-05 10:24:46,1.772345
2025-03-05 10:25:16,1.772345
2025-03-05 10:25:46,1.772345
2025-03-05 10:26:17,1.772345
2025-03-05 10:26:47,1.772345
2025-03-05 10:27:17,1.772345
2025-03-05 10:27:47,1.772345
2025-03-05 10:28:17,1.772345
2025-03-05 10:28:47,1.772345
2025-03-05 10:29:18,1.772345
2025-03-05 10:29:48,1.772345
2025-03-05 10:30:18,1.772345
2025-03-05 10:30:48,1.772345
2025-03-05 10:31:18,1.772345
2025-03-05 10:31:48,1.772345
2025-03-05 10:32:18,1.772345
2025-03-05 10:32:48,1.772345
2025-03-05 10:33:19,1.772345
2025-03-05 10:33:49,1.772345
2025-03-05 10:34:19,1.772345
2025-03-05 10:34:49,1.772345
2025-03-05 10:35:19,1.772345
2025-03-05 10:35:49,1.772345
2025-03-05 10:36:19,1.772345
2025-03-05 10:36:49,1.772345
2025-03-05 10:37:20,1.772345
2025-03-05 10:37:50,1.772345
2025-03-05 10:38:20,1.772345
2025-03-05 10:38:50,1.772345
2025-03-05 10:39:20,1.772345
2025-03-05 10:39:50,1.772345
2025-03-05 10:40:20,1.772345
2025-03-05 10:40:50,1.772345
2025-03-05 10:41:21,1.772345
2025-03-05 10:41:51,1.772345
2025-03-05 10:42:21,1.772345
2025-03-05 10:42:51,1.772345
2025-03-05 10:43:21,1.772345
2025-03-05 10:43:51,1.772345
2025-03-05 10:44:21,1.772345
2025-03-05 10:44:52,1.772345
2025-03-05 10:45:22,1.772345
2025-03-05 10:45:52,1.772345
2025-03-05 10:46:22,1.772345
2025-03-05 10:46:52,1.772345
2025-03-05 10:47:22,1.772345
2025-03-05 10:47:52,1.772345
2025-03-05 10:48:22,1.772345
2025-03-05 10:48:53,1.772345
2025-03-05 10:49:23,1.772345
2025-03-05 10:49:53,1.772345
2025-03-05 10:50:23,1.772345
2025-03-05 10:50:53,1.772345
2025-03-05 10:51:23,1.772345
2025-03-05 10:51:53,1.772345
2025-03-05 10:52:24,1.772345
2025-03-05 10:52:54,1.772345
2025-03-05 10:53:24,1.772345
2025-03-05 10:53:54,1.772345
2025-03-05 10:54:24,1.772345
2025-03-05 10:54:54,1.772345
2025-03-05 10:55:24,1.772345
2025-03-05 10:55:54,1.772345
2025-03-05 10:56:25,1.772345
2025-03-05 10:56:55,1.772345
2025-03-05 10:57:25,1.772345
2025-03-05 10:57:55,1.772345
2025-03-05 10:58:25,1.772345
2025-03-05 10:58:55,1.772345
2025-03-05 10:59:25,1.772345
2025-03-05 10:59:55,1.772345
2025-03-05 11:00:26,1.772345
2025-03-05 11:00:56,1.772345
2025-03-05 11:01:26,1.772345
2025-03-05 11:01:56,1.772345
2025-03-05 11:02:27,1.772345
2025-03-05 11:02:57,1.772345
2025-03-05 11:03:27,1.772345
2025-03-05 11:03:57,1.772345
2025-03-05 11:04:27,1.772345
2025-03-05 11:04:57,1.772345
2025-03-05 11:05:27,1.772345
2025-03-05 11:05:57,1.772345
2025-03-05 11:06:28,1.772345
2025-03-05 11:06:58,1.772345
2025-03-05 11:07:28,1.772345
2025-03-05 11:07:58,1.772345
2025-03-05 11:08:28,1.772345
2025-03-05 11:08:58,1.772345
2025-03-05 11:09:28,1.772345
2025-03-05 11:09:59,1.772345
2025-03-05 11:10:29,1.772345
2025-03-05 11:10:59,1.772345
2025-03-05 11:11:29,1.772345
2025-03-05 11:11:59,1.772345
2025-03-05 11:12:29,1.772345
2025-03-05 11:12:59,1.772345
2025-03-05 11:13:29,1.772345
2025-03-05 11:13:59,1.772345
2025-03-05 11:14:30,1.772345
2025-03-05 11:15:00,1.772345
2025-03-05 11:15:30,1.772345
2025-03-05 11:16:00,1.772345
2025-03-05 11:16:30,1.772345
2025-03-05 11:17:01,1.772345
2025-03-05 11:17:31,1.772345
2025-03-05 11:18:01,1.772345
2025-03-05 11:18:31,1.772345
2025-03-05 11:19:01,1.772345
2025-03-05 11:19:31,1.772345
2025-03-05 11:20:01,1.772345
2025-03-05 11:20:31,1.772345
2025-03-05 11:21:02,1.772345
2025-03-05 11:21:32,1.772345
2025-03-05 11:22:02,1.772345
2025-03-05 11:22:32,1.772345
2025-03-05 11:23:02,1.772345
2025-03-05 11:23:32,1.772345
2025-03-05 11:24:02,1.772345
2025-03-05 11:24:32,1.772345
2025-03-05 11:25:02,1.772345
2025-03-05 11:25:33,1.772345
2025-03-05 11:26:03,1.772345
2025-03-05 11:26:33,1.772345
2025-03-05 11:27:03,1.772345
2025-03-05 11:27:33,1.772345
2025-03-05 11:28:03,1.772345
2025-03-05 11:28:33,1.772345
2025-03-05 11:29:03,1.772345
2025-03-05 11:29:34,1.772345
2025-03-05 11:30:04,1.772345
2025-03-05 11:30:34,1.772345
2025-03-05 11:31:04,1.772345
2025-03-05 11:31:34,1.772345
2025-03-05 11:32:04,1.772345
2025-03-05 11:32:34,1.772345
2025-03-05 11:33:05,1.772345
2025-03-05 11:33:35,1.772345
2025-03-05 11:34:05,1.772345
2025-03-05 11:34:35,1.772345
2025-03-05 11:35:05,1.772345
2025-03-05 11:35:35,1.772345
2025-03-05 11:36:05,1.772345
2025-03-05 11:36:36,1.772345
2025-03-05 11:37:06,1.772345
2025-03-05 11:37:36,1.772345
2025-03-05 11:38:06,1.772345
2025-03-05 11:38:36,1.772345
2025-03-05 11:39:06,1.772345
2025-03-05 11:39:36,1.772345
2025-03-05 11:40:06,1.772345
2025-03-05 11:40:37,1.772345
2025-03-05 11:41:07,1.772345
2025-03-05 11:41:37,1.772345
2025-03-05 11:42:07,1.772345
2025-03-05 11:42:37,1.772345
2025-03-05 11:43:07,1.772345
2025-03-05 11:43:37,1.772345
2025-03-05 11:44:08,1.772345
2025-03-05 11:44:38,1.772345
2025-03-05 11:45:08,1.772345
2025-03-05 11:45:38,1.772345
2025-03-05 11:46:08,1.772345
2025-03-05 11:46:38,1.772345
2025-03-05 11:47:09,1.772345
2025-03-05 11:47:39,1.772345
2025-03-05 11:48:09,1.772345
2025-03-05 11:48:39,1.772345
2025-03-05 11:49:09,1.772345
2025-03-05 11:49:39,1.772345
2025-03-05 11:50:09,1.772345
2025-03-05 11:50:39,1.772345
2025-03-05 11:51:10,1.772345
2025-03-05 11:51:40,1.772345
2025-03-05 11:52:10,1.772345
2025-03-05 11:52:40,1.772345
2025-03-05 11:53:10,1.772345
2025-03-05 11:53:40,1.772345
2025-03-05 11:54:10,1.772345
2025-03-05 11:54:41,1.772345
2025-03-05 11:55:11,1.772345
2025-03-05 11:55:41,1.772345
2025-03-05 11:56:11,1.772345
2025-03-05 11:56:41,1.772345
2025-03-05 11:57:11,1.772345
2025-03-05 11:57:41,1.772345
2025-03-05 11:58:11,1.772345
2025-03-05 11:58:42,1.772345
2025-03-05 11:59:12,1.772345
2025-03-05 11:59:42,1.772345
2025-03-05 12:00:12,1.772345
2025-03-05 12:00:43,1.772345
2025-03-05 12:01:13,1.772345
2025-03-05 12:01:43,1.772345
2025-03-05 12:02:13,1.772345
2025-03-05 12:02:43,1.772345
2025-03-05 12:03:13,1.772345
2025-03-05 12:03:43,1.772345
2025-03-05 12:04:14,1.772345
2025-03-05 12:04:44,1.772345
2025-03-05 12:05:14,1.772345
2025-03-05 12:05:44,1.772345
2025-03-05 12:06:14,1.772345
2025-03-05 12:06:44,1.772345
2025-03-05 12:07:14,1.772345
2025-03-05 12:07:44,1.772345
2025-03-05 12:08:14,1.772345
2025-03-05 12:08:45,1.772345
2025-03-05 12:09:15,1.772345
2025-03-05 12:09:45,1.772345
2025-03-05 12:10:15,1.772345
2025-03-05 12:10:45,1.772345
2025-03-05 12:11:15,1.772345
2025-03-05 12:11:45,1.772345
2025-03-05 12:12:15,1.772345
2025-03-05 12:12:46,1.772345
2025-03-05 12:13:16,1.772345
2025-03-05 12:13:46,1.772345
2025-03-05 12:14:16,1.772345
2025-03-05 12:14:46,1.772345
2025-03-05 12:15:16,1.772345
2025-03-05 12:15:47,1.772345
2025-03-05 12:16:17,1.772345
2025-03-05 12:16:47,1.772345
2025-03-05 12:17:17,1.772345
2025-03-05 12:17:47,1.772345
2025-03-05 12:18:17,1.772345
2025-03-05 12:18:47,1.772345
2025-03-05 12:19:18,1.772345
2025-03-05 12:19:48,1.772345
2025-03-05 12:20:18,1.772345
2025-03-05 12:20:48,1.772345
2025-03-05 12:21:18,1.772345
2025-03-05 12:21:48,1.772345
2025-03-05 12:22:18,1.772345
2025-03-05 12:22:48,1.772345
2025-03-05 12:23:19,1.772345
2025-03-05 12:23:49,1.772345
2025-03-05 12:24:19,1.772345
2025-03-05 12:24:49,1.772345
2025-03-05 12:25:19,1.772345
2025-03-05 12:25:49,1.772345
2025-03-05 12:26:19,1.772345
2025-03-05 12:26:49,1.772345
2025-03-05 12:27:20,1.772345
2025-03-05 12:27:50,1.772345
2025-03-05 12:28:20,1.772345
2025-03-05 12:28:50,1.772345
2025-03-05 12:29:20,1.772345
2025-03-05 12:29:50,1.772345
2025-03-05 12:30:21,1.772345
2025-03-05 12:30:51,1.772345
2025-03-05 12:31:21,1.772345
2025-03-05 12:31:51,1.772345
2025-03-05 12:32:21,1.772345
2025-03-05 12:32:51,1.772345
2025-03-05 12:33:21,1.772345
2025-03-05 12:33:52,1.772345
2025-03-05 12:34:22,1.772345
2025-03-05 12:34:52,1.772345
2025-03-05 12:35:22,1.772345
2025-03-05 12:35:52,1.772345
2025-03-05 12:36:22,1.772345
2025-03-05 12:36:52,1.772345
2025-03-05 12:37:23,1.772345
2025-03-05 12:37:53,1.772345
2025-03-05 12:38:23,1.772345
2025-03-05 12:38:53,1.772345
2025-03-05 12:39:23,1.772345
2025-03-05 12:39:53,1.772345
2025-03-05 12:40:23,1.772345
2025-03-05 12:40:53,1.772345
2025-03-05 12:41:23,1.772345
2025-03-05 12:41:54,1.772345
2025-03-05 12:42:24,1.772345
2025-03-05 12:42:54,1.772345
2025-03-05 12:43:24,1.772345
2025-03-05 12:43:54,1.772345
2025-03-05 12:44:24,1.772345
2025-03-05 12:44:55,1.772345
2025-03-05 12:45:25,1.772345
2025-03-05 12:45:55,1.772345
2025-03-05 12:46:25,1.772345
2025-03-05 12:46:55,1.772345
2025-03-05 12:47:25,1.772345
2025-03-05 12:47:55,1.772345
2025-03-05 12:48:26,1.772345
2025-03-05 12:48:56,1.772345
2025-03-05 12:49:26,1.772345
2025-03-05 12:49:56,1.772345
2025-03-05 12:50:26,1.772345
2025-03-05 12:50:56,1.772345
2025-03-05 12:51:26,1.772345
2025-03-05 12:51:56,1.772345
2025-03-05 12:52:27,1.772345
2025-03-05 12:52:57,1.772345
2025-03-05 12:53:27,1.772345
2025-03-05 12:53:57,1.772345
2025-03-05 12:54:27,1.772345
2025-03-05 12:54:57,1.772345
2025-03-05 12:55:27,1.772345
2025-03-05 12:55:57,1.772345
2025-03-05 12:56:28,1.772345
2025-03-05 12:56:58,1.772345
2025-03-05 12:57:28,1.772345
2025-03-05 12:57:58,1.772345
2025-03-05 12:58:28,1.772345
2025-03-05 12:58:58,1.772345
2025-03-05 12:59:28,1.772345
2025-03-05 12:59:59,1.772345
2025-03-05 13:00:29,1.772345
2025-03-05 13:00:59,1.772345
2025-03-05 13:01:29,1.772345
2025-03-05 13:01:59,1.772345
2025-03-05 13:02:29,1.772345
2025-03-05 13:03:00,1.772345
2025-03-05 13:03:30,1.772345
2025-03-05 13:04:00,1.772345
2025-03-05 13:04:30,1.772345
2025-03-05 13:05:00,1.772345
2025-03-05 13:05:30,1.772345
2025-03-05 13:06:00,1.772345
2025-03-05 13:06:30,1.772345
2025-03-05 13:07:01,1.772345
2025-03-05 13:07:31,1.772345
2025-03-05 13:08:01,1.772345
2025-03-05 13:08:31,1.772345
2025-03-05 13:09:01,1.772345
2025-03-05 13:09:31,1.772345
2025-03-05 13:10:01,1.772345
2025-03-05 13:10:31,1.772345
2025-03-05 13:11:02,1.772345
2025-03-05 13:11:32,1.772345
2025-03-05 13:12:02,1.772345
2025-03-05 13:12:32,1.772345
2025-03-05 13:13:02,1.772345
2025-03-05 13:13:32,1.772345
2025-03-05 13:14:02,1.772345
2025-03-05 13:14:32,1.772345
2025-03-05 13:15:03,1.772345
2025-03-05 13:15:33,1.772345
2025-03-05 13:16:03,1.772345
2025-03-05 13:16:33,1.772345
2025-03-05 13:17:03,1.772345
2025-03-05 13:17:33,1.772345
2025-03-05 13:18:03,1.772345
2025-03-05 13:18:34,1.772345
2025-03-05 13:19:04,1.772345
2025-03-05 13:19:34,1.772345
2025-03-05 13:20:04,1.772345
2025-03-05 13:20:34,1.772345
2025-03-05 13:21:04,1.772345
2025-03-05 13:21:34,1.772345
2025-03-05 13:22:05,1.772345
2025-03-05 13:22:35,1.772345
2025-03-05 13:23:05,1.772345
2025-03-05 13:23:35,1.772345
2025-03-05 13:24:05,1.772345
2025-03-05 13:24:35,1.772345
2025-03-05 13:25:05,1.772345
2025-03-05 13:25:36,1.772345
2025-03-05 13:26:06,1.772345
2025-03-05 13:26:36,1.772345
2025-03-05 13:27:06,1.772345
2025-03-05 13:27:36,1.772345
2025-03-05 13:28:06,1.772345
2025-03-05 13:28:36,1.772345
2025-03-05 13:29:06,1.772345
2025-03-05 13:29:37,1.772345
2025-03-05 13:30:07,1.772345
2025-03-05 13:30:37,1.772345
2025-03-05 13:31:07,1.772345
2025-03-05 13:31:37,1.772345
2025-03-05 13:32:07,1.772345
2025-03-05 13:32:38,1.772345
2025-03-05 13:33:08,1.772345
2025-03-05 13:33:38,1.772345
2025-03-05 13:34:08,1.772345
2025-03-05 13:34:38,1.772345
2025-03-05 13:35:08,1.772345
2025-03-05 13:35:38,1.772345
2025-03-05 13:36:09,1.772345
2025-03-05 13:36:39,1.772345
2025-03-05 13:37:09,1.772345
2025-03-05 13:37:39,1.772345
2025-03-05 13:38:09,1.772345
2025-03-05 13:38:39,1.772345
2025-03-05 13:39:09,1.772345
2025-03-05 13:39:39,1.772345
2025-03-05 13:40:10,1.772345
2025-03-05 13:40:40,1.772345
2025-03-05 13:41:10,1.772345
2025-03-05 13:41:40,1.772345
2025-03-05 13:42:10,1.772345
2025-03-05 13:42:40,1.772345
2025-03-05 13:43:10,1.772345
2025-03-05 13:43:40,1.772345
2025-03-05 13:44:11,1.772345
2025-03-05 13:44:41,1.772345
2025-03-05 13:45:11,1.772345
2025-03-05 13:45:41,1.772345
2025-03-05 13:46:11,1.772345
2025-03-05 13:46:41,1.772345
2025-03-05 13:47:12,1.772345
2025-03-05 13:47:42,1.772345
2025-03-05 13:48:12,1.772345
2025-03-05 13:48:42,1.772345
2025-03-05 13:49:12,1.772345
2025-03-05 13:49:42,1.772345
2025-03-05 13:50:12,1.772345
2025-03-05 13:50:42,1.772345
2025-03-05 13:51:12,1.772345
2025-03-05 13:51:43,1.772345
2025-03-05 13:52:13,1.772345
2025-03-05 13:52:43,1.772345
2025-03-05 13:53:13,1.772345
2025-03-05 13:53:43,1.772345
2025-03-05 13:54:13,1.772345
2025-03-05 13:54:43,1.772345
2025-03-05 13:55:13,1.772345
2025-03-05 13:55:44,1.772345
2025-03-05 13:56:14,1.772345
2025-03-05 13:56:44,1.772345
2025-03-05 13:57:14,1.772345
2025-03-05 13:57:44,1.772345
2025-03-05 13:58:14,1.772345
2025-03-05 13:58:44,1.772345
2025-03-05 13:59:14,1.772345
2025-03-05 13:59:45,1.772345
2025-03-05 14:00:15,1.772345
2025-03-05 14:00:45,1.772345
2025-03-05 14:01:15,1.772345
2025-03-05 14:01:46,1.772345
2025-03-05 14:02:16,1.772345
2025-03-05 14:02:46,1.772345
2025-03-05 14:03:16,1.772345
2025-03-05 14:03:46,1.772345
2025-03-05 14:04:16,1.772345
2025-03-05 14:04:46,1.772345
2025-03-05 14:05:16,1.772345
2025-03-05 14:05:47,1.772345
2025-03-05 14:06:17,1.772345
2025-03-05 14:06:47,1.772345
2025-03-05 14:07:17,1.772345
2025-03-05 14:07:47,1.772345
2025-03-05 14:08:17,1.772345
2025-03-05 14:08:47,1.772345
2025-03-05 14:09:18,1.772345
2025-03-05 14:09:48,1.772345
2025-03-05 14:10:18,1.772345
2025-03-05 14:10:48,1.772345
2025-03-05 14:11:18,1.772345
2025-03-05 14:11:48,1.772345
2025-03-05 14:12:18,1.772345
2025-03-05 14:12:48,1.772345
2025-03-05 14:13:19,1.772345
2025-03-05 14:13:49,1.772345
2025-03-05 14:14:19,1.772345
2025-03-05 14:14:49,1.772345
2025-03-05 14:15:19,1.772345
2025-03-05 14:15:49,1.772345
2025-03-05 14:16:19,1.772345
2025-03-05 14:16:50,1.772345
2025-03-05 14:17:20,1.772345
2025-03-05 14:17:50,1.772345
2025-03-05 14:18:20,1.772345
2025-03-05 14:18:50,1.772345
2025-03-05 14:19:20,1.772345
2025-03-05 14:19:51,1.772345
2025-03-05 14:20:21,1.772345
2025-03-05 14:20:51,1.772345
2025-03-05 14:21:21,1.772345
2025-03-05 14:21:51,1.772345
2025-03-05 14:22:21,1.772345
2025-03-05 14:22:51,1.772345
2025-03-05 14:23:21,1.772345
2025-03-05 14:23:51,1.772345
2025-03-05 14:24:22,1.772345
2025-03-05 14:24:52,1.772345
2025-03-05 14:25:22,1.772345
2025-03-05 14:25:52,1.772345
2025-03-05 14:26:22,1.772345
2025-03-05 14:26:52,1.772345
2025-03-05 14:27:22,1.772345
2025-03-05 14:27:52,1.772345
2025-03-05 14:28:23,1.772345
2025-03-05 14:28:53,1.772345
2025-03-05 14:29:23,1.772345
2025-03-05 14:29:53,1.772345
2025-03-05 14:30:23,1.772345
2025-03-05 14:30:53,1.772345
2025-03-05 14:31:24,1.772345
2025-03-05 14:31:54,1.772345
2025-03-05 14:32:24,1.772345
2025-03-05 14:32:54,1.772345
2025-03-05 14:33:24,1.772345
2025-03-05 14:33:54,1.772345
2025-03-05 14:34:24,1.772345
2025-03-05 14:34:54,1.772345
2025-03-05 14:35:25,1.772345
2025-03-05 14:35:55,1.772345
2025-03-05 14:36:25,1.772345
2025-03-05 14:36:55,1.772345
2025-03-05 14:37:25,1.772345
2025-03-05 14:37:55,1.772345
2025-03-05 14:38:25,1.772345
2025-03-05 14:38:55,1.772345
2025-03-05 14:39:26,1.772345
2025-03-05 14:39:56,1.772345
2025-03-05 14:40:26,1.772345
2025-03-05 14:40:56,1.772345
2025-03-05 14:41:26,1.772345
2025-03-05 14:41:56,1.772345
2025-03-05 14:42:26,1.772345
2025-03-05 14:42:56,1.772345
2025-03-05 14:43:26,1.772345
2025-03-05 14:43:57,1.772345
2025-03-05 14:44:27,1.772345
2025-03-05 14:44:57,1.772345
2025-03-05 14:45:27,1.772345
2025-03-05 14:45:57,1.772345
2025-03-05 14:46:27,1.772345
2025-03-05 14:46:58,1.772345
2025-03-05 14:47:28,1.772345
2025-03-05 14:47:58,1.772345
2025-03-05 14:48:28,1.772345
2025-03-05 14:48:58,1.772345
2025-03-05 14:49:28,1.772345
2025-03-05 14:49:58,1.772345
2025-03-05 14:50:28,1.772345
2025-03-05 14:50:59,1.772345
2025-03-05 14:51:29,1.772345
2025-03-05 14:51:59,1.772345
2025-03-05 14:52:29,1.772345
2025-03-05 14:52:59,1.772345
2025-03-05 14:53:29,1.772345
2025-03-05 14:53:59,1.772345
2025-03-05 14:54:29,1.772345
2025-03-05 14:54:59,1.772345
2025-03-05 14:55:30,1.772345
2025-03-05 14:56:00,1.772345
2025-03-05 14:56:30,1.772345
2025-03-05 14:57:00,1.772345
2025-03-05 14:57:30,1.772345
2025-03-05 14:58:00,1.772345
2025-03-05 14:58:31,1.772345
2025-03-05 14:59:01,1.772345
2025-03-05 14:59:31,1.772345
2025-03-05 15:00:01,1.772345
2025-03-05 15:00:31,1.772345
2025-03-05 15:01:01,1.772345
2025-03-05 15:01:32,1.772345
2025-03-05 15:02:02,1.772345
2025-03-05 15:02:32,1.772345
2025-03-05 15:03:02,1.772345
2025-03-05 15:03:32,1.772345
2025-03-05 15:04:03,1.772345
2025-03-05 15:04:33,1.772345
2025-03-05 15:05:03,1.772345
2025-03-05 15:05:33,1.772345
2025-03-05 15:06:03,1.772345
2025-03-05 15:06:33,1.772345
2025-03-05 15:07:03,1.772345
2025-03-05 15:07:33,1.772345
2025-03-05 15:08:04,1.772345
2025-03-05 15:08:34,1.772345
2025-03-05 15:09:04,1.772345
2025-03-05 15:09:34,1.772345
2025-03-05 15:10:04,1.772345
2025-03-05 15:10:34,1.772345
2025-03-05 15:11:04,1.772345
2025-03-05 15:11:34,1.772345
2025-03-05 15:12:05,1.772345
2025-03-05 15:12:35,1.772345
2025-03-05 15:13:05,1.772345
2025-03-05 15:13:35,1.772345
2025-03-05 15:14:05,1.772345
2025-03-05 15:14:35,1.772345
2025-03-05 15:15:05,1.772345
2025-03-05 15:15:36,1.772345
2025-03-05 15:16:06,1.772345
2025-03-05 15:16:36,1.772345
2025-03-05 15:17:06,1.772345
2025-03-05 15:17:36,1.772345
2025-03-05 15:18:06,1.772345
2025-03-05 15:18:36,1.772345
2025-03-05 15:19:07,1.772345
2025-03-05 15:19:37,1.772345
2025-03-05 15:20:07,1.772345
2025-03-05 15:20:37,1.772345
2025-03-05 15:21:07,1.772345
2025-03-05 15:21:37,1.772345
2025-03-05 15:22:07,1.772345
2025-03-05 15:22:37,1.772345
2025-03-05 15:23:08,1.772345
2025-03-05 15:23:38,1.772345
2025-03-05 15:24:08,1.772345
2025-03-05 15:24:38,1.772345
2025-03-05 15:25:08,1.772345
2025-03-05 15:25:38,1.772345
2025-03-05 15:26:08,1.772345
2025-03-05 15:26:39,1.772345
2025-03-05 15:27:09,1.772345
2025-03-05 15:27:39,1.772345
2025-03-05 15:28:09,1.772345
2025-03-05 15:28:39,1.772345
2025-03-05 15:29:09,1.772345
2025-03-05 15:29:39,1.772345
2025-03-05 15:30:09,1.772345
2025-03-05 15:30:40,1.772345
2025-03-05 15:31:10,1.772345
2025-03-05 15:31:40,1.772345
2025-03-05 15:32:10,1.772345
2025-03-05 15:32:40,1.772345
2025-03-05 15:33:10,1.772345
2025-03-05 15:33:41,1.772345
2025-03-05 15:34:11,1.772345
2025-03-05 15:34:41,1.772345
2025-03-05 15:35:11,1.772345
2025-03-05 15:35:41,1.772345
2025-03-05 15:36:11,1.772345
2025-03-05 15:36:41,1.772345
2025-03-05 15:37:11,1.772345
2025-03-05 15:37:42,1.772345
2025-03-05 15:38:12,1.772345
2025-03-05 15:38:42,1.772345
2025-03-05 15:39:12,1.772345
2025-03-05 15:39:42,1.772345
2025-03-05 15:40:12,1.772345
2025-03-05 15:40:42,1.772345
2025-03-05 15:41:13,1.772345
2025-03-05 15:41:43,1.772345
2025-03-05 15:42:13,1.772345
2025-03-05 15:42:43,1.772345
2025-03-05 15:43:13,1.772345
2025-03-05 15:43:43,1.772345
2025-03-05 15:44:13,1.772345
2025-03-05 15:44:43,1.772345
2025-03-05 15:45:14,1.772345
2025-03-05 15:45:44,1.772345
2025-03-05 15:46:14,1.772345
2025-03-05 15:46:44,1.772345
2025-03-05 15:47:14,1.772345
2025-03-05 15:47:44,1.772345
2025-03-05 15:48:14,1.772345
2025-03-05 15:48:45,1.772345
2025-03-05 15:49:15,1.772345
2025-03-05 15:49:45,1.772345
2025-03-05 15:50:15,1.772345
2025-03-05 15:50:45,1.772345
2025-03-05 15:51:15,1.772345
2025-03-05 15:51:45,1.772345
2025-03-05 15:52:15,1.772345
2025-03-05 15:52:46,1.772345
2025-03-05 15:53:16,1.772345
2025-03-05 15:53:46,1.772345
2025-03-05 15:54:16,1.772345
2025-03-05 15:54:46,1.772345
2025-03-05 15:55:16,1.772345
2025-03-05 15:55:46,1.772345
2025-03-05 15:56:16,1.772345
2025-03-05 15:56:46,1.772345
2025-03-05 15:57:17,1.772345
2025-03-05 15:57:47,1.772345
2025-03-05 15:58:17,1.772345
2025-03-05 15:58:47,1.772345
2025-03-05 15:59:17,1.772345
2025-03-05 15:59:47,1.772345
2025-03-05 16:00:17,1.772345
2025-03-05 16:00:48,1.772345
2025-03-05 16:01:18,1.772345
2025-03-05 16:01:48,1.772345
2025-03-05 16:02:18,1.772345
2025-03-05 16:02:48,1.772345
2025-03-05 16:03:18,1.772345
2025-03-05 16:03:48,1.772345
2025-03-05 16:04:19,1.772345
2025-03-05 16:04:49,1.772345
2025-03-05 16:05:19,1.772345
2025-03-05 16:05:49,1.772345
2025-03-05 16:06:19,1.772345
2025-03-05 16:06:49,1.772345
2025-03-05 16:07:19,1.772345
2025-03-05 16:07:50,1.772345
2025-03-05 16:08:20,1.772345
2025-03-05 16:08:50,1.772345
2025-03-05 16:09:20,1.772345
2025-03-05 16:09:50,1.772345
2025-03-05 16:10:20,1.772345
2025-03-05 16:10:50,1.772345
2025-03-05 16:11:20,1.772345
2025-03-05 16:11:50,1.772345
2025-03-05 16:12:21,1.772345
2025-03-05 16:12:51,1.772345
2025-03-05 16:13:21,1.772345
2025-03-05 16:13:51,1.772345
2025-03-05 16:14:21,1.772345
2025-03-05 16:14:51,1.772345
2025-03-05 16:15:21,1.772345
2025-03-05 16:15:52,1.772345
2025-03-05 16:16:22,1.772345
2025-03-05 16:16:52,1.772345
2025-03-05 16:17:22,1.772345
2025-03-05 16:17:52,1.772345
2025-03-05 16:18:22,1.772345
2025-03-05 16:18:52,1.772345
2025-03-05 16:19:22,1.772345
2025-03-05 16:19:53,1.772345
2025-03-05 16:20:23,1.772345
2025-03-05 16:20:53,1.772345
2025-03-05 16:21:23,1.772345
2025-03-05 16:21:53,1.772345
2025-03-05 16:22:23,1.772345
2025-03-05 16:22:53,1.772345
2025-03-05 16:23:24,1.772345
2025-03-05 16:23:54,1.772345
2025-03-05 16:24:24,1.772345
2025-03-05 16:24:54,1.772345
2025-03-05 16:25:24,1.772345
2025-03-05 16:25:54,1.772345
2025-03-05 16:26:24,1.772345
2025-03-05 16:26:54,1.772345
2025-03-05 16:27:24,1.772345
2025-03-05 16:27:55,1.772345
2025-03-05 16:28:25,1.772345
2025-03-05 16:28:55,1.772345
2025-03-05 16:29:25,1.772345
2025-03-05 16:29:55,1.772345
2025-03-05 16:30:25,1.772345
2025-03-05 16:30:55,1.772345
2025-03-05 16:31:25,1.772345
2025-03-05 16:31:56,1.772345
2025-03-05 16:32:26,1.772345
2025-03-05 16:32:56,1.772345
2025-03-05 16:33:26,1.772345
2025-03-05 16:33:56,1.772345
2025-03-05 16:34:26,1.772345
2025-03-05 16:34:56,1.772345
2025-03-05 16:35:27,1.772345
2025-03-05 16:35:57,1.772345
2025-03-05 16:36:27,1.772345
2025-03-05 16:36:57,1.772345
2025-03-05 16:37:27,1.772345
2025-03-05 16:37:57,1.772345
2025-03-05 16:38:27,1.772345
2025-03-05 16:38:58,1.772345
2025-03-05 16:39:28,1.772345
2025-03-05 16:39:58,1.772345
2025-03-05 16:41:18,1.772345
2025-03-05 16:41:48,1.772345
2025-03-05 16:42:18,1.772345
2025-03-05 16:42:48,1.772345
2025-03-05 16:43:18,1.772345
2025-03-05 16:43:49,1.772345
2025-03-05 16:44:19,1.772345
2025-03-05 16:44:49,1.772345
2025-03-05 16:45:19,1.772345
2025-03-05 16:45:49,1.772345
2025-03-05 16:46:19,1.772345
2025-03-05 16:46:50,1.772345
2025-03-05 16:47:20,1.772345
2025-03-05 16:47:50,1.772345
2025-03-05 16:48:20,1.772345
2025-03-05 16:48:50,1.772345
2025-03-05 16:49:20,1.772345
2025-03-05 16:49:50,1.772345
2025-03-05 16:50:20,1.772345
2025-03-05 16:50:51,1.772345
2025-03-05 16:51:21,1.772345
2025-03-05 16:51:51,1.772345
2025-03-05 16:52:21,1.772345
2025-03-05 16:52:51,1.772345
2025-03-05 16:53:21,1.772345
2025-03-05 16:53:51,1.772345
2025-03-05 16:54:22,1.772345
2025-03-05 16:54:52,1.772345
2025-03-05 16:55:22,1.772345
2025-03-05 16:55:52,1.772345
2025-03-05 16:56:22,1.772345
2025-03-05 16:56:52,1.772345
2025-03-05 16:57:22,1.772345
2025-03-05 16:57:52,1.772345
2025-03-05 16:58:23,1.772345
2025-03-05 16:58:53,1.772345
2025-03-05 16:59:23,1.772345
2025-03-05 16:59:53,1.772345
2025-03-05 17:00:23,1.772345
2025-03-05 17:00:53,1.772345
2025-03-05 17:01:23,1.772345
2025-03-05 17:01:54,1.772345
2025-03-05 17:02:24,1.772345
2025-03-05 17:02:54,1.772345
2025-03-05 17:03:24,1.772345
2025-03-05 17:03:55,1.772345
2025-03-05 17:04:25,1.772345
2025-03-05 17:04:55,1.772345
2025-03-05 17:05:25,1.772345
2025-03-05 17:05:55,1.772345
2025-03-05 17:06:25,1.772345
2025-03-05 17:06:55,1.772345
2025-03-05 17:07:25,1.772345
2025-03-05 17:07:56,1.772345
2025-03-05 17:08:26,1.772345
2025-03-05 17:08:56,1.772345
2025-03-05 17:09:26,1.772345
2025-03-05 17:09:56,1.772345
2025-03-05 17:10:26,1.772345
2025-03-05 17:10:56,1.772345
2025-03-05 17:11:26,1.772345
2025-03-05 17:11:57,1.772345
2025-03-05 17:12:27,1.772345
2025-03-05 17:12:57,1.772345
2025-03-05 17:13:27,1.772345
2025-03-05 17:13:57,1.772345
2025-03-05 17:14:27,1.772345
2025-03-05 17:14:57,1.772345
2025-03-05 17:15:27,1.772345
2025-03-05 17:15:58,1.772345
2025-03-05 17:16:28,1.772345
2025-03-05 17:16:58,1.772345
2025-03-05 17:17:28,1.772345
2025-03-05 17:17:58,1.772345
2025-03-05 17:18:28,1.772345
2025-03-05 17:18:58,1.772345
2025-03-05 17:19:29,1.772345
2025-03-05 17:19:59,1.772345
2025-03-05 17:20:29,1.772345
2025-03-05 17:20:59,1.772345
2025-03-05 17:21:29,1.772345
2025-03-05 17:21:59,1.772345
2025-03-05 17:22:29,1.772345
2025-03-05 17:22:59,1.772345
2025-03-05 17:23:30,1.772345
2025-03-05 17:24:00,1.772345
2025-03-05 17:24:30,1.772345
2025-03-05 17:25:00,1.772345
2025-03-05 17:25:30,1.772345
2025-03-05 17:26:00,1.772345
2025-03-05 17:26:30,1.772345
2025-03-05 17:27:00,1.772345
2025-03-05 17:27:31,1.772345
2025-03-05 17:28:01,1.772345
2025-03-05 17:28:31,1.772345
2025-03-05 17:29:01,1.772345
2025-03-05 17:29:31,1.772345
2025-03-05 17:30:01,1.772345
2025-03-05 17:30:31,1.772345
2025-03-05 17:31:01,1.772345
2025-03-05 17:31:31,1.772345
2025-03-05 17:32:02,1.772345
2025-03-05 17:32:32,1.772345
2025-03-05 17:33:02,1.772345
2025-03-05 17:33:32,1.772345
2025-03-05 17:34:02,1.772345
2025-03-05 17:34:32,1.772345
2025-03-05 17:35:53,1.772345
2025-03-05 17:36:23,1.772345
2025-03-05 17:36:53,1.772345
2025-03-05 17:37:23,1.772345
2025-03-05 17:37:53,1.772345
2025-03-05 17:38:23,1.772345
2025-03-05 17:38:53,1.772345
2025-03-05 17:39:24,1.772345
2025-03-05 17:39:54,1.772345
2025-03-05 17:40:24,1.772345
2025-03-05 17:40:54,1.772345
2025-03-05 17:41:24,1.772345
2025-03-05 17:41:54,1.772345
2025-03-05 17:42:24,1.772345
2025-03-05 17:42:54,1.772345
2025-03-05 17:43:24,1.772345
2025-03-05 17:43:55,1.772345
2025-03-05 17:44:25,1.772345
2025-03-05 17:44:55,1.772345
2025-03-05 17:45:25,1.772345
2025-03-05 17:45:55,1.772345
2025-03-05 17:46:25,1.772345
2025-03-05 17:46:55,1.772345
2025-03-05 17:47:26,1.772345
2025-03-05 17:47:56,1.772345
2025-03-05 17:48:26,1.772345
2025-03-05 17:48:56,1.772345
2025-03-05 17:49:26,1.772345
2025-03-05 17:49:56,1.772345
2025-03-05 17:50:27,1.772345
2025-03-05 17:50:57,1.772345
2025-03-05 17:51:27,1.772345
2025-03-05 17:51:57,1.772345
2025-03-05 17:52:27,1.772345
2025-03-05 17:52:57,1.772345
2025-03-05 17:53:27,1.772345
2025-03-05 17:53:57,1.772345
2025-03-05 17:54:28,1.772345
2025-03-05 17:54:58,1.772345
2025-03-05 17:55:28,1.772345
2025-03-05 17:55:58,1.772345
2025-03-05 17:56:28,1.772345
2025-03-05 17:56:58,1.772345
2025-03-05 17:57:28,1.772345
2025-03-05 17:57:58,1.772345
2025-03-05 17:58:29,1.772345
2025-03-05 17:58:59,1.772345
2025-03-05 17:59:29,1.772345
2025-03-05 17:59:59,1.772345
2025-03-05 18:00:29,1.772345
2025-03-05 18:00:59,1.772345
2025-03-05 18:01:29,1.772345
2025-03-05 18:01:59,1.772345
2025-03-05 18:02:30,1.772345
2025-03-05 18:03:00,1.772345
2025-03-05 18:03:30,1.772345
2025-03-05 18:04:00,1.772345
2025-03-05 18:04:30,1.772345
2025-03-05 18:05:00,1.772345
2025-03-05 18:05:30,1.772345
2025-03-05 18:06:01,1.772345
2025-03-05 18:06:31,1.772345
2025-03-05 18:07:01,1.772345
2025-03-05 18:07:31,1.772345
2025-03-05 18:08:01,1.772345
2025-03-05 18:08:31,1.772345
2025-03-05 18:09:01,1.772345
2025-03-05 18:09:31,1.772345
2025-03-05 18:10:02,1.772345
2025-03-05 18:10:32,1.772345
2025-03-05 18:11:02,1.772345
2025-03-05 18:11:32,1.772345
2025-03-05 18:12:02,1.772345
2025-03-05 18:12:32,1.772345
2025-03-05 18:13:02,1.772345
2025-03-05 18:13:32,1.772345
2025-03-05 18:14:03,1.772345
2025-03-05 18:14:33,1.772345
2025-03-05 18:15:03,1.772345
2025-03-05 18:15:33,1.772345
2025-03-05 18:16:03,1.772345
2025-03-05 18:16:33,1.772345
2025-03-05 18:17:03,1.772345
2025-03-05 18:17:34,1.772345
2025-03-05 18:18:04,1.772345
2025-03-05 18:18:34,1.772345
2025-03-05 18:19:04,1.772345
2025-03-05 18:19:34,1.772345
2025-03-05 18:20:04,1.772345
2025-03-05 18:20:34,1.772345
2025-03-05 18:21:05,1.772345
2025-03-05 18:21:35,1.772345
2025-03-05 18:22:05,1.772345
2025-03-05 18:22:35,1.772345
2025-03-05 18:23:05,1.772345
2025-03-05 18:23:35,1.772345
2025-03-05 18:24:05,1.772345
2025-03-05 18:24:36,1.772345
2025-03-05 18:25:06,1.772345
2025-03-05 18:25:36,1.772345
2025-03-05 18:26:06,1.772345
2025-03-05 18:26:36,1.772345
2025-03-05 18:27:06,1.772345
2025-03-05 18:27:36,1.772345
2025-03-05 18:28:06,1.772345
2025-03-05 18:28:37,1.772345
2025-03-05 18:29:07,1.772345
2025-03-05 18:29:37,1.772345
2025-03-05 18:30:07,1.772345
2025-03-05 18:30:37,1.772345
2025-03-05 18:31:07,1.772345
2025-03-05 18:31:38,1.772345
2025-03-05 18:32:08,1.772345
2025-03-05 18:32:38,1.772345
2025-03-05 18:33:08,1.772345
2025-03-05 18:33:38,1.772345
2025-03-05 18:34:08,1.772345
2025-03-05 18:34:38,1.772345
2025-03-05 18:35:09,1.772345
2025-03-05 18:35:39,1.772345
2025-03-05 18:36:09,1.772345
2025-03-05 18:36:39,1.772345
2025-03-05 18:37:09,1.772345
2025-03-05 18:37:39,1.772345
2025-03-05 18:38:09,1.772345
2025-03-05 18:38:40,1.772345
2025-03-05 18:39:10,1.772345
2025-03-05 18:39:40,1.772345
2025-03-05 18:40:10,1.772345
2025-03-05 18:40:40,1.772345
2025-03-05 18:41:10,1.772345
2025-03-05 18:41:40,1.772345
2025-03-05 18:42:10,1.772345
2025-03-05 18:42:41,1.772345
2025-03-05 18:43:11,1.772345
2025-03-05 18:43:41,1.772345
2025-03-05 18:44:11,1.772345
2025-03-05 18:44:41,1.772345
2025-03-05 18:45:11,1.772345
2025-03-05 18:45:41,1.772345
2025-03-05 18:46:11,1.772345
2025-03-05 18:46:42,1.772345
2025-03-05 18:47:12,1.772345
2025-03-05 18:47:42,1.772345
2025-03-05 18:48:12,1.772345
2025-03-05 18:48:42,1.772345
2025-03-05 18:49:12,1.772345
2025-03-05 18:49:43,1.772345
2025-03-05 18:50:13,1.772345
2025-03-05 18:50:43,1.772345
2025-03-05 18:51:13,1.772345
2025-03-05 18:51:43,1.772345
2025-03-05 18:52:13,1.772345
2025-03-05 18:52:43,1.772345
2025-03-05 18:53:14,1.772345
2025-03-05 18:53:44,1.772345
2025-03-05 18:54:14,1.772345
2025-03-05 18:54:44,1.772345
2025-03-05 18:55:14,1.772345
2025-03-05 18:55:44,1.772345
2025-03-05 18:56:14,1.772345
2025-03-05 18:56:44,1.772345
2025-03-05 18:57:15,1.772345
2025-03-05 18:57:45,1.772345
2025-03-05 18:58:15,1.772345
2025-03-05 18:58:45,1.772345
2025-03-05 18:59:15,1.772345
2025-03-05 18:59:45,1.772345
2025-03-05 19:00:15,1.772345
2025-03-05 19:00:46,1.772345
2025-03-05 19:01:16,1.772345
2025-03-05 19:01:46,1.772345
2025-03-05 19:02:16,1.772345
2025-03-05 19:02:46,1.772345
2025-03-05 19:03:17,1.772345
2025-03-05 19:03:47,1.772345
2025-03-05 19:04:17,1.772345
2025-03-05 19:04:47,1.772345
2025-03-05 19:05:17,1.772345
2025-03-05 19:05:47,1.772345
2025-03-05 19:06:17,1.772345
2025-03-05 19:06:48,1.772345
2025-03-05 19:07:18,1.772345
2025-03-05 19:07:48,1.772345
2025-03-05 19:08:18,1.772345
2025-03-05 19:08:48,1.772345
2025-03-05 19:09:18,1.772345
2025-03-05 19:09:48,1.772345
2025-03-05 19:10:18,1.772345
2025-03-05 19:10:49,1.772345
2025-03-05 19:11:19,1.772345
2025-03-05 19:11:49,1.772345
2025-03-05 19:12:19,1.772345
2025-03-05 19:12:49,1.772345
2025-03-05 19:13:19,1.772345
2025-03-05 19:13:49,1.772345
2025-03-05 19:14:19,1.772345
2025-03-05 19:14:50,1.772345
2025-03-05 19:15:20,1.772345
2025-03-05 19:15:50,1.772345
2025-03-05 19:16:20,1.772345
2025-03-05 19:16:50,1.772345
2025-03-05 19:17:20,1.772345
2025-03-05 19:17:50,1.772345
2025-03-05 19:18:21,1.772345
2025-03-05 19:18:51,1.772345
2025-03-05 19:19:21,1.772345
2025-03-05 19:19:51,1.772345
2025-03-05 19:20:21,1.772345
2025-03-05 19:20:51,1.772345
2025-03-05 19:21:21,1.772345
2025-03-05 19:21:51,1.772345
2025-03-05 19:22:22,1.772345
2025-03-05 19:22:52,1.772345
2025-03-05 19:23:22,1.772345
2025-03-05 19:23:52,1.772345
2025-03-05 19:24:22,1.772345
2025-03-05 19:24:52,1.772345
2025-03-05 19:25:22,1.772345
2025-03-05 19:25:53,1.772345
2025-03-05 19:26:23,1.772345
2025-03-05 19:26:53,1.772345
2025-03-05 19:27:23,1.772345
2025-03-05 19:27:53,1.772345
2025-03-05 19:28:23,1.772345
2025-03-05 19:28:53,1.772345
2025-03-05 19:29:24,1.772345
2025-03-05 19:29:54,1.772345
2025-03-05 19:30:24,1.772345
2025-03-05 19:30:54,1.772345
2025-03-05 19:31:24,1.772345
2025-03-05 19:31:54,1.772345
2025-03-05 19:32:24,1.772345
2025-03-05 19:32:55,1.772345
2025-03-05 19:33:25,1.772345
2025-03-05 19:33:55,1.772345
2025-03-05 19:34:25,1.772345
2025-03-05 19:34:55,1.772345
2025-03-05 19:35:25,1.772345
2025-03-05 19:35:55,1.772345
2025-03-05 19:36:25,1.772345
2025-03-05 19:36:56,1.772345
2025-03-05 19:37:26,1.772345
2025-03-05 19:37:56,1.772345
2025-03-05 19:38:26,1.772345
2025-03-05 19:38:56,1.772345
2025-03-05 19:39:26,1.772345
2025-03-05 19:39:56,1.772345
2025-03-05 19:40:27,1.772345
2025-03-05 19:40:57,1.772345
2025-03-05 19:41:27,1.772345
2025-03-05 19:41:57,1.772345
2025-03-05 19:42:27,1.772345
2025-03-05 19:42:57,1.772345
2025-03-05 19:43:27,1.772345
2025-03-05 19:43:57,1.772345
2025-03-05 19:44:28,1.772345
2025-03-05 19:44:58,1.772345
2025-03-05 19:45:28,1.772345
2025-03-05 19:45:58,1.772345
2025-03-05 19:46:28,1.772345
2025-03-05 19:46:58,1.772345
2025-03-05 19:47:28,1.772345
2025-03-05 19:47:59,1.772345
2025-03-05 19:48:29,1.772345
2025-03-05 19:48:59,1.772345
2025-03-05 19:49:29,1.772345
2025-03-05 19:49:59,1.772345
2025-03-05 19:50:29,1.772345
2025-03-05 19:50:59,1.772345
2025-03-05 19:51:30,1.772345
2025-03-05 19:52:00,1.772345
2025-03-05 19:52:30,1.772345
2025-03-05 19:53:00,1.772345
2025-03-05 19:53:30,1.772345
2025-03-05 19:54:00,1.772345
2025-03-05 19:54:30,1.772345
2025-03-05 19:55:00,1.772345
2025-03-05 19:55:31,1.772345
2025-03-05 19:56:01,1.772345
2025-03-05 19:56:31,1.772345
2025-03-05 19:57:01,1.772345
2025-03-05 19:57:31,1.772345
2025-03-05 19:58:01,1.772345
2025-03-05 19:58:31,1.772345
2025-03-05 19:59:02,1.772345
2025-03-05 19:59:32,1.772345
2025-03-05 20:00:02,1.772345
2025-03-05 20:00:32,1.772345
2025-03-05 20:01:02,1.772345
2025-03-05 20:01:32,1.772345
2025-03-05 20:02:02,1.772345
2025-03-05 20:02:32,1.772345
2025-03-05 20:03:03,1.772345
2025-03-05 20:03:33,1.772345
2025-03-05 20:04:03,1.772345
2025-03-05 20:04:33,1.772345
2025-03-05 20:05:03,1.772345
2025-03-05 20:05:33,1.772345
2025-03-05 20:06:04,1.772345
2025-03-05 20:06:34,1.772345
2025-03-05 20:07:04,1.772345
2025-03-05 20:07:34,1.772345
2025-03-05 20:08:04,1.772345
2025-03-05 20:08:34,1.772345
2025-03-05 20:09:04,1.772345
2025-03-05 20:09:34,1.772345
2025-03-05 20:10:05,1.772345
2025-03-05 20:10:35,1.772345
2025-03-05 20:11:05,1.772345
2025-03-05 20:11:35,1.772345
2025-03-05 20:12:05,1.772345
2025-03-05 20:12:35,1.772345
2025-03-05 20:13:05,1.772345
2025-03-05 20:13:36,1.772345
2025-03-05 20:14:06,1.772345
2025-03-05 20:14:36,1.772345
2025-03-05 20:15:06,1.772345
2025-03-05 20:15:36,1.772345
2025-03-05 20:16:06,1.772345
2025-03-05 20:16:36,1.772345
2025-03-05 20:17:06,1.772345
2025-03-05 20:17:37,1.772345
2025-03-05 20:18:07,1.772345
2025-03-05 20:18:37,1.772345
2025-03-05 20:19:07,1.772345
2025-03-05 20:19:37,1.772345
2025-03-05 20:20:07,1.772345
2025-03-05 20:20:38,1.772345
2025-03-05 20:21:08,1.772345
2025-03-05 20:21:38,1.772345
2025-03-05 20:22:08,1.772345
2025-03-05 20:22:38,1.772345
2025-03-05 20:23:08,1.772345
2025-03-05 20:23:38,1.772345
2025-03-05 20:24:09,1.772345
2025-03-05 20:24:39,1.772345
2025-03-05 20:25:09,1.772345
2025-03-05 20:25:39,1.772345
2025-03-05 20:26:09,1.772345
2025-03-05 20:26:39,1.772345
2025-03-05 20:27:09,1.772345
2025-03-05 20:27:39,1.772345
2025-03-05 20:28:09,1.772345
2025-03-05 20:28:40,1.772345
2025-03-05 20:29:10,1.772345
2025-03-05 20:29:40,1.772345
2025-03-05 20:30:10,1.772345
2025-03-05 20:30:40,1.772345
2025-03-05 20:31:10,1.772345
2025-03-05 20:31:40,1.772345
2025-03-05 20:32:11,1.772345
2025-03-05 20:32:41,1.772345
2025-03-05 20:33:11,1.772345
2025-03-05 20:33:41,1.772345
2025-03-05 20:34:11,1.772345
2025-03-05 20:34:41,1.772345
2025-03-05 20:35:11,1.772345
2025-03-05 20:35:42,1.772345
2025-03-05 20:36:12,1.772345
2025-03-05 20:36:42,1.772345
2025-03-05 20:37:12,1.772345
2025-03-05 20:37:42,1.772345
2025-03-05 20:38:12,1.772345
2025-03-05 20:38:42,1.772345
2025-03-05 20:39:12,1.772345
2025-03-05 20:39:43,1.772345
2025-03-05 20:40:13,1.772345
2025-03-05 20:40:43,1.772345
2025-03-05 20:41:13,1.772345
2025-03-05 20:41:43,1.772345
2025-03-05 20:42:13,1.772345
2025-03-05 20:42:43,1.772345
2025-03-05 20:43:13,1.772345
2025-03-05 20:43:44,1.772345
2025-03-05 20:44:14,1.772345
2025-03-05 20:44:44,1.772345
2025-03-05 20:45:14,1.772345
2025-03-05 20:45:44,1.772345
2025-03-05 20:46:14,1.772345
2025-03-05 20:46:44,1.772345
2025-03-05 20:47:15,1.772345
2025-03-05 20:47:45,1.772345
2025-03-05 20:48:15,1.772345
2025-03-05 20:48:45,1.772345
2025-03-05 20:49:15,1.772345
2025-03-05 20:49:45,1.772345
2025-03-05 20:50:16,1.772345
2025-03-05 20:50:46,1.772345
2025-03-05 20:51:16,1.772345
2025-03-05 20:51:46,1.772345
2025-03-05 20:52:16,1.772345
2025-03-05 20:52:46,1.772345
2025-03-05 20:53:16,1.772345
2025-03-05 20:53:47,1.772345
2025-03-05 20:54:17,1.772345
2025-03-05 20:54:47,1.772345
2025-03-05 20:55:17,1.772345
2025-03-05 20:55:47,1.772345
2025-03-05 20:56:17,1.772345
2025-03-05 20:56:47,1.772345
2025-03-05 20:57:17,1.772345
2025-03-05 20:57:48,1.772345
2025-03-05 20:58:18,1.772345
2025-03-05 20:58:48,1.772345
2025-03-05 20:59:18,1.772345
2025-03-05 20:59:48,1.772345
2025-03-05 21:00:18,1.772345
2025-03-05 21:00:48,1.772345
2025-03-05 21:01:19,1.772345
2025-03-05 21:01:49,1.772345
2025-03-05 21:02:19,1.772345
2025-03-05 21:02:49,1.772345
2025-03-05 21:03:19,1.772345
2025-03-05 21:03:49,1.772345
2025-03-05 21:04:20,1.772345
2025-03-05 21:04:50,1.772345
2025-03-05 21:05:20,1.772345
2025-03-05 21:05:50,1.772345
2025-03-05 21:06:20,1.772345
2025-03-05 21:06:50,1.772345
2025-03-05 21:07:20,1.772345
2025-03-05 21:07:51,1.772345
2025-03-05 21:08:21,1.772345
2025-03-05 21:08:51,1.772345
2025-03-05 21:09:21,1.772345
2025-03-05 21:09:51,1.772345
2025-03-05 21:10:21,1.772345
2025-03-05 21:10:51,1.772345
2025-03-05 21:11:22,1.772345
2025-03-05 21:11:52,1.772345
2025-03-05 21:12:22,1.772345
2025-03-05 21:12:52,1.772345
2025-03-05 21:13:22,1.772345
2025-03-05 21:13:52,1.772345
2025-03-05 21:14:22,1.772345
2025-03-05 21:14:52,1.772345
2025-03-05 21:15:23,1.772345
2025-03-05 21:15:53,1.772345
2025-03-05 21:16:23,1.772345
2025-03-05 21:16:53,1.772345
2025-03-05 21:17:23,1.772345
2025-03-05 21:17:53,1.772345
2025-03-05 21:18:23,1.772345
2025-03-05 21:18:54,1.772345
2025-03-05 21:19:24,1.772345
2025-03-05 21:19:54,1.772345
2025-03-05 21:20:24,1.772345
2025-03-05 21:20:54,1.772345
2025-03-05 21:21:24,1.772345
2025-03-05 21:21:54,1.772345
2025-03-05 21:22:24,1.772345
2025-03-05 21:22:55,1.772345
2025-03-05 21:23:25,1.772345
2025-03-05 21:23:55,1.772345
2025-03-05 21:24:25,1.772345
2025-03-05 21:24:55,1.772345
2025-03-05 21:25:25,1.772345
2025-03-05 21:25:55,1.772345
2025-03-05 21:26:26,1.772345
2025-03-05 21:26:56,1.772345
2025-03-05 21:27:26,1.772345
2025-03-05 21:27:56,1.772345
2025-03-05 21:28:26,1.772345
2025-03-05 21:28:56,1.772345
2025-03-05 21:29:26,1.772345
2025-03-05 21:29:57,1.772345
2025-03-05 21:30:27,1.772345
2025-03-05 21:30:57,1.772345
2025-03-05 21:31:27,1.772345
2025-03-05 21:31:57,1.772345
2025-03-05 21:32:27,1.772345
2025-03-05 21:32:57,1.772345
2025-03-05 21:33:27,1.772345
2025-03-05 21:33:58,1.772345
2025-03-05 21:34:28,1.772345
2025-03-05 21:34:58,1.772345
2025-03-05 21:35:28,1.772345
2025-03-05 21:35:58,1.772345
2025-03-05 21:36:28,1.772345
2025-03-05 21:36:58,1.772345
2025-03-05 21:37:29,1.772345
2025-03-05 21:37:59,1.772345
2025-03-05 21:38:29,1.772345
2025-03-05 21:38:59,1.772345
2025-03-05 21:39:29,1.772345
2025-03-05 21:39:59,1.772345
2025-03-05 21:40:29,1.772345
2025-03-05 21:41:00,1.772345
2025-03-05 21:41:30,1.772345
2025-03-05 21:42:00,1.772345
2025-03-05 21:42:30,1.772345
2025-03-05 21:43:00,1.772345
2025-03-05 21:43:30,1.772345
2025-03-05 21:44:00,1.772345
2025-03-05 21:44:31,1.772345
2025-03-05 21:45:01,1.772345
2025-03-05 21:45:31,1.772345
2025-03-05 21:46:01,1.772345
2025-03-05 21:46:31,1.772345
2025-03-05 21:47:01,1.772345
2025-03-05 21:47:31,1.772345
2025-03-05 21:48:02,1.772345
2025-03-05 21:48:32,1.772345
2025-03-05 21:49:02,1.772345
2025-03-05 21:49:32,1.772345
2025-03-05 21:50:02,1.772345
2025-03-05 21:50:32,1.772345
2025-03-05 21:51:02,1.772345
2025-03-05 21:51:32,1.772345
2025-03-05 21:52:03,1.772345
2025-03-05 21:52:33,1.772345
2025-03-05 21:53:03,1.772345
2025-03-05 21:53:33,1.772345
2025-03-05 21:54:03,1.772345
2025-03-05 21:54:33,1.772345
2025-03-05 21:55:03,1.772345
2025-03-05 21:55:34,1.772345
2025-03-05 21:56:04,1.772345
2025-03-05 21:56:34,1.772345
2025-03-05 21:57:04,1.772345
2025-03-05 21:57:34,1.772345
2025-03-05 21:58:04,1.772345
2025-03-05 21:58:34,1.772345
2025-03-05 21:59:05,1.772345
2025-03-05 21:59:35,1.772345
2025-03-05 22:00:05,1.772345
2025-03-05 22:00:35,1.772345
2025-03-05 22:01:05,1.772345
2025-03-05 22:01:35,1.772345
2025-03-05 22:02:05,1.772345
2025-03-05 22:02:36,1.772345
2025-03-05 22:03:06,1.772345
2025-03-05 22:03:36,1.772345
2025-03-05 22:04:06,1.772345
2025-03-05 22:04:36,1.772345
2025-03-05 22:05:06,1.772345
2025-03-05 22:05:37,1.772345
2025-03-05 22:06:07,1.772345
2025-03-05 22:06:37,1.772345
2025-03-05 22:07:07,1.772345
2025-03-05 22:07:37,1.772345
2025-03-05 22:08:07,1.772345
2025-03-05 22:08:37,1.772345
2025-03-05 22:09:08,1.772345
2025-03-05 22:09:38,1.772345
2025-03-05 22:10:08,1.772345
2025-03-05 22:10:38,1.772345
2025-03-05 22:11:08,1.772345
2025-03-05 22:11:38,1.772345
2025-03-05 22:12:08,1.772345
2025-03-05 22:12:39,1.772345
2025-03-05 22:13:09,1.772345
2025-03-05 22:13:39,1.772345
2025-03-05 22:14:09,1.772345
2025-03-05 22:14:39,1.772345
2025-03-05 22:15:09,1.772345
2025-03-05 22:15:39,1.772345
2025-03-05 22:16:10,1.772345
2025-03-05 22:16:40,1.772345
2025-03-05 22:17:10,1.772345
2025-03-05 22:17:40,1.772345
2025-03-05 22:18:10,1.772345
2025-03-05 22:18:40,1.772345
2025-03-05 22:19:11,1.772345
2025-03-05 22:19:41,1.772345
2025-03-05 22:20:11,1.772345
2025-03-05 22:20:41,1.772345
2025-03-05 22:21:11,1.772345
2025-03-05 22:21:41,1.772345
2025-03-05 22:22:12,1.772345
2025-03-05 22:22:42,1.772345
2025-03-05 22:23:12,1.772345
2025-03-05 22:23:42,1.772345
2025-03-05 22:24:12,1.772345
2025-03-05 22:24:42,1.772345
2025-03-05 22:25:12,1.772345
2025-03-05 22:25:42,1.772345
2025-03-05 22:26:13,1.772345
2025-03-05 22:26:43,1.772345
2025-03-05 22:27:13,1.772345
2025-03-05 22:27:43,1.772345
2025-03-05 22:28:13,1.772345
2025-03-05 22:28:43,1.772345
2025-03-05 22:29:13,1.772345
2025-03-05 22:29:44,1.772345
2025-03-05 22:30:14,1.772345
2025-03-05 22:30:44,1.772345
2025-03-05 22:31:14,1.772345
2025-03-05 22:31:44,1.772345
2025-03-05 22:32:14,1.772345
2025-03-05 22:32:44,1.772345
2025-03-05 22:33:14,1.772345
2025-03-05 22:33:45,1.772345
2025-03-05 22:34:15,1.772345
2025-03-05 22:34:45,1.772345
2025-03-05 22:35:15,1.772345
2025-03-05 22:35:45,1.772345
2025-03-05 22:36:15,1.772345
2025-03-05 22:36:45,1.772345
2025-03-05 22:37:16,1.772345
2025-03-05 22:37:46,1.772345
2025-03-05 22:38:16,1.772345
2025-03-05 22:38:46,1.772345
2025-03-05 22:39:16,1.772345
2025-03-05 22:39:46,1.772345
2025-03-05 22:40:16,1.772345
2025-03-05 22:40:47,1.772345
2025-03-05 22:41:17,1.772345
2025-03-05 22:41:47,1.772345
2025-03-05 22:42:17,1.772345
2025-03-05 22:42:47,1.772345
2025-03-05 22:43:17,1.772345
2025-03-05 22:43:47,1.772345
2025-03-05 22:44:18,1.772345
2025-03-05 22:44:48,1.772345
2025-03-05 22:45:18,1.772345
2025-03-05 22:45:48,1.772345
2025-03-05 22:46:18,1.772345
2025-03-05 22:46:48,1.772345
2025-03-05 22:47:18,1.772345
2025-03-05 22:47:49,1.772345
2025-03-05 22:48:19,1.772345
2025-03-05 22:48:49,1.772345
2025-03-05 22:49:19,1.772345
2025-03-05 22:49:49,1.772345
2025-03-05 22:50:19,1.772345
2025-03-05 22:50:50,1.772345
2025-03-05 22:51:21,1.772345
2025-03-05 22:51:51,1.772345
2025-03-05 22:52:21,1.772345
2025-03-05 22:52:51,1.772345
2025-03-05 22:53:21,1.772345
2025-03-05 22:53:51,1.772345
2025-03-05 22:54:21,1.772345
2025-03-05 22:54:52,1.772345
2025-03-05 22:55:22,1.772345
2025-03-05 22:55:52,1.772345
2025-03-05 22:56:22,1.772345
2025-03-05 22:56:52,1.772345
2025-03-05 22:57:23,1.772345
2025-03-05 22:57:53,1.772345
2025-03-05 22:58:23,1.772345
2025-03-05 22:58:53,1.772345
2025-03-05 22:59:23,1.772345
2025-03-05 22:59:53,1.772345
2025-03-05 23:00:23,1.772345
2025-03-05 23:00:54,1.772345
2025-03-05 23:01:24,1.772345
2025-03-05 23:01:54,1.772345
2025-03-05 23:02:24,1.772345
2025-03-05 23:02:54,1.772345
2025-03-05 23:03:24,1.772345
2025-03-05 23:03:54,1.772345
2025-03-05 23:04:25,1.772345
2025-03-05 23:04:55,1.772345
2025-03-05 23:05:25,1.772345
2025-03-05 23:05:55,1.772345
2025-03-05 23:06:25,1.772345
2025-03-05 23:06:55,1.772345
2025-03-05 23:07:25,1.772345
2025-03-05 23:07:56,1.772345
2025-03-05 23:08:26,1.772345
2025-03-05 23:08:56,1.772345
2025-03-05 23:09:26,1.772345
2025-03-05 23:09:56,1.772345
2025-03-05 23:10:26,1.772345
2025-03-05 23:10:56,1.772345
2025-03-05 23:11:27,1.772345
2025-03-05 23:11:57,1.772345
2025-03-05 23:12:27,1.772345
2025-03-05 23:12:57,1.772345
2025-03-05 23:13:27,1.772345
2025-03-05 23:13:57,1.772345
2025-03-05 23:14:27,1.772345
2025-03-05 23:14:58,1.772345
2025-03-05 23:15:28,1.772345
2025-03-05 23:15:58,1.772345
2025-03-05 23:16:28,1.772345
2025-03-05 23:16:58,1.772345
2025-03-05 23:17:28,1.772345
2025-03-05 23:17:58,1.772345
2025-03-05 23:18:29,1.772345
2025-03-05 23:18:59,1.772345
2025-03-05 23:19:29,1.772345
2025-03-05 23:19:59,1.772345
2025-03-05 23:20:29,1.772345
2025-03-05 23:20:59,1.772345
2025-03-05 23:21:30,1.772345
2025-03-05 23:22:00,1.772345
2025-03-05 23:22:30,1.772345
2025-03-05 23:23:00,1.772345
2025-03-05 23:23:30,1.772345
2025-03-05 23:24:00,1.772345
2025-03-05 23:24:30,1.772345
2025-03-05 23:25:00,1.772345
2025-03-05 23:25:31,1.772345
2025-03-05 23:26:01,1.772345
2025-03-05 23:26:31,1.772345
2025-03-05 23:27:01,1.772345
2025-03-05 23:27:31,1.772345
2025-03-05 23:28:01,1.772345
2025-03-05 23:28:31,1.772345
2025-03-05 23:29:01,1.772345
2025-03-05 23:29:32,1.772345
2025-03-05 23:30:02,1.772345
2025-03-05 23:30:32,1.772345
2025-03-05 23:31:02,1.772345
2025-03-05 23:31:32,1.772345
2025-03-05 23:32:02,1.772345
2025-03-05 23:32:32,1.772345
2025-03-05 23:33:03,1.772345
2025-03-05 23:33:33,1.772345
2025-03-05 23:34:03,1.772345
2025-03-05 23:34:33,1.772345
2025-03-05 23:35:03,1.772345
2025-03-05 23:35:33,1.772345
2025-03-05 23:36:03,1.772345
2025-03-05 23:36:33,1.772345
2025-03-05 23:37:04,1.772345
2025-03-05 23:37:34,1.772345
2025-03-05 23:38:04,1.772345
2025-03-05 23:38:34,1.772345
2025-03-05 23:39:04,1.772345
2025-03-05 23:39:34,1.772345
2025-03-05 23:40:04,1.772345
2025-03-05 23:40:35,1.772345
2025-03-05 23:41:05,1.772345
2025-03-05 23:41:35,1.772345
2025-03-05 23:42:05,1.772345
2025-03-05 23:42:35,1.772345
2025-03-05 23:43:05,1.772345
2025-03-05 23:43:35,1.772345
2025-03-05 23:44:05,1.772345
2025-03-05 23:44:36,1.772345
2025-03-05 23:45:06,1.772345
2025-03-05 23:45:36,1.772345
2025-03-05 23:46:06,1.772345
2025-03-05 23:46:36,1.772345
2025-03-05 23:47:11,1.772345
2025-03-05 23:47:41,1.772345
2025-03-05 23:48:12,1.772345
2025-03-05 23:48:42,1.772345
2025-03-05 23:49:12,1.772345
2025-03-05 23:49:42,1.772345
2025-03-05 23:50:12,1.772345
2025-03-05 23:50:42,1.772345
2025-03-05 23:51:12,1.772345
2025-03-05 23:51:43,1.772345
2025-03-05 23:52:13,1.772345
2025-03-05 23:52:43,1.772345
2025-03-05 23:53:13,1.772345
2025-03-05 23:53:43,1.772345
2025-03-05 23:54:13,1.772345
2025-03-05 23:54:43,1.772345
2025-03-05 23:55:14,1.772345
2025-03-05 23:55:44,1.772345
2025-03-05 23:56:14,1.772345
2025-03-05 23:56:44,1.772345
2025-03-05 23:57:14,1.772345
2025-03-05 23:57:44,1.772345
2025-03-05 23:58:14,1.772345
2025-03-05 23:58:44,1.772345
2025-03-05 23:59:15,1.772345
2025-03-05 23:59:45,1.772345
2025-03-06 00:00:15,1.772345
2025-03-06 00:00:45,1.772345
2025-03-06 00:01:15,1.772345
2025-03-06 00:01:45,1.772345
2025-03-06 00:02:15,1.772345
2025-03-06 00:02:46,1.772345
2025-03-06 00:03:16,1.772345
2025-03-06 00:03:46,1.772345
2025-03-06 00:04:16,1.772345
2025-03-06 00:04:46,1.772345
2025-03-06 00:05:17,1.772345
2025-03-06 00:05:47,1.772345
2025-03-06 00:06:17,1.772345
2025-03-06 00:06:47,1.772345
2025-03-06 00:07:17,1.772345
2025-03-06 00:07:47,1.772345
2025-03-06 00:08:17,1.772345
2025-03-06 00:08:47,1.772345
2025-03-06 00:09:18,1.772345
2025-03-06 00:09:48,1.772345
2025-03-06 00:10:18,1.772345
2025-03-06 00:10:48,1.772345
2025-03-06 00:11:18,1.772345
2025-03-06 00:11:49,1.772345
2025-03-06 00:12:19,1.772345
2025-03-06 00:12:49,1.772345
2025-03-06 00:13:19,1.772345
2025-03-06 00:13:49,1.772345
2025-03-06 00:14:19,1.772345
2025-03-06 00:14:49,1.772345
2025-03-06 00:15:20,1.772345
2025-03-06 00:15:50,1.772345
2025-03-06 00:16:20,1.772345
2025-03-06 00:16:50,1.772345
2025-03-06 00:17:20,1.772345
2025-03-06 00:17:50,1.772345
2025-03-06 00:18:20,1.772345
2025-03-06 00:18:50,1.772345
2025-03-06 00:19:21,1.772345
2025-03-06 00:19:51,1.772345
2025-03-06 00:20:21,1.772345
2025-03-06 00:20:51,1.772345
2025-03-06 00:21:21,1.772345
2025-03-06 00:21:52,1.772345
2025-03-06 00:22:22,1.772345
2025-03-06 00:22:52,1.772345
2025-03-06 00:23:22,1.772345
2025-03-06 00:23:52,1.772345
2025-03-06 00:24:22,1.772345
2025-03-06 00:24:52,1.772345
2025-03-06 00:25:22,1.772345
2025-03-06 00:25:53,1.772345
2025-03-06 00:26:23,1.772345
2025-03-06 00:26:53,1.772345
2025-03-06 00:27:23,1.772345
2025-03-06 00:27:53,1.772345
2025-03-06 00:28:23,1.772345
2025-03-06 00:28:53,1.772345
2025-03-06 00:29:24,1.772345
2025-03-06 00:29:54,1.772345
2025-03-06 00:30:24,1.772345
2025-03-06 00:30:54,1.772345
2025-03-06 00:31:24,1.772345
2025-03-06 00:31:54,1.772345
2025-03-06 00:32:24,1.772345
2025-03-06 00:32:54,1.772345
2025-03-06 00:33:25,1.772345
2025-03-06 00:33:55,1.772345
2025-03-06 00:34:25,1.772345
2025-03-06 00:34:55,1.772345
2025-03-06 00:35:25,1.772345
2025-03-06 00:35:55,1.772345
2025-03-06 00:36:25,1.772345
2025-03-06 00:36:56,1.772345
2025-03-06 00:37:26,1.772345
2025-03-06 00:37:56,1.772345
2025-03-06 00:38:26,1.772345
2025-03-06 00:38:56,1.772345
2025-03-06 00:39:26,1.772345
2025-03-06 00:39:56,1.772345
2025-03-06 00:40:27,1.772345
2025-03-06 00:40:57,1.772345
2025-03-06 00:41:27,1.772345
2025-03-06 00:41:57,1.772345
2025-03-06 00:42:27,1.772345
2025-03-06 00:42:57,1.772345
2025-03-06 00:43:27,1.772345
2025-03-06 00:43:57,1.772345
2025-03-06 00:44:28,1.772345
2025-03-06 00:44:58,1.772345
2025-03-06 00:45:28,1.772345
2025-03-06 00:45:58,1.772345
2025-03-06 00:46:28,1.772345
2025-03-06 00:46:58,1.772345
2025-03-06 00:47:28,1.772345
2025-03-06 00:47:59,1.772345
2025-03-06 00:48:29,1.772345
2025-03-06 00:48:59,1.772345
2025-03-06 00:49:29,1.772345
2025-03-06 00:49:59,1.772345
2025-03-06 00:50:29,1.772345
2025-03-06 00:51:00,1.772345
2025-03-06 00:51:30,1.772345
2025-03-06 00:52:00,1.772345
2025-03-06 00:52:30,1.772345
2025-03-06 00:53:00,1.772345
2025-03-06 00:53:30,1.772345
2025-03-06 00:54:00,1.772345
2025-03-06 00:54:31,1.772345
2025-03-06 00:55:01,1.772345
2025-03-06 00:55:31,1.772345
2025-03-06 00:56:01,1.772345
2025-03-06 00:56:31,1.772345
2025-03-06 00:57:01,1.772345
2025-03-06 00:57:31,1.772345
2025-03-06 00:58:02,1.772345
2025-03-06 00:58:32,1.772345
2025-03-06 00:59:02,1.772345
2025-03-06 00:59:32,1.772345
2025-03-06 01:00:02,1.772345
2025-03-06 01:00:32,1.772345
2025-03-06 01:01:02,1.772345
2025-03-06 01:01:32,1.772345
2025-03-06 01:02:03,1.772345
2025-03-06 01:02:33,1.751125
2025-03-06 01:03:03,1.751125
2025-03-06 01:03:33,1.751125
2025-03-06 01:04:03,1.751125
2025-03-06 01:04:33,1.751125
2025-03-06 01:05:03,1.751125
2025-03-06 01:05:34,1.751125
2025-03-06 01:06:04,1.751125
2025-03-06 01:06:34,1.751125
2025-03-06 01:07:04,1.751125
2025-03-06 01:07:34,1.751125
2025-03-06 01:08:04,1.751125
2025-03-06 01:08:34,1.751125
2025-03-06 01:09:05,1.751125
2025-03-06 01:09:35,1.751125
2025-03-06 01:10:05,1.751125
2025-03-06 01:10:35,1.751125
2025-03-06 01:11:05,1.751125
2025-03-06 01:11:35,1.751125
2025-03-06 01:12:05,1.751125
2025-03-06 01:12:35,1.751125
2025-03-06 01:13:06,1.751125
2025-03-06 01:13:36,1.751125
2025-03-06 01:14:06,1.751125
2025-03-06 01:14:36,1.751125
2025-03-06 01:15:06,1.751125
2025-03-06 01:15:36,1.751125
2025-03-06 01:16:06,1.751125
2025-03-06 01:16:36,1.751125
2025-03-06 01:17:07,1.751125
2025-03-06 01:17:37,1.751125
2025-03-06 01:18:07,1.751125
2025-03-06 01:18:37,1.751125
2025-03-06 01:19:07,1.751125
2025-03-06 01:19:37,1.751125
2025-03-06 01:20:08,1.751125
2025-03-06 01:20:38,1.751125
2025-03-06 01:21:08,1.751125
2025-03-06 01:21:38,1.751125
2025-03-06 01:22:08,1.751125
2025-03-06 01:22:38,1.751125
2025-03-06 01:23:09,1.751125
2025-03-06 01:23:39,1.751125
2025-03-06 01:24:09,1.751125
2025-03-06 01:24:39,1.751125
2025-03-06 01:25:09,1.751125
2025-03-06 01:25:39,1.751125
2025-03-06 01:26:09,1.751125
2025-03-06 01:26:39,1.751125
2025-03-06 01:27:10,1.751125
2025-03-06 01:27:40,1.751125
2025-03-06 01:28:10,1.751125
2025-03-06 01:28:40,1.751125
2025-03-06 01:29:10,1.751125
2025-03-06 01:29:40,1.751125
2025-03-06 01:30:10,1.751125
2025-03-06 01:30:41,1.751125
2025-03-06 01:31:11,1.751125
2025-03-06 01:31:41,1.751125
2025-03-06 01:32:11,1.751125
2025-03-06 01:32:41,1.751125
2025-03-06 01:33:11,1.751125
2025-03-06 01:33:41,1.751125
2025-03-06 01:34:11,1.751125
2025-03-06 01:34:42,1.751125
2025-03-06 01:35:12,1.751125
2025-03-06 01:35:42,1.751125
2025-03-06 01:36:12,1.751125
2025-03-06 01:36:42,1.751125
2025-03-06 01:37:12,1.751125
2025-03-06 01:37:42,1.751125
2025-03-06 01:38:13,1.751125
2025-03-06 01:38:43,1.751125
2025-03-06 01:39:13,1.751125
2025-03-06 01:39:43,1.751125
2025-03-06 01:40:13,1.751125
2025-03-06 01:40:43,1.751125
2025-03-06 01:41:13,1.751125
2025-03-06 01:41:44,1.751125
2025-03-06 01:42:14,1.751125
2025-03-06 01:42:44,1.751125
2025-03-06 01:43:14,1.751125
2025-03-06 01:43:44,1.751125
2025-03-06 01:44:14,1.751125
2025-03-06 01:44:44,1.751125
2025-03-06 01:45:15,1.751125
2025-03-06 01:45:45,1.751125
2025-03-06 01:46:15,1.751125
2025-03-06 01:46:45,1.751125
2025-03-06 01:47:15,1.751125
2025-03-06 01:47:45,1.751125
2025-03-06 01:48:15,1.751125
2025-03-06 01:48:45,1.751125
2025-03-06 01:49:16,1.751125
2025-03-06 01:49:46,1.751125
2025-03-06 01:50:16,1.751125
2025-03-06 01:50:46,1.751125
2025-03-06 01:51:16,1.751125
2025-03-06 01:51:46,1.751125
2025-03-06 01:52:16,1.751125
2025-03-06 01:52:47,1.751125
2025-03-06 01:53:17,1.751125
2025-03-06 01:53:47,1.751125
2025-03-06 01:54:17,1.751125
2025-03-06 01:54:47,1.751125
2025-03-06 01:55:17,1.751125
2025-03-06 01:55:47,1.751125
2025-03-06 01:56:17,1.751125
2025-03-06 01:56:48,1.751125
2025-03-06 01:57:18,1.751125
2025-03-06 01:57:48,1.751125
2025-03-06 01:58:18,1.751125
2025-03-06 01:58:48,1.751125
2025-03-06 01:59:18,1.751125
2025-03-06 01:59:48,1.751125
2025-03-06 02:00:18,1.751125
2025-03-06 02:00:49,1.751125
2025-03-06 02:01:19,1.751125
2025-03-06 02:01:49,1.751125
2025-03-06 02:02:19,1.751125
2025-03-06 02:02:49,1.751125
2025-03-06 02:03:19,1.751125
2025-03-06 02:03:49,1.751125
2025-03-06 02:04:19,1.751125
2025-03-06 02:04:50,1.751125
2025-03-06 02:05:20,1.751125
2025-03-06 02:05:50,1.751125
2025-03-06 02:06:20,1.751125
2025-03-06 02:06:50,1.751125
2025-03-06 02:07:21,1.751125
2025-03-06 02:07:51,1.751125
2025-03-06 02:08:21,1.751125
2025-03-06 02:08:51,1.751125
2025-03-06 02:09:21,1.751125
2025-03-06 02:09:51,1.751125
2025-03-06 02:10:21,1.751125
2025-03-06 02:10:51,1.751125
2025-03-06 02:11:22,1.751125
2025-03-06 02:11:52,1.751125
2025-03-06 02:12:22,1.751125
2025-03-06 02:12:52,1.751125
2025-03-06 02:13:22,1.751125
2025-03-06 02:13:52,1.751125
2025-03-06 02:14:22,1.751125
2025-03-06 02:14:53,1.751125
2025-03-06 02:15:23,1.751125
2025-03-06 02:15:53,1.751125
2025-03-06 02:16:23,1.751125
2025-03-06 02:16:53,1.751125
2025-03-06 02:17:24,1.751125
2025-03-06 02:17:54,1.751125
2025-03-06 02:18:24,1.751125
2025-03-06 02:18:54,1.751125
2025-03-06 02:19:24,1.751125
2025-03-06 02:19:54,1.751125
2025-03-06 02:20:24,1.751125
2025-03-06 02:20:55,1.751125
2025-03-06 02:21:25,1.751125
2025-03-06 02:21:55,1.751125
2025-03-06 02:22:25,1.751125
2025-03-06 02:22:55,1.751125
2025-03-06 02:23:25,1.751125
2025-03-06 02:23:55,1.751125
2025-03-06 02:24:25,1.751125
2025-03-06 02:24:56,1.751125
2025-03-06 02:25:26,1.751125
2025-03-06 02:25:56,1.751125
2025-03-06 02:26:26,1.751125
2025-03-06 02:26:56,1.751125
2025-03-06 02:27:26,1.751125
2025-03-06 02:27:56,1.751125
2025-03-06 02:28:27,1.751125
2025-03-06 02:28:57,1.751125
2025-03-06 02:29:27,1.751125
2025-03-06 02:29:57,1.751125
2025-03-06 02:30:27,1.751125
2025-03-06 02:30:57,1.751125
2025-03-06 02:31:28,1.751125
2025-03-06 02:31:58,1.751125
2025-03-06 02:32:28,1.751125
2025-03-06 02:32:58,1.751125
2025-03-06 02:33:28,1.751125
2025-03-06 02:33:58,1.751125
2025-03-06 02:34:28,1.751125
2025-03-06 02:34:59,1.751125
2025-03-06 02:35:29,1.751125
2025-03-06 02:35:59,1.751125
2025-03-06 02:36:29,1.751125
2025-03-06 02:36:59,1.751125
2025-03-06 02:37:29,1.751125
2025-03-06 02:37:59,1.751125
2025-03-06 02:38:29,1.751125
2025-03-06 02:39:00,1.751125
2025-03-06 02:39:30,1.751125
2025-03-06 02:40:00,1.751125
2025-03-06 02:40:30,1.751125
2025-03-06 02:41:00,1.751125
2025-03-06 02:41:30,1.751125
2025-03-06 02:42:00,1.751125
2025-03-06 02:42:30,1.751125
2025-03-06 02:43:00,1.751125
2025-03-06 02:43:31,1.751125
2025-03-06 02:44:01,1.751125
2025-03-06 02:44:31,1.751125
2025-03-06 02:45:01,1.751125
2025-03-06 02:45:31,1.751125
2025-03-06 02:46:01,1.751125
2025-03-06 02:46:31,1.751125
2025-03-06 02:47:01,1.751125
2025-03-06 02:47:32,1.751125
2025-03-06 02:48:02,1.751125
2025-03-06 02:48:32,1.751125
2025-03-06 02:49:02,1.751125
2025-03-06 02:49:32,1.751125
2025-03-06 02:50:02,1.751125
2025-03-06 02:50:32,1.751125
2025-03-06 02:51:02,1.751125
2025-03-06 02:51:33,1.751125
2025-03-06 02:52:03,1.751125
2025-03-06 02:52:33,1.751125
2025-03-06 02:53:03,1.751125
2025-03-06 02:53:33,1.751125
2025-03-06 02:54:03,1.751125
2025-03-06 02:54:33,1.751125
2025-03-06 02:55:04,1.751125
2025-03-06 02:55:34,1.751125
2025-03-06 02:56:04,1.751125
2025-03-06 02:56:34,1.751125
2025-03-06 02:57:04,1.751125
2025-03-06 02:57:34,1.751125
2025-03-06 02:58:04,1.751125
2025-03-06 02:58:35,1.751125
2025-03-06 02:59:05,1.751125
2025-03-06 02:59:35,1.751125
2025-03-06 03:00:05,1.751125
2025-03-06 03:00:35,1.751125
2025-03-06 03:01:05,1.751125
2025-03-06 03:01:35,1.751125
2025-03-06 03:02:05,1.751125
2025-03-06 03:02:36,1.751125
2025-03-06 03:03:06,1.751125
2025-03-06 03:03:36,1.751125
2025-03-06 03:04:06,1.751125
2025-03-06 03:04:36,1.751125
2025-03-06 03:05:06,1.751125
2025-03-06 03:05:36,1.751125
2025-03-06 03:06:07,1.751125
2025-03-06 03:06:37,1.751125
2025-03-06 03:07:07,1.751125
2025-03-06 03:07:37,1.751125
2025-03-06 03:08:07,1.751125
2025-03-06 03:08:37,1.751125
2025-03-06 03:09:07,1.751125
2025-03-06 03:09:37,1.751125
2025-03-06 03:10:08,1.751125
2025-03-06 03:10:38,1.751125
2025-03-06 03:11:08,1.751125
2025-03-06 03:11:38,1.751125
2025-03-06 03:12:08,1.751125
2025-03-06 03:12:38,1.751125
2025-03-06 03:13:08,1.751125
2025-03-06 03:13:38,1.751125
2025-03-06 03:14:09,1.751125
2025-03-06 03:14:39,1.751125
2025-03-06 03:15:09,1.751125
2025-03-06 03:15:39,1.751125
2025-03-06 03:16:09,1.751125
2025-03-06 03:16:39,1.751125
2025-03-06 03:17:09,1.751125
2025-03-06 03:17:39,1.751125
2025-03-06 03:18:10,1.751125
2025-03-06 03:18:40,1.751125
2025-03-06 03:19:10,1.751125
2025-03-06 03:19:40,1.751125
2025-03-06 03:20:10,1.751125
2025-03-06 03:20:40,1.751125
2025-03-06 03:21:10,1.751125
2025-03-06 03:21:41,1.751125
2025-03-06 03:22:11,1.751125
2025-03-06 03:22:41,1.751125
2025-03-06 03:23:11,1.751125
2025-03-06 03:23:41,1.751125
2025-03-06 03:24:11,1.751125
2025-03-06 03:24:41,1.751125
2025-03-06 03:25:11,1.751125
2025-03-06 03:25:41,1.751125
2025-03-06 03:26:12,1.751125
2025-03-06 03:26:42,1.751125
2025-03-06 03:27:12,1.751125
2025-03-06 03:27:42,1.751125
2025-03-06 03:28:12,1.751125
2025-03-06 03:28:42,1.751125
2025-03-06 03:29:12,1.751125
2025-03-06 03:29:42,1.751125
2025-03-06 03:30:13,1.751125
2025-03-06 03:30:43,1.751125
2025-03-06 03:31:13,1.751125
2025-03-06 03:31:43,1.751125
2025-03-06 03:32:13,1.751125
2025-03-06 03:32:43,1.751125
2025-03-06 03:33:13,1.751125
2025-03-06 03:33:43,1.751125
2025-03-06 03:34:14,1.751125
2025-03-06 03:34:44,1.751125
2025-03-06 03:35:14,1.751125
2025-03-06 03:35:44,1.751125
2025-03-06 03:36:14,1.751125
2025-03-06 03:36:44,1.751125
2025-03-06 03:37:15,1.751125
2025-03-06 03:37:45,1.751125
2025-03-06 03:38:15,1.751125
2025-03-06 03:38:45,1.751125
2025-03-06 03:39:15,1.751125
2025-03-06 03:39:45,1.751125
2025-03-06 03:40:15,1.751125
2025-03-06 03:40:45,1.751125
2025-03-06 03:41:16,1.751125
2025-03-06 03:41:46,1.751125
2025-03-06 03:42:16,1.751125
2025-03-06 03:42:46,1.751125
2025-03-06 03:43:16,1.751125
2025-03-06 03:43:46,1.751125
2025-03-06 03:44:16,1.751125
2025-03-06 03:44:46,1.751125
2025-03-06 03:45:17,1.751125
2025-03-06 03:45:47,1.751125
2025-03-06 03:46:17,1.751125
2025-03-06 03:46:47,1.751125
2025-03-06 03:47:17,1.751125
2025-03-06 03:47:47,1.751125
2025-03-06 03:48:17,1.751125
2025-03-06 03:48:48,1.751125
2025-03-06 03:49:18,1.751125
2025-03-06 03:49:48,1.751125
2025-03-06 03:50:18,1.751125
2025-03-06 03:50:48,1.751125
2025-03-06 03:51:18,1.751125
2025-03-06 03:51:49,1.751125
2025-03-06 03:52:19,1.751125
2025-03-06 03:52:49,1.751125
2025-03-06 03:53:19,1.751125
2025-03-06 03:53:49,1.751125
2025-03-06 03:54:19,1.751125
2025-03-06 03:54:49,1.751125
2025-03-06 03:55:19,1.751125
2025-03-06 03:55:50,1.751125
2025-03-06 03:56:20,1.751125
2025-03-06 03:56:50,1.751125
2025-03-06 03:57:20,1.751125
2025-03-06 03:57:50,1.751125
2025-03-06 03:58:20,1.751125
2025-03-06 03:58:50,1.751125
2025-03-06 03:59:20,1.751125
2025-03-06 03:59:51,1.751125
2025-03-06 04:00:21,1.751125
2025-03-06 04:00:51,1.751125
2025-03-06 04:01:21,1.751125
2025-03-06 04:01:51,1.751125
2025-03-06 04:02:21,1.751125
2025-03-06 04:02:51,1.751125
2025-03-06 04:03:22,1.751125
2025-03-06 04:03:52,1.751125
2025-03-06 04:04:22,1.751125
2025-03-06 04:04:52,1.751125
2025-03-06 04:05:23,1.751125
2025-03-06 04:05:53,1.751125
2025-03-06 04:06:23,1.751125
2025-03-06 04:06:53,1.751125
2025-03-06 04:07:23,1.751125
2025-03-06 04:07:53,1.751125
2025-03-06 04:08:23,1.751125
2025-03-06 04:08:53,1.751125
2025-03-06 04:09:23,1.751125
2025-03-06 04:09:54,1.751125
2025-03-06 04:10:24,1.751125
2025-03-06 04:10:54,1.751125
2025-03-06 04:11:24,1.751125
2025-03-06 04:11:54,1.751125
2025-03-06 04:12:24,1.751125
2025-03-06 04:12:54,1.751125
2025-03-06 04:13:24,1.751125
2025-03-06 04:13:55,1.751125
2025-03-06 04:14:25,1.751125
2025-03-06 04:14:55,1.751125
2025-03-06 04:15:25,1.751125
2025-03-06 04:15:55,1.751125
2025-03-06 04:16:25,1.751125
2025-03-06 04:16:55,1.751125
2025-03-06 04:17:25,1.751125
2025-03-06 04:17:56,1.751125
2025-03-06 04:18:26,1.751125
2025-03-06 04:18:56,1.751125
2025-03-06 04:19:26,1.751125
2025-03-06 04:19:56,1.751125
2025-03-06 04:20:26,1.751125
2025-03-06 04:20:57,1.751125
2025-03-06 04:21:27,1.751125
2025-03-06 04:21:57,1.751125
2025-03-06 04:22:27,1.751125
2025-03-06 04:22:57,1.751125
2025-03-06 04:23:27,1.751125
2025-03-06 04:23:57,1.751125
2025-03-06 04:24:27,1.751125
2025-03-06 04:24:58,1.751125
2025-03-06 04:25:28,1.751125
2025-03-06 04:25:58,1.751125
2025-03-06 04:26:28,1.751125
2025-03-06 04:26:58,1.751125
2025-03-06 04:27:28,1.751125
2025-03-06 04:27:58,1.751125
2025-03-06 04:28:28,1.751125
2025-03-06 04:28:59,1.751125
2025-03-06 04:29:29,1.751125
2025-03-06 04:29:59,1.751125
2025-03-06 04:30:29,1.751125
2025-03-06 04:30:59,1.751125
2025-03-06 04:31:29,1.751125
2025-03-06 04:31:59,1.751125
2025-03-06 04:32:30,1.751125
2025-03-06 04:33:00,1.751125
2025-03-06 04:33:30,1.751125
2025-03-06 04:34:00,1.751125
2025-03-06 04:34:30,1.751125
2025-03-06 04:35:00,1.751125
2025-03-06 04:35:31,1.751125
2025-03-06 04:36:01,1.751125
2025-03-06 04:36:31,1.751125
2025-03-06 04:37:01,1.751125
2025-03-06 04:37:31,1.751125
2025-03-06 04:38:01,1.751125
2025-03-06 04:38:31,1.751125
2025-03-06 04:39:02,1.751125
2025-03-06 04:39:32,1.751125
2025-03-06 04:40:02,1.751125
2025-03-06 04:40:32,1.751125
2025-03-06 04:41:02,1.751125
2025-03-06 04:41:32,1.751125
2025-03-06 04:42:02,1.751125
2025-03-06 04:42:32,1.751125
2025-03-06 04:43:03,1.751125
2025-03-06 04:43:33,1.751125
2025-03-06 04:44:03,1.751125
2025-03-06 04:44:33,1.751125
2025-03-06 04:45:03,1.751125
2025-03-06 04:45:33,1.751125
2025-03-06 04:46:03,1.751125
2025-03-06 04:46:33,1.751125
2025-03-06 04:47:04,1.751125
2025-03-06 04:47:34,1.751125
2025-03-06 04:48:04,1.751125
2025-03-06 04:48:34,1.751125
2025-03-06 04:49:04,1.751125
2025-03-06 04:49:34,1.751125
2025-03-06 04:50:05,1.751125
2025-03-06 04:50:35,1.751125
2025-03-06 04:51:05,1.751125
2025-03-06 04:51:35,1.751125
2025-03-06 04:52:05,1.751125
2025-03-06 04:52:35,1.751125
2025-03-06 04:53:05,1.751125
2025-03-06 04:53:36,1.751125
2025-03-06 04:54:06,1.751125
2025-03-06 04:54:36,1.751125
2025-03-06 04:55:06,1.751125
2025-03-06 04:55:36,1.751125
2025-03-06 04:56:06,1.751125
2025-03-06 04:56:36,1.751125
2025-03-06 04:57:06,1.751125
2025-03-06 04:57:37,1.751125
2025-03-06 04:58:07,1.751125
2025-03-06 04:58:37,1.751125
2025-03-06 04:59:07,1.751125
2025-03-06 04:59:37,1.751125
2025-03-06 05:00:07,1.751125
2025-03-06 05:00:37,1.751125
2025-03-06 05:01:08,1.751125
2025-03-06 05:01:38,1.751125
2025-03-06 05:02:08,1.751125
2025-03-06 05:02:38,1.751125
2025-03-06 05:03:08,1.751125
2025-03-06 05:03:38,1.751125
2025-03-06 05:04:08,1.751125
2025-03-06 05:04:39,1.751125
2025-03-06 05:05:09,1.751125
2025-03-06 05:05:39,1.751125
2025-03-06 05:06:09,1.751125
2025-03-06 05:06:39,1.751125
2025-03-06 05:07:10,1.751125
2025-03-06 05:07:40,1.751125
2025-03-06 05:08:10,1.751125
2025-03-06 05:08:40,1.751125
2025-03-06 05:09:10,1.751125
2025-03-06 05:09:40,1.751125
2025-03-06 05:10:10,1.751125
2025-03-06 05:10:40,1.751125
2025-03-06 05:11:11,1.751125
2025-03-06 05:11:41,1.751125
2025-03-06 05:12:11,1.751125
2025-03-06 05:12:41,1.751125
2025-03-06 05:13:11,1.751125
2025-03-06 05:13:41,1.751125
2025-03-06 05:14:11,1.751125
2025-03-06 05:14:42,1.751125
2025-03-06 05:15:12,1.751125
2025-03-06 05:15:42,1.751125
2025-03-06 05:16:12,1.751125
2025-03-06 05:16:42,1.751125
2025-03-06 05:17:12,1.751125
2025-03-06 05:17:42,1.751125
2025-03-06 05:18:12,1.751125
2025-03-06 05:18:43,1.751125
2025-03-06 05:19:13,1.751125
2025-03-06 05:19:43,1.751125
2025-03-06 05:20:13,1.751125
2025-03-06 05:20:43,1.751125
2025-03-06 05:21:14,1.751125
2025-03-06 05:21:44,1.751125
2025-03-06 05:22:14,1.751125
2025-03-06 05:22:44,1.751125
2025-03-06 05:23:14,1.751125
2025-03-06 05:23:44,1.751125
2025-03-06 05:24:14,1.751125
2025-03-06 05:24:44,1.751125
2025-03-06 05:25:15,1.751125
2025-03-06 05:25:45,1.751125
2025-03-06 05:26:15,1.751125
2025-03-06 05:26:45,1.751125
2025-03-06 05:27:15,1.751125
2025-03-06 05:27:45,1.751125
2025-03-06 05:28:15,1.751125
2025-03-06 05:28:45,1.751125
2025-03-06 05:29:16,1.751125
2025-03-06 05:29:46,1.751125
2025-03-06 05:30:16,1.751125
2025-03-06 05:30:46,1.751125
2025-03-06 05:31:16,1.751125
2025-03-06 05:31:46,1.751125
2025-03-06 05:32:16,1.751125
2025-03-06 05:32:47,1.751125
2025-03-06 05:33:17,1.751125
2025-03-06 05:33:47,1.751125
2025-03-06 05:34:17,1.751125
2025-03-06 05:34:47,1.751125
2025-03-06 05:35:18,1.751125
2025-03-06 05:35:48,1.751125
2025-03-06 05:36:18,1.751125
2025-03-06 05:36:48,1.751125
2025-03-06 05:37:18,1.751125
2025-03-06 05:37:48,1.751125
2025-03-06 05:38:18,1.751125
2025-03-06 05:38:48,1.751125
2025-03-06 05:39:19,1.751125
2025-03-06 05:39:49,1.751125
2025-03-06 05:40:19,1.751125
2025-03-06 05:40:49,1.751125
2025-03-06 05:41:19,1.751125
2025-03-06 05:41:49,1.751125
2025-03-06 05:42:19,1.751125
2025-03-06 05:42:50,1.751125
2025-03-06 05:43:20,1.751125
2025-03-06 05:43:50,1.751125
2025-03-06 05:44:20,1.751125
2025-03-06 05:44:50,1.751125
2025-03-06 05:45:20,1.751125
2025-03-06 05:45:50,1.751125
2025-03-06 05:46:21,1.751125
2025-03-06 05:46:51,1.751125
2025-03-06 05:47:21,1.751125
2025-03-06 05:47:51,1.751125
2025-03-06 05:48:21,1.751125
2025-03-06 05:48:51,1.751125
2025-03-06 05:49:21,1.751125
2025-03-06 05:49:51,1.751125
2025-03-06 05:50:22,1.751125
2025-03-06 05:50:52,1.751125
2025-03-06 05:51:22,1.751125
2025-03-06 05:51:52,1.751125
2025-03-06 05:52:22,1.751125
2025-03-06 05:52:52,1.751125
2025-03-06 05:53:23,1.751125
2025-03-06 05:53:53,1.751125
2025-03-06 05:54:23,1.751125
2025-03-06 05:54:53,1.751125
2025-03-06 05:55:23,1.751125
2025-03-06 05:55:53,1.751125
2025-03-06 05:56:23,1.751125
2025-03-06 05:56:54,1.751125
2025-03-06 05:57:24,1.751125
2025-03-06 05:57:54,1.751125
2025-03-06 05:58:24,1.751125
2025-03-06 05:58:54,1.751125
2025-03-06 05:59:24,1.751125
2025-03-06 05:59:54,1.751125
2025-03-06 06:00:25,1.751125
2025-03-06 06:00:55,1.751125
2025-03-06 06:01:25,1.751125
2025-03-06 06:01:55,1.751125
2025-03-06 06:02:25,1.751125
2025-03-06 06:02:55,1.751125
2025-03-06 06:03:25,1.751125
2025-03-06 06:03:55,1.751125
2025-03-06 06:04:26,1.751125
2025-03-06 06:04:56,1.751125
2025-03-06 06:05:26,1.751125
2025-03-06 06:05:56,1.751125
2025-03-06 06:06:26,1.751125
2025-03-06 06:06:56,1.751125
2025-03-06 06:07:27,1.751125
2025-03-06 06:07:57,1.751125
2025-03-06 06:08:27,1.751125
2025-03-06 06:08:57,1.751125
2025-03-06 06:09:27,1.751125
2025-03-06 06:09:57,1.751125
2025-03-06 06:10:27,1.751125
2025-03-06 06:10:58,1.751125
2025-03-06 06:11:28,1.751125
2025-03-06 06:11:58,1.751125
2025-03-06 06:12:28,1.751125
2025-03-06 06:12:58,1.751125
2025-03-06 06:13:28,1.751125
2025-03-06 06:13:58,1.751125
2025-03-06 06:14:28,1.751125
2025-03-06 06:14:59,1.751125
2025-03-06 06:15:29,1.751125
2025-03-06 06:15:59,1.751125
2025-03-06 06:16:29,1.751125
2025-03-06 06:16:59,1.751125
2025-03-06 06:17:29,1.751125
2025-03-06 06:17:59,1.751125
2025-03-06 06:18:30,1.751125
2025-03-06 06:19:00,1.751125
2025-03-06 06:19:30,1.751125
2025-03-06 06:20:00,1.751125
2025-03-06 06:20:30,1.751125
2025-03-06 06:21:01,1.751125
2025-03-06 06:21:31,1.751125
2025-03-06 06:22:01,1.751125
2025-03-06 06:22:31,1.751125
2025-03-06 06:23:01,1.751125
2025-03-06 06:23:31,1.751125
2025-03-06 06:24:01,1.751125
2025-03-06 06:24:31,1.751125
2025-03-06 06:25:02,1.751125
2025-03-06 06:25:32,1.751125
2025-03-06 06:26:02,1.751125
2025-03-06 06:26:32,1.751125
2025-03-06 06:27:02,1.751125
2025-03-06 06:27:32,1.751125
2025-03-06 06:28:02,1.751125
2025-03-06 06:28:32,1.751125
2025-03-06 06:29:03,1.751125
2025-03-06 06:29:33,1.751125
2025-03-06 06:30:03,1.751125
2025-03-06 06:30:33,1.751125
2025-03-06 06:31:03,1.751125
2025-03-06 06:31:33,1.751125
2025-03-06 06:32:03,1.751125
2025-03-06 06:32:33,1.751125
2025-03-06 06:33:04,1.751125
2025-03-06 06:33:34,1.751125
2025-03-06 06:34:04,1.751125
2025-03-06 06:34:34,1.751125
2025-03-06 06:35:04,1.751125
2025-03-06 06:35:34,1.751125
2025-03-06 06:36:04,1.751125
2025-03-06 06:36:34,1.751125
2025-03-06 06:37:05,1.751125
2025-03-06 06:37:35,1.751125
2025-03-06 06:38:05,1.751125
2025-03-06 06:38:35,1.751125
2025-03-06 06:39:05,1.751125
2025-03-06 06:39:35,1.751125
2025-03-06 06:40:06,1.751125
2025-03-06 06:40:36,1.751125
2025-03-06 06:41:06,1.751125
2025-03-06 06:41:36,1.751125
2025-03-06 06:42:06,1.751125
2025-03-06 06:42:36,1.751125
2025-03-06 06:43:07,1.751125
2025-03-06 06:43:37,1.751125
2025-03-06 06:44:07,1.751125
2025-03-06 06:44:37,1.751125
2025-03-06 06:45:07,1.751125
2025-03-06 06:45:37,1.751125
2025-03-06 06:46:07,1.751125
2025-03-06 06:46:37,1.751125
2025-03-06 06:47:08,1.751125
2025-03-06 06:47:38,1.751125
2025-03-06 06:48:08,1.751125
2025-03-06 06:48:38,1.751125
2025-03-06 06:49:08,1.751125
2025-03-06 06:49:38,1.751125
2025-03-06 06:50:09,1.751125
2025-03-06 06:50:39,1.751125
2025-03-06 06:51:09,1.751125
2025-03-06 06:51:39,1.751125
2025-03-06 06:52:09,1.751125
2025-03-06 06:52:39,1.751125
2025-03-06 06:53:09,1.751125
2025-03-06 06:53:40,1.751125
2025-03-06 06:54:10,1.751125
2025-03-06 06:54:40,1.751125
2025-03-06 06:55:10,1.751125
2025-03-06 06:55:40,1.751125
2025-03-06 06:56:11,1.751125
2025-03-06 06:56:41,1.751125
2025-03-06 06:57:11,1.751125
2025-03-06 06:57:41,1.751125
2025-03-06 06:58:11,1.751125
2025-03-06 06:58:41,1.751125
2025-03-06 06:59:11,1.751125
2025-03-06 06:59:42,1.751125
2025-03-06 07:00:12,1.751125
2025-03-06 07:00:42,1.751125
2025-03-06 07:01:12,1.751125
2025-03-06 07:01:42,1.751125
2025-03-06 07:02:12,1.751125
2025-03-06 07:02:42,1.751125
2025-03-06 07:03:13,1.751125
2025-03-06 07:03:43,1.751125
2025-03-06 07:04:13,1.751125
2025-03-06 07:04:43,1.751125
2025-03-06 07:05:13,1.751125
2025-03-06 07:05:43,1.751125
2025-03-06 07:06:14,1.751125
2025-03-06 07:06:44,1.751125
2025-03-06 07:07:14,1.751125
2025-03-06 07:07:44,1.751125
2025-03-06 07:08:14,1.751125
2025-03-06 07:08:44,1.751125
2025-03-06 07:09:14,1.751125
2025-03-06 07:09:45,1.751125
2025-03-06 07:10:15,1.751125
2025-03-06 07:10:45,1.751125
2025-03-06 07:11:15,1.751125
2025-03-06 07:11:45,1.751125
2025-03-06 07:12:15,1.751125
2025-03-06 07:12:45,1.751125
2025-03-06 07:13:15,1.751125
2025-03-06 07:13:46,1.751125
2025-03-06 07:14:16,1.751125
2025-03-06 07:14:46,1.751125
2025-03-06 07:15:16,1.751125
2025-03-06 07:15:46,1.751125
2025-03-06 07:16:17,1.751125
2025-03-06 07:16:47,1.751125
2025-03-06 07:17:17,1.751125
2025-03-06 07:17:47,1.751125
2025-03-06 07:18:17,1.751125
2025-03-06 07:18:47,1.751125
2025-03-06 07:19:17,1.751125
2025-03-06 07:19:48,1.751125
2025-03-06 07:20:18,1.751125
2025-03-06 07:20:48,1.751125
2025-03-06 07:21:18,1.751125
2025-03-06 07:21:48,1.751125
2025-03-06 07:22:18,1.751125
2025-03-06 07:22:48,1.751125
2025-03-06 07:23:19,1.751125
2025-03-06 07:23:49,1.751125
2025-03-06 07:24:19,1.751125
2025-03-06 07:24:49,1.751125
2025-03-06 07:25:19,1.751125
2025-03-06 07:25:49,1.751125
2025-03-06 07:26:19,1.751125
2025-03-06 07:26:50,1.751125
2025-03-06 07:27:20,1.751125
2025-03-06 07:27:50,1.751125
2025-03-06 07:28:20,1.751125
2025-03-06 07:28:50,1.751125
2025-03-06 07:29:20,1.751125
2025-03-06 07:29:51,1.751125
2025-03-06 07:30:21,1.751125
2025-03-06 07:30:51,1.751125
2025-03-06 07:31:21,1.751125
2025-03-06 07:31:51,1.751125
2025-03-06 07:32:21,1.751125
2025-03-06 07:32:51,1.751125
2025-03-06 07:33:22,1.751125
2025-03-06 07:33:52,1.751125
2025-03-06 07:34:22,1.751125
2025-03-06 07:34:52,1.751125
2025-03-06 07:35:22,1.751125
2025-03-06 07:35:52,1.751125
2025-03-06 07:36:22,1.751125
2025-03-06 07:36:52,1.751125
2025-03-06 07:37:23,1.751125
2025-03-06 07:37:53,1.751125
2025-03-06 07:38:23,1.751125
2025-03-06 07:38:53,1.751125
2025-03-06 07:39:23,1.751125
2025-03-06 07:39:53,1.751125
2025-03-06 07:40:23,1.751125
2025-03-06 07:40:53,1.751125
2025-03-06 07:41:24,1.751125
2025-03-06 07:41:54,1.751125
2025-03-06 07:42:24,1.751125
2025-03-06 07:42:54,1.751125
2025-03-06 07:43:24,1.751125
2025-03-06 07:43:54,1.751125
2025-03-06 07:44:24,1.751125
2025-03-06 07:44:54,1.751125
2025-03-06 07:45:25,1.751125
2025-03-06 07:45:55,1.751125
2025-03-06 07:46:25,1.751125
2025-03-06 07:46:55,1.751125
2025-03-06 07:47:25,1.751125
2025-03-06 07:47:55,1.751125
2025-03-06 07:48:25,1.751125
2025-03-06 07:48:56,1.751125
2025-03-06 07:49:26,1.751125
2025-03-06 07:49:56,1.751125
2025-03-06 07:50:26,1.751125
2025-03-06 07:50:56,1.751125
2025-03-06 07:51:26,1.751125
2025-03-06 07:51:56,1.751125
2025-03-06 07:52:27,1.751125
2025-03-06 07:52:57,1.751125
2025-03-06 07:53:27,1.751125
2025-03-06 07:53:57,1.751125
2025-03-06 07:54:27,1.751125
2025-03-06 07:54:57,1.751125
2025-03-06 07:55:27,1.751125
2025-03-06 07:55:58,1.751125
2025-03-06 07:56:28,1.751125
2025-03-06 07:56:58,1.751125
2025-03-06 07:57:28,1.751125
2025-03-06 07:57:58,1.751125
2025-03-06 07:58:28,1.751125
2025-03-06 07:58:58,1.751125
2025-03-06 07:59:29,1.751125
2025-03-06 07:59:59,1.751125
2025-03-06 08:00:29,1.751125
2025-03-06 08:00:59,1.751125
2025-03-06 08:01:29,1.751125
2025-03-06 08:01:59,1.751125
2025-03-06 08:02:29,1.751125
2025-03-06 08:02:59,1.751125
2025-03-06 08:03:30,1.751125
2025-03-06 08:04:00,1.751125
2025-03-06 08:04:31,1.751125
2025-03-06 08:05:01,1.751125
2025-03-06 08:05:31,1.751125
2025-03-06 08:06:01,1.751125
2025-03-06 08:06:31,1.751125
2025-03-06 08:07:01,1.751125
2025-03-06 08:07:31,1.751125
2025-03-06 08:08:01,1.751125
2025-03-06 08:08:32,1.751125
2025-03-06 08:09:02,1.751125
2025-03-06 08:09:32,1.751125
2025-03-06 08:10:02,1.751125
2025-03-06 08:10:32,1.751125
2025-03-06 08:11:02,1.751125
2025-03-06 08:11:32,1.751125
2025-03-06 08:12:03,1.751125
2025-03-06 08:12:33,1.751125
2025-03-06 08:13:03,1.751125
2025-03-06 08:13:33,1.751125
2025-03-06 08:14:03,1.751125
2025-03-06 08:14:33,1.751125
2025-03-06 08:15:03,1.751125
2025-03-06 08:15:34,1.751125
2025-03-06 08:16:04,1.751125
2025-03-06 08:16:34,1.751125
2025-03-06 08:17:04,1.751125
2025-03-06 08:17:34,1.751125
2025-03-06 08:18:04,1.751125
2025-03-06 08:18:34,1.751125
2025-03-06 08:19:04,1.751125
2025-03-06 08:19:35,1.751125
2025-03-06 08:20:05,1.751125
2025-03-06 08:20:35,1.751125
2025-03-06 08:21:05,1.751125
2025-03-06 08:21:35,1.751125
2025-03-06 08:22:06,1.751125
2025-03-06 08:22:36,1.751125
2025-03-06 08:23:06,1.751125
2025-03-06 08:23:36,1.751125
2025-03-06 08:24:06,1.751125
2025-03-06 08:24:36,1.751125
2025-03-06 08:25:06,1.751125
2025-03-06 08:25:37,1.751125
2025-03-06 08:26:07,1.751125
2025-03-06 08:26:37,1.751125
2025-03-06 08:27:07,1.751125
2025-03-06 08:27:37,1.751125
2025-03-06 08:28:07,1.751125
2025-03-06 08:28:37,1.751125
2025-03-06 08:29:07,1.751125
2025-03-06 08:29:38,1.751125
2025-03-06 08:30:08,1.751125
2025-03-06 08:30:38,1.751125
2025-03-06 08:31:08,1.751125
2025-03-06 08:31:38,1.751125
2025-03-06 08:32:08,1.751125
2025-03-06 08:32:38,1.751125
2025-03-06 08:33:09,1.751125
2025-03-06 08:33:39,1.751125
2025-03-06 08:34:09,1.751125
2025-03-06 08:34:39,1.751125
2025-03-06 08:35:09,1.751125
2025-03-06 08:35:39,1.751125
2025-03-06 08:36:10,1.751125
2025-03-06 08:36:40,1.751125
2025-03-06 08:37:10,1.751125
2025-03-06 08:37:40,1.751125
2025-03-06 08:38:10,1.751125
2025-03-06 08:38:40,1.751125
2025-03-06 08:39:10,1.751125
2025-03-06 08:39:41,1.751125
2025-03-06 08:40:11,1.751125
2025-03-06 08:40:41,1.751125
2025-03-06 08:41:11,1.751125
2025-03-06 08:41:41,1.751125
2025-03-06 08:42:11,1.751125
2025-03-06 08:42:41,1.751125
2025-03-06 08:43:11,1.751125
2025-03-06 08:43:42,1.751125
2025-03-06 08:44:12,1.751125
2025-03-06 08:44:42,1.751125
2025-03-06 08:45:12,1.751125
2025-03-06 08:45:42,1.751125
2025-03-06 08:46:12,1.751125
2025-03-06 08:46:42,1.751125
2025-03-06 08:47:12,1.751125
2025-03-06 08:47:43,1.751125
2025-03-06 08:48:13,1.751125
2025-03-06 08:48:43,1.751125
2025-03-06 08:49:13,1.751125
2025-03-06 08:49:43,1.751125
2025-03-06 08:50:14,1.751125
2025-03-06 08:50:44,1.751125
2025-03-06 08:51:14,1.751125
2025-03-06 08:51:44,1.751125
2025-03-06 08:52:14,1.751125
2025-03-06 08:52:44,1.751125
2025-03-06 08:53:14,1.751125
2025-03-06 08:53:44,1.751125
2025-03-06 08:54:15,1.751125
2025-03-06 08:54:45,1.751125
2025-03-06 08:55:15,1.751125
2025-03-06 08:55:45,1.751125
2025-03-06 08:56:15,1.751125
2025-03-06 08:56:45,1.751125
2025-03-06 08:57:15,1.751125
2025-03-06 08:57:45,1.751125
2025-03-06 08:58:16,1.751125
2025-03-06 08:58:46,1.751125
2025-03-06 08:59:16,1.751125
2025-03-06 08:59:46,1.751125
2025-03-06 09:00:16,1.751125
2025-03-06 09:00:46,1.751125
2025-03-06 09:01:16,1.751125
2025-03-06 09:01:47,1.751125
2025-03-06 09:02:17,1.751125
2025-03-06 09:02:47,1.751125
2025-03-06 09:03:17,1.751125
2025-03-06 09:03:47,1.751125
2025-03-06 09:04:17,1.751125
2025-03-06 09:04:47,1.751125
2025-03-06 09:05:18,1.751125
2025-03-06 09:05:48,1.751125
2025-03-06 09:06:18,1.751125
2025-03-06 09:06:48,1.751125
2025-03-06 09:07:18,1.751125
2025-03-06 09:07:48,1.751125
2025-03-06 09:08:18,1.751125
2025-03-06 09:08:48,1.751125
2025-03-06 09:09:19,1.751125
2025-03-06 09:09:49,1.751125
2025-03-06 09:10:19,1.751125
2025-03-06 09:10:49,1.751125
2025-03-06 09:11:19,1.751125
2025-03-06 09:11:49,1.751125
2025-03-06 09:12:19,1.751125
2025-03-06 09:12:50,1.751125
2025-03-06 09:13:20,1.751125
2025-03-06 09:13:50,1.751125
2025-03-06 09:14:20,1.751125
2025-03-06 09:14:50,1.751125
2025-03-06 09:15:20,1.751125
2025-03-06 09:15:50,1.751125
2025-03-06 09:16:20,1.751125
2025-03-06 09:16:51,1.751125
2025-03-06 09:17:21,1.751125
2025-03-06 09:17:51,1.751125
2025-03-06 09:18:21,1.751125
2025-03-06 09:18:51,1.751125
2025-03-06 09:19:21,1.751125
2025-03-06 09:19:52,1.751125
2025-03-06 09:20:22,1.751125
2025-03-06 09:20:52,1.751125
2025-03-06 09:21:22,1.751125
2025-03-06 09:21:52,1.751125
2025-03-06 09:22:22,1.751125
2025-03-06 09:22:52,1.751125
2025-03-06 09:23:22,1.751125
2025-03-06 09:23:53,1.751125
2025-03-06 09:24:23,1.751125
2025-03-06 09:24:53,1.751125
2025-03-06 09:25:23,1.751125
2025-03-06 09:25:53,1.751125
2025-03-06 09:26:23,1.751125
2025-03-06 09:26:53,1.751125
2025-03-06 09:27:24,1.751125
2025-03-06 09:27:54,1.751125
2025-03-06 09:28:24,1.751125
2025-03-06 09:28:54,1.751125
2025-03-06 09:29:24,1.751125
2025-03-06 09:29:54,1.751125
2025-03-06 09:30:24,1.751125
2025-03-06 09:30:54,1.751125
2025-03-06 09:31:25,1.751125
2025-03-06 09:31:55,1.751125
2025-03-06 09:32:25,1.751125
2025-03-06 09:32:55,1.751125
2025-03-06 09:33:25,1.751125
2025-03-06 09:33:55,1.751125
2025-03-06 09:34:25,1.751125
2025-03-06 09:34:56,1.751125
2025-03-06 09:35:26,1.751125
2025-03-06 09:35:56,1.751125
2025-03-06 09:36:26,1.751125
2025-03-06 09:36:56,1.751125
2025-03-06 09:37:26,1.751125
2025-03-06 09:37:57,1.751125
2025-03-06 09:38:27,1.751125
2025-03-06 09:38:57,1.751125
2025-03-06 09:39:27,1.751125
2025-03-06 09:39:57,1.751125
2025-03-06 09:40:27,1.751125
2025-03-06 09:40:58,1.751125
2025-03-06 09:41:28,1.751125
2025-03-06 09:41:58,1.751125
2025-03-06 09:42:28,1.751125
2025-03-06 09:42:58,1.751125
2025-03-06 09:43:28,1.751125
2025-03-06 09:43:58,1.751125
2025-03-06 09:44:29,1.751125
2025-03-06 09:44:59,1.751125
2025-03-06 09:45:29,1.751125
2025-03-06 09:45:59,1.751125
2025-03-06 09:46:29,1.751125
2025-03-06 09:46:59,1.751125
2025-03-06 09:47:29,1.751125
2025-03-06 09:48:00,1.751125
2025-03-06 09:48:30,1.751125
2025-03-06 09:49:00,1.751125
2025-03-06 09:49:30,1.751125
2025-03-06 09:50:00,1.751125
2025-03-06 09:50:31,1.751125
2025-03-06 09:51:01,1.751125
2025-03-06 09:51:31,1.751125
2025-03-06 09:52:01,1.751125
2025-03-06 09:52:31,1.751125
2025-03-06 09:53:01,1.751125
2025-03-06 09:53:31,1.751125
2025-03-06 09:54:02,1.751125
2025-03-06 09:54:32,1.751125
2025-03-06 09:55:02,1.751125
2025-03-06 09:55:32,1.751125
2025-03-06 09:56:02,1.751125
2025-03-06 09:56:32,1.751125
2025-03-06 09:57:02,1.751125
2025-03-06 09:57:33,1.751125
2025-03-06 09:58:03,1.751125
2025-03-06 09:58:33,1.751125
2025-03-06 09:59:03,1.751125
2025-03-06 09:59:33,1.751125
2025-03-06 10:00:03,1.751125
2025-03-06 10:00:33,1.751125
2025-03-06 10:01:04,1.751125
2025-03-06 10:01:34,1.751125
2025-03-06 10:02:04,1.751125
2025-03-06 10:02:34,1.751125
2025-03-06 10:03:04,1.751125
2025-03-06 10:03:34,1.751125
2025-03-06 10:04:05,1.751125
2025-03-06 10:04:35,1.751125
2025-03-06 10:05:05,1.751125
2025-03-06 10:05:35,1.751125
2025-03-06 10:06:05,1.751125
2025-03-06 10:06:35,1.751125
2025-03-06 10:07:06,1.751125
2025-03-06 10:07:36,1.751125
2025-03-06 10:08:06,1.751125
2025-03-06 10:08:36,1.751125
2025-03-06 10:09:06,1.751125
2025-03-06 10:09:37,1.751125
2025-03-06 10:10:07,1.751125
2025-03-06 10:10:37,1.751125
2025-03-06 10:11:07,1.751125
2025-03-06 10:11:37,1.751125
2025-03-06 10:12:07,1.751125
2025-03-06 10:12:37,1.751125
2025-03-06 10:13:08,1.751125
2025-03-06 10:13:38,1.751125
2025-03-06 10:14:08,1.751125
2025-03-06 10:14:38,1.751125
2025-03-06 10:15:08,1.751125
2025-03-06 10:15:38,1.751125
2025-03-06 10:16:08,1.751125
2025-03-06 10:16:39,1.751125
2025-03-06 10:17:09,1.751125
2025-03-06 10:17:39,1.751125
2025-03-06 10:18:09,1.751125
2025-03-06 10:18:39,1.751125
2025-03-06 10:19:09,1.751125
2025-03-06 10:19:39,1.751125
2025-03-06 10:20:10,1.751125
2025-03-06 10:20:40,1.751125
2025-03-06 10:21:10,1.751125
2025-03-06 10:21:40,1.751125
2025-03-06 10:22:10,1.751125
2025-03-06 10:22:40,1.751125
2025-03-06 10:23:10,1.751125
2025-03-06 10:23:41,1.751125
2025-03-06 10:24:11,1.751125
2025-03-06 10:24:41,1.751125
2025-03-06 10:25:11,1.751125
2025-03-06 10:25:41,1.751125
2025-03-06 10:26:11,1.751125
2025-03-06 10:26:42,1.751125
2025-03-06 10:27:12,1.751125
2025-03-06 10:27:42,1.751125
2025-03-06 10:28:12,1.751125
2025-03-06 10:28:42,1.751125
2025-03-06 10:29:12,1.751125
2025-03-06 10:29:42,1.751125
2025-03-06 10:30:13,1.751125
2025-03-06 10:30:43,1.751125
2025-03-06 10:31:13,1.751125
2025-03-06 10:31:43,1.751125
2025-03-06 10:32:13,1.751125
2025-03-06 10:32:43,1.751125
2025-03-06 10:33:13,1.751125
2025-03-06 10:33:44,1.751125
2025-03-06 10:34:14,1.751125
2025-03-06 10:34:44,1.751125
2025-03-06 10:35:14,1.751125
2025-03-06 10:35:44,1.751125
2025-03-06 10:36:14,1.751125
2025-03-06 10:36:44,1.751125
2025-03-06 10:37:15,1.751125
2025-03-06 10:37:45,1.751125
2025-03-06 10:38:15,1.751125
2025-03-06 10:38:45,1.751125
2025-03-06 10:39:15,1.751125
2025-03-06 10:39:45,1.751125
2025-03-06 10:40:16,1.751125
2025-03-06 10:40:46,1.751125
2025-03-06 10:41:16,1.751125
2025-03-06 10:41:46,1.751125
2025-03-06 10:42:16,1.751125
2025-03-06 10:42:46,1.751125
2025-03-06 10:43:16,1.751125
2025-03-06 10:43:47,1.751125
2025-03-06 10:44:17,1.751125
2025-03-06 10:44:47,1.751125
2025-03-06 10:45:17,1.751125
2025-03-06 10:45:47,1.751125
2025-03-06 10:46:17,1.751125
2025-03-06 10:46:47,1.751125
2025-03-06 10:47:17,1.751125
2025-03-06 10:47:48,1.751125
2025-03-06 10:48:18,1.751125
2025-03-06 10:48:48,1.751125
2025-03-06 10:49:18,1.751125
2025-03-06 10:49:48,1.751125
2025-03-06 10:50:18,1.751125
2025-03-06 10:50:48,1.751125
2025-03-06 10:51:19,1.751125
2025-03-06 10:51:49,1.751125
2025-03-06 10:52:19,1.751125
2025-03-06 10:52:49,1.751125
2025-03-06 10:53:19,1.751125
2025-03-06 10:53:49,1.751125
2025-03-06 10:54:19,1.751125
2025-03-06 10:54:50,1.751125
2025-03-06 10:55:20,1.751125
2025-03-06 10:55:50,1.751125
2025-03-06 10:56:20,1.751125
2025-03-06 10:56:50,1.751125
2025-03-06 10:57:20,1.751125
2025-03-06 10:57:50,1.751125
2025-03-06 10:58:21,1.751125
2025-03-06 10:58:51,1.751125
2025-03-06 10:59:21,1.751125
2025-03-06 10:59:51,1.751125
2025-03-06 11:00:21,1.751125
2025-03-06 11:00:51,1.751125
2025-03-06 11:01:21,1.751125
2025-03-06 11:01:52,1.751125
2025-03-06 11:02:22,1.751125
2025-03-06 11:02:52,1.751125
2025-03-06 11:03:22,1.751125
2025-03-06 11:03:52,1.751125
2025-03-06 11:04:23,1.751125
2025-03-06 11:04:53,1.751125
2025-03-06 11:05:23,1.751125
2025-03-06 11:05:53,1.751125
2025-03-06 11:06:23,1.751125
2025-03-06 11:06:53,1.751125
2025-03-06 11:07:24,1.751125
2025-03-06 11:07:54,1.751125
2025-03-06 11:08:24,1.751125
2025-03-06 11:08:54,1.751125
2025-03-06 11:09:24,1.751125
2025-03-06 11:09:54,1.751125
2025-03-06 11:10:25,1.751125
2025-03-06 11:10:55,1.751125
2025-03-06 11:11:25,1.751125
2025-03-06 11:11:55,1.751125
2025-03-06 11:12:25,1.751125
2025-03-06 11:12:55,1.751125
2025-03-06 11:13:25,1.751125
2025-03-06 11:13:56,1.751125
2025-03-06 11:14:26,1.751125
2025-03-06 11:14:56,1.751125
2025-03-06 11:15:26,1.751125
2025-03-06 11:15:56,1.751125
2025-03-06 11:16:26,1.751125
2025-03-06 11:16:56,1.751125
2025-03-06 11:17:26,1.751125
2025-03-06 11:17:57,1.751125
2025-03-06 11:18:27,1.751125
2025-03-06 11:18:57,1.751125
2025-03-06 11:19:27,1.751125
2025-03-06 11:19:57,1.751125
2025-03-06 11:20:27,1.751125
2025-03-06 11:20:57,1.751125
2025-03-06 11:21:28,1.751125
2025-03-06 11:21:58,1.751125
2025-03-06 11:22:28,1.751125
2025-03-06 11:22:58,1.751125
2025-03-06 11:23:28,1.751125
2025-03-06 11:23:58,1.751125
2025-03-06 11:24:28,1.751125
2025-03-06 11:24:59,1.751125
2025-03-06 11:25:29,1.751125
2025-03-06 11:25:59,1.751125
2025-03-06 11:26:29,1.751125
2025-03-06 11:26:59,1.751125
2025-03-06 11:27:30,1.751125
2025-03-06 11:28:00,1.751125
2025-03-06 11:28:30,1.751125
2025-03-06 11:29:00,1.751125
2025-03-06 11:29:30,1.751125
2025-03-06 11:30:00,1.751125
2025-03-06 11:30:30,1.751125
2025-03-06 11:31:00,1.751125
2025-03-06 11:31:31,1.751125
2025-03-06 11:32:01,1.751125
2025-03-06 11:32:31,1.751125
2025-03-06 11:33:01,1.751125
2025-03-06 11:33:31,1.751125
2025-03-06 11:34:01,1.751125
2025-03-06 11:34:31,1.751125
2025-03-06 11:35:02,1.751125
2025-03-06 11:35:32,1.751125
2025-03-06 11:36:02,1.751125
2025-03-06 11:36:32,1.751125
2025-03-06 11:37:02,1.751125
2025-03-06 11:37:32,1.751125
2025-03-06 11:38:02,1.751125
2025-03-06 11:38:32,1.751125
2025-03-06 11:39:03,1.751125
2025-03-06 11:39:33,1.751125
2025-03-06 11:40:03,1.751125
2025-03-06 11:40:33,1.751125
2025-03-06 11:41:03,1.751125
2025-03-06 11:41:33,1.751125
2025-03-06 11:42:04,1.751125
2025-03-06 11:42:34,1.751125
2025-03-06 11:43:04,1.751125
2025-03-06 11:43:34,1.751125
2025-03-06 11:44:04,1.751125
2025-03-06 11:44:34,1.751125
2025-03-06 11:45:04,1.751125
2025-03-06 11:45:35,1.751125
2025-03-06 11:46:05,1.751125
2025-03-06 11:46:35,1.751125
2025-03-06 11:47:05,1.751125
2025-03-06 11:47:35,1.751125
2025-03-06 11:48:05,1.751125
2025-03-06 11:48:36,1.751125
2025-03-06 11:49:06,1.751125
2025-03-06 11:49:36,1.751125
2025-03-06 11:50:06,1.751125
2025-03-06 11:50:36,1.751125
2025-03-06 11:51:06,1.751125
2025-03-06 11:51:36,1.751125
2025-03-06 11:52:07,1.751125
2025-03-06 11:52:37,1.751125
2025-03-06 11:53:07,1.751125
2025-03-06 11:53:37,1.751125
2025-03-06 11:54:07,1.751125
2025-03-06 11:54:37,1.751125
2025-03-06 11:55:08,1.751125
2025-03-06 11:55:38,1.751125
2025-03-06 11:56:08,1.751125
2025-03-06 11:56:38,1.751125
2025-03-06 11:57:08,1.751125
2025-03-06 11:57:38,1.751125
2025-03-06 11:58:09,1.751125
2025-03-06 11:58:39,1.751125
2025-03-06 11:59:09,1.751125
2025-03-06 11:59:39,1.751125
2025-03-06 12:00:09,1.751125
2025-03-06 12:00:39,1.751125
2025-03-06 12:01:09,1.751125
2025-03-06 12:01:40,1.751125
2025-03-06 12:02:10,1.751125
2025-03-06 12:02:40,1.751125
2025-03-06 12:03:10,1.751125
2025-03-06 12:03:40,1.751125
2025-03-06 12:04:10,1.751125
2025-03-06 12:04:41,1.751125
2025-03-06 12:05:11,1.751125
2025-03-06 12:05:41,1.751125
2025-03-06 12:06:11,1.751125
2025-03-06 12:06:41,1.751125
2025-03-06 12:07:11,1.751125
2025-03-06 12:07:41,1.751125
2025-03-06 12:08:12,1.751125
2025-03-06 12:08:42,1.751125
2025-03-06 12:09:12,1.751125
2025-03-06 12:09:42,1.751125
2025-03-06 12:10:13,1.751125
2025-03-06 12:10:43,1.751125
2025-03-06 12:11:13,1.751125
2025-03-06 12:11:43,1.751125
2025-03-06 12:12:13,1.751125
2025-03-06 12:12:43,1.751125
2025-03-06 12:13:14,1.751125
2025-03-06 12:13:44,1.751125
2025-03-06 12:14:14,1.751125
2025-03-06 12:14:44,1.751125
2025-03-06 12:15:14,1.751125
2025-03-06 12:15:44,1.751125
2025-03-06 12:16:14,1.751125
2025-03-06 12:16:45,1.751125
2025-03-06 12:17:15,1.751125
2025-03-06 12:17:45,1.751125
2025-03-06 12:18:15,1.751125
2025-03-06 12:18:45,1.751125
2025-03-06 12:19:15,1.751125
2025-03-06 12:19:46,1.751125
2025-03-06 12:20:16,1.751125
2025-03-06 12:20:46,1.751125
2025-03-06 12:21:16,1.751125
2025-03-06 12:21:46,1.751125
2025-03-06 12:22:16,1.751125
2025-03-06 12:22:46,1.751125
2025-03-06 12:23:17,1.751125
2025-03-06 12:23:47,1.751125
2025-03-06 12:24:17,1.751125
2025-03-06 12:24:47,1.751125
2025-03-06 12:25:17,1.751125
2025-03-06 12:25:47,1.751125
2025-03-06 12:26:17,1.751125
2025-03-06 12:26:48,1.751125
2025-03-06 12:27:18,1.751125
2025-03-06 12:27:48,1.751125
2025-03-06 12:28:18,1.751125
2025-03-06 12:28:48,1.751125
2025-03-06 12:29:18,1.751125
2025-03-06 12:29:49,1.751125
2025-03-06 12:30:19,1.751125
2025-03-06 12:30:49,1.751125
2025-03-06 12:31:19,1.751125
2025-03-06 12:31:49,1.751125
2025-03-06 12:32:19,1.751125
2025-03-06 12:32:49,1.751125
2025-03-06 12:33:20,1.751125
2025-03-06 12:33:50,1.751125
2025-03-06 12:34:20,1.751125
2025-03-06 12:34:50,1.751125
2025-03-06 12:35:20,1.751125
2025-03-06 12:35:50,1.751125
2025-03-06 12:36:21,1.751125
2025-03-06 12:36:51,1.751125
2025-03-06 12:37:21,1.751125
2025-03-06 12:37:51,1.751125
2025-03-06 12:38:21,1.751125
2025-03-06 12:38:51,1.751125
2025-03-06 12:39:21,1.751125
2025-03-06 12:39:52,1.751125
2025-03-06 12:40:22,1.751125
2025-03-06 12:40:52,1.751125
2025-03-06 12:41:22,1.751125
2025-03-06 12:41:52,1.751125
2025-03-06 12:42:22,1.751125
2025-03-06 12:42:52,1.751125
2025-03-06 12:43:23,1.751125
2025-03-06 12:43:53,1.751125
2025-03-06 12:44:23,1.751125
2025-03-06 12:44:53,1.751125
2025-03-06 12:45:23,1.751125
2025-03-06 12:45:54,1.751125
2025-03-06 12:46:24,1.751125
2025-03-06 12:46:54,1.751125
2025-03-06 12:47:24,1.751125
2025-03-06 12:47:54,1.751125
2025-03-06 12:48:24,1.751125
2025-03-06 12:48:54,1.751125
2025-03-06 12:49:25,1.751125
2025-03-06 12:49:55,1.751125
2025-03-06 12:50:25,1.751125
2025-03-06 12:50:55,1.751125
2025-03-06 12:51:25,1.751125
2025-03-06 12:51:55,1.751125
2025-03-06 12:52:26,1.751125
2025-03-06 12:52:56,1.751125
2025-03-06 12:53:26,1.751125
2025-03-06 12:53:56,1.751125
2025-03-06 12:54:26,1.751125
2025-03-06 12:54:56,1.751125
2025-03-06 12:55:27,1.751125
2025-03-06 12:55:57,1.751125
2025-03-06 12:56:27,1.751125
2025-03-06 12:56:57,1.751125
2025-03-06 12:57:27,1.751125
2025-03-06 12:57:57,1.751125
2025-03-06 12:58:27,1.751125
2025-03-06 12:58:58,1.751125
2025-03-06 12:59:28,1.751125
2025-03-06 12:59:58,1.751125
2025-03-06 13:00:28,1.751125
2025-03-06 13:00:58,1.751125
2025-03-06 13:01:28,1.751125
2025-03-06 13:01:59,1.751125
2025-03-06 13:02:29,1.751125
2025-03-06 13:02:59,1.751125
2025-03-06 13:03:29,1.751125
2025-03-06 13:03:59,1.751125
2025-03-06 13:04:29,1.751125
2025-03-06 13:05:00,1.751125
2025-03-06 13:05:30,1.751125
2025-03-06 13:06:01,1.751125
2025-03-06 13:06:31,1.751125
2025-03-06 13:07:01,1.751125
2025-03-06 13:07:31,1.751125
2025-03-06 13:08:01,1.751125
2025-03-06 13:08:31,1.751125
2025-03-06 13:09:01,1.751125
2025-03-06 13:09:32,1.751125
2025-03-06 13:10:02,1.751125
2025-03-06 13:10:32,1.751125
2025-03-06 13:11:02,1.751125
2025-03-06 13:11:32,1.751125
2025-03-06 13:12:02,1.751125
2025-03-06 13:12:32,1.751125
2025-03-06 13:13:03,1.751125
2025-03-06 13:13:33,1.751125
2025-03-06 13:14:03,1.751125
2025-03-06 13:14:33,1.751125
2025-03-06 13:15:03,1.751125
2025-03-06 13:15:33,1.751125
2025-03-06 13:16:04,1.751125
2025-03-06 13:16:34,1.751125
2025-03-06 13:17:04,1.751125
2025-03-06 13:17:34,1.751125
2025-03-06 13:18:04,1.751125
2025-03-06 13:18:34,1.751125
2025-03-06 13:19:05,1.751125
2025-03-06 13:19:35,1.751125
2025-03-06 13:20:05,1.751125
2025-03-06 13:20:35,1.751125
2025-03-06 13:21:05,1.751125
2025-03-06 13:21:35,1.751125
2025-03-06 13:22:05,1.751125
2025-03-06 13:22:36,1.751125
2025-03-06 13:23:06,1.751125
2025-03-06 13:23:36,1.751125
2025-03-06 13:24:06,1.751125
2025-03-06 13:24:36,1.751125
2025-03-06 13:25:06,1.751125
2025-03-06 13:25:36,1.751125
2025-03-06 13:26:07,1.751125
2025-03-06 13:26:37,1.751125
2025-03-06 13:27:07,1.751125
2025-03-06 13:27:37,1.751125
2025-03-06 13:28:07,1.751125
2025-03-06 13:28:37,1.751125
2025-03-06 13:29:08,1.751125
2025-03-06 13:29:38,1.751125
2025-03-06 13:30:08,1.751125
2025-03-06 13:30:38,1.751125
2025-03-06 13:31:08,1.751125
2025-03-06 13:31:38,1.751125
2025-03-06 13:32:08,1.751125
2025-03-06 13:32:39,1.751125
2025-03-06 13:33:09,1.751125
2025-03-06 13:33:39,1.751125
2025-03-06 13:34:09,1.751125
2025-03-06 13:34:39,1.751125
2025-03-06 13:35:09,1.751125
2025-03-06 13:35:39,1.751125
2025-03-06 13:36:10,1.751125
2025-03-06 13:36:40,1.751125
2025-03-06 13:37:10,1.751125
2025-03-06 13:37:40,1.751125
2025-03-06 13:38:10,1.751125
2025-03-06 13:38:40,1.751125
2025-03-06 13:39:11,1.751125
2025-03-06 13:39:41,1.751125
2025-03-06 13:40:11,1.751125
2025-03-06 13:40:41,1.751125
2025-03-06 13:41:11,1.751125
2025-03-06 13:41:41,1.751125
2025-03-06 13:42:11,1.751125
2025-03-06 13:42:42,1.751125
2025-03-06 13:43:12,1.751125
2025-03-06 13:43:42,1.751125
2025-03-06 13:44:12,1.751125
2025-03-06 13:44:42,1.751125
2025-03-06 13:45:12,1.751125
2025-03-06 13:45:43,1.751125
2025-03-06 13:46:13,1.751125
2025-03-06 13:46:43,1.751125
2025-03-06 13:47:13,1.751125
2025-03-06 13:47:43,1.751125
2025-03-06 13:48:13,1.751125
2025-03-06 13:48:43,1.751125
2025-03-06 13:49:13,1.751125
2025-03-06 13:49:44,1.751125
2025-03-06 13:50:14,1.751125
2025-03-06 13:50:44,1.751125
2025-03-06 13:51:14,1.751125
2025-03-06 13:51:44,1.751125
2025-03-06 13:52:14,1.751125
2025-03-06 13:52:44,1.751125
2025-03-06 13:53:15,1.751125
2025-03-06 13:53:45,1.751125
2025-03-06 13:54:15,1.751125
2025-03-06 13:54:45,1.751125
2025-03-06 13:55:15,1.751125
2025-03-06 13:55:45,1.751125
2025-03-06 13:56:15,1.751125
2025-03-06 13:56:46,1.751125
2025-03-06 13:57:16,1.751125
2025-03-06 13:57:46,1.751125
2025-03-06 13:58:16,1.751125
2025-03-06 13:58:46,1.751125
2025-03-06 13:59:16,1.751125
2025-03-06 13:59:46,1.751125
2025-03-06 14:00:17,1.751125
2025-03-06 14:00:47,1.751125
2025-03-06 14:01:17,1.751125
2025-03-06 14:01:47,1.751125
2025-03-06 14:02:17,1.751125
2025-03-06 14:02:47,1.751125
2025-03-06 14:03:18,1.751125
2025-03-06 14:03:48,1.751125
2025-03-06 14:04:18,1.751125
2025-03-06 14:04:48,1.751125
2025-03-06 14:05:19,1.751125
2025-03-06 14:05:49,1.751125
2025-03-06 14:06:19,1.751125
2025-03-06 14:06:49,1.751125
2025-03-06 14:07:19,1.751125
2025-03-06 14:07:49,1.751125
2025-03-06 14:08:20,1.751125
2025-03-06 14:08:50,1.751125
2025-03-06 14:09:20,1.751125
2025-03-06 14:09:50,1.751125
2025-03-06 14:10:20,1.751125
2025-03-06 14:10:50,1.751125
2025-03-06 14:11:20,1.751125
2025-03-06 14:11:51,1.751125
2025-03-06 14:12:21,1.751125
2025-03-06 14:12:51,1.751125
2025-03-06 14:13:21,1.751125
2025-03-06 14:13:51,1.751125
2025-03-06 14:14:21,1.751125
2025-03-06 14:14:51,1.751125
2025-03-06 14:15:22,1.751125
2025-03-06 14:15:52,1.751125
2025-03-06 14:16:22,1.751125
2025-03-06 14:16:52,1.751125
2025-03-06 14:17:22,1.751125
2025-03-06 14:17:53,1.751125
2025-03-06 14:18:23,1.751125
2025-03-06 14:18:53,1.751125
2025-03-06 14:19:23,1.751125
2025-03-06 14:19:53,1.751125
2025-03-06 14:20:23,1.751125
2025-03-06 14:20:53,1.751125
2025-03-06 14:21:24,1.751125
2025-03-06 14:21:54,1.751125
2025-03-06 14:22:24,1.751125
2025-03-06 14:22:54,1.751125
2025-03-06 14:23:24,1.751125
2025-03-06 14:23:54,1.751125
2025-03-06 14:24:24,1.751125
2025-03-06 14:24:55,1.751125
2025-03-06 14:25:25,1.751125
2025-03-06 14:25:55,1.751125
2025-03-06 14:26:25,1.751125
2025-03-06 14:26:55,1.751125
2025-03-06 14:27:25,1.751125
2025-03-06 14:27:55,1.751125
2025-03-06 14:28:25,1.751125
2025-03-06 14:28:56,1.751125
2025-03-06 14:29:26,1.751125
2025-03-06 14:29:56,1.751125
2025-03-06 14:30:26,1.751125
2025-03-06 14:30:56,1.751125
2025-03-06 14:31:26,1.751125
2025-03-06 14:31:57,1.751125
2025-03-06 14:32:27,1.751125
2025-03-06 14:32:57,1.751125
2025-03-06 14:33:27,1.751125
2025-03-06 14:33:57,1.751125
2025-03-06 14:34:27,1.751125
2025-03-06 14:34:57,1.751125
2025-03-06 14:35:28,1.751125
2025-03-06 14:35:58,1.751125
2025-03-06 14:36:28,1.751125
2025-03-06 14:36:58,1.751125
2025-03-06 14:37:28,1.751125
2025-03-06 14:37:58,1.751125
2025-03-06 14:38:28,1.751125
2025-03-06 14:38:58,1.751125
2025-03-06 14:39:29,1.751125
2025-03-06 14:39:59,1.751125
2025-03-06 14:40:29,1.751125
2025-03-06 14:40:59,1.751125
2025-03-06 14:41:29,1.751125
2025-03-06 14:41:59,1.751125
2025-03-06 14:42:29,1.751125
2025-03-06 14:43:00,1.751125
2025-03-06 14:43:30,1.751125
2025-03-06 14:44:00,1.751125
2025-03-06 14:44:30,1.751125
2025-03-06 14:45:00,1.751125
2025-03-06 14:45:30,1.751125
2025-03-06 14:46:00,1.751125
2025-03-06 14:46:31,1.751125
2025-03-06 14:47:01,1.751125
2025-03-06 14:47:31,1.751125
2025-03-06 14:48:01,1.751125
2025-03-06 14:48:31,1.751125
2025-03-06 14:49:01,1.751125
2025-03-06 14:49:31,1.751125
2025-03-06 14:50:02,1.751125
2025-03-06 14:50:32,1.751125
2025-03-06 14:51:02,1.751125
2025-03-06 14:51:32,1.751125
2025-03-06 14:52:02,1.751125
2025-03-06 14:52:32,1.751125
2025-03-06 14:53:02,1.751125
2025-03-06 14:53:32,1.751125
2025-03-06 14:54:03,1.751125
2025-03-06 14:54:33,1.751125
2025-03-06 14:55:03,1.751125
2025-03-06 14:55:33,1.751125
2025-03-06 14:56:03,1.751125
2025-03-06 14:56:33,1.751125
2025-03-06 14:57:03,1.751125
2025-03-06 14:57:34,1.751125
2025-03-06 14:58:04,1.751125
2025-03-06 14:58:34,1.751125
2025-03-06 14:59:04,1.751125
2025-03-06 14:59:34,1.751125
2025-03-06 15:00:04,1.751125
2025-03-06 15:00:34,1.751125
2025-03-06 15:01:05,1.751125
2025-03-06 15:01:35,1.751125
2025-03-06 15:02:05,1.751125
2025-03-06 15:02:35,1.751125
2025-03-06 15:03:05,1.751125
2025-03-06 15:03:35,1.751125
2025-03-06 15:04:06,1.751125
2025-03-06 15:04:36,1.751125
2025-03-06 15:05:06,1.751125
2025-03-06 15:05:36,1.751125
2025-03-06 15:06:06,1.751125
2025-03-06 15:06:36,1.751125
2025-03-06 15:07:07,1.751125
2025-03-06 15:07:37,1.751125
2025-03-06 15:08:07,1.751125
2025-03-06 15:08:37,1.751125
2025-03-06 15:09:07,1.751125
2025-03-06 15:09:37,1.751125
2025-03-06 15:10:07,1.751125
2025-03-06 15:10:37,1.751125
2025-03-06 15:11:08,1.751125
2025-03-06 15:11:38,1.751125
2025-03-06 15:12:08,1.751125
2025-03-06 15:12:38,1.751125
2025-03-06 15:13:08,1.751125
2025-03-06 15:13:38,1.751125
2025-03-06 15:14:08,1.751125
2025-03-06 15:14:39,1.751125
2025-03-06 15:15:09,1.751125
2025-03-06 15:15:39,1.751125
2025-03-06 15:16:09,1.751125
2025-03-06 15:16:39,1.751125
2025-03-06 15:17:10,1.751125
2025-03-06 15:17:40,1.751125
2025-03-06 15:18:10,1.751125
2025-03-06 15:18:40,1.751125
2025-03-06 15:19:10,1.751125
2025-03-06 15:19:40,1.751125
2025-03-06 15:20:10,1.751125
2025-03-06 15:20:40,1.751125
2025-03-06 15:21:11,1.751125
2025-03-06 15:21:41,1.751125
2025-03-06 15:22:11,1.751125
2025-03-06 15:22:41,1.751125
2025-03-06 15:23:11,1.751125
2025-03-06 15:23:41,1.751125
2025-03-06 15:24:11,1.751125
2025-03-06 15:24:42,1.751125
2025-03-06 15:25:12,1.751125
2025-03-06 15:25:42,1.751125
2025-03-06 15:26:12,1.751125
2025-03-06 15:26:42,1.751125
2025-03-06 15:27:12,1.751125
2025-03-06 15:27:42,1.751125
2025-03-06 15:28:13,1.751125
2025-03-06 15:28:43,1.751125
2025-03-06 15:29:13,1.751125
2025-03-06 15:29:43,1.751125
2025-03-06 15:30:13,1.751125
2025-03-06 15:30:43,1.751125
2025-03-06 15:31:14,1.751125
2025-03-06 15:31:44,1.751125
2025-03-06 15:32:14,1.751125
2025-03-06 15:32:44,1.751125
2025-03-06 15:33:14,1.751125
2025-03-06 15:33:44,1.751125
2025-03-06 15:34:14,1.751125
2025-03-06 15:34:45,1.751125
2025-03-06 15:35:15,1.751125
2025-03-06 15:35:45,1.751125
2025-03-06 15:36:15,1.751125
2025-03-06 15:36:45,1.751125
2025-03-06 15:37:15,1.751125
2025-03-06 15:37:45,1.751125
2025-03-06 15:38:16,1.751125
2025-03-06 15:38:46,1.751125
2025-03-06 15:39:16,1.751125
2025-03-06 15:39:46,1.751125
2025-03-06 15:40:16,1.751125
2025-03-06 15:40:46,1.751125
2025-03-06 15:41:16,1.751125
2025-03-06 15:41:46,1.751125
2025-03-06 15:42:17,1.751125
2025-03-06 15:42:47,1.751125
2025-03-06 15:43:17,1.751125
2025-03-06 15:43:47,1.751125
2025-03-06 15:44:17,1.751125
2025-03-06 15:44:47,1.751125
2025-03-06 15:45:17,1.751125
2025-03-06 15:45:48,1.751125
2025-03-06 15:46:18,1.751125
2025-03-06 15:46:48,1.751125
2025-03-06 15:47:18,1.751125
2025-03-06 15:47:48,1.751125
2025-03-06 15:48:18,1.751125
2025-03-06 15:48:49,1.751125
2025-03-06 15:49:19,1.751125
2025-03-06 15:49:49,1.751125
2025-03-06 15:50:19,1.751125
2025-03-06 15:50:49,1.751125
2025-03-06 15:51:19,1.751125
2025-03-06 15:51:49,1.751125
2025-03-06 15:52:20,1.751125
2025-03-06 15:52:50,1.751125
2025-03-06 15:53:20,1.751125
2025-03-06 15:53:50,1.751125
2025-03-06 15:54:20,1.751125
2025-03-06 15:54:50,1.751125
2025-03-06 15:55:20,1.751125
2025-03-06 15:55:51,1.751125
2025-03-06 15:56:21,1.751125
2025-03-06 15:56:51,1.751125
2025-03-06 15:57:21,1.751125
2025-03-06 15:57:51,1.751125
2025-03-06 15:58:21,1.751125
2025-03-06 15:58:51,1.751125
2025-03-06 15:59:21,1.751125
2025-03-06 15:59:52,1.751125
2025-03-06 16:00:22,1.751125
2025-03-06 16:00:52,1.751125
2025-03-06 16:01:22,1.751125
2025-03-06 16:01:52,1.751125
2025-03-06 16:02:23,1.751125
2025-03-06 16:02:53,1.751125
2025-03-06 16:03:23,1.751125
2025-03-06 16:03:53,1.751125
2025-03-06 16:04:23,1.751125
2025-03-06 16:04:53,1.751125
2025-03-06 16:05:23,1.751125
2025-03-06 16:05:53,1.751125
2025-03-06 16:06:24,1.751125
2025-03-06 16:06:54,1.751125
2025-03-06 16:07:24,1.751125
2025-03-06 16:07:54,1.751125
2025-03-06 16:08:24,1.751125
2025-03-06 16:08:54,1.751125
2025-03-06 16:09:24,1.751125
2025-03-06 16:09:55,1.751125
2025-03-06 16:10:25,1.751125
2025-03-06 16:10:55,1.751125
2025-03-06 16:11:25,1.751125
2025-03-06 16:11:55,1.751125
2025-03-06 16:12:25,1.751125
2025-03-06 16:12:55,1.751125
2025-03-06 16:13:26,1.751125
2025-03-06 16:13:56,1.751125
2025-03-06 16:14:26,1.751125
2025-03-06 16:14:56,1.751125
2025-03-06 16:15:26,1.751125
2025-03-06 16:15:56,1.751125
2025-03-06 16:16:27,1.751125
2025-03-06 16:16:57,1.751125
2025-03-06 16:17:27,1.751125
2025-03-06 16:17:57,1.751125
2025-03-06 16:18:27,1.751125
2025-03-06 16:18:57,1.751125
2025-03-06 16:19:27,1.751125
2025-03-06 16:19:58,1.751125
2025-03-06 16:20:28,1.751125
2025-03-06 16:20:58,1.751125
2025-03-06 16:21:28,1.751125
2025-03-06 16:21:58,1.751125
2025-03-06 16:22:28,1.751125
2025-03-06 16:22:58,1.751125
2025-03-06 16:23:28,1.751125
2025-03-06 16:23:59,1.751125
2025-03-06 16:24:29,1.751125
2025-03-06 16:24:59,1.751125
2025-03-06 16:25:29,1.751125
2025-03-06 16:25:59,1.751125
2025-03-06 16:26:29,1.751125
2025-03-06 16:26:59,1.751125
2025-03-06 16:27:30,1.751125
2025-03-06 16:28:00,1.751125
2025-03-06 16:28:30,1.751125
2025-03-06 16:29:00,1.751125
2025-03-06 16:29:30,1.751125
2025-03-06 16:30:00,1.751125
2025-03-06 16:30:30,1.751125
2025-03-06 16:31:00,1.751125
2025-03-06 16:31:31,1.751125
2025-03-06 16:32:01,1.751125
2025-03-06 16:32:31,1.751125
2025-03-06 16:33:01,1.751125
2025-03-06 16:33:31,1.751125
2025-03-06 16:34:02,1.751125
2025-03-06 16:34:32,1.751125
2025-03-06 16:35:02,1.751125
2025-03-06 16:35:32,1.751125
2025-03-06 16:36:02,1.751125
2025-03-06 16:36:32,1.751125
2025-03-06 16:37:02,1.751125
2025-03-06 16:37:33,1.751125
2025-03-06 16:38:03,1.751125
2025-03-06 16:38:33,1.751125
2025-03-06 16:39:03,1.751125
2025-03-06 16:39:33,1.751125
2025-03-06 16:40:03,1.751125
2025-03-06 16:40:33,1.751125
2025-03-06 16:41:04,1.751125
2025-03-06 16:41:34,1.751125
2025-03-06 16:42:04,1.751125
2025-03-06 16:42:34,1.751125
2025-03-06 16:43:04,1.751125
2025-03-06 16:43:34,1.751125
2025-03-06 16:44:04,1.751125
2025-03-06 16:44:34,1.751125
2025-03-06 16:45:05,1.751125
2025-03-06 16:45:35,1.751125
2025-03-06 16:46:05,1.751125
2025-03-06 16:46:35,1.751125
2025-03-06 16:47:05,1.751125
2025-03-06 16:47:35,1.751125
2025-03-06 16:48:05,1.751125
2025-03-06 16:48:36,1.751125
2025-03-06 16:49:06,1.751125
2025-03-06 16:49:36,1.751125
2025-03-06 16:50:06,1.751125
2025-03-06 16:50:36,1.751125
2025-03-06 16:51:06,1.751125
2025-03-06 16:51:37,1.751125
2025-03-06 16:52:07,1.751125
2025-03-06 16:52:37,1.751125
2025-03-06 16:53:07,1.751125
2025-03-06 16:53:37,1.751125
2025-03-06 16:54:07,1.751125
2025-03-06 16:54:37,1.751125
2025-03-06 16:55:08,1.751125
2025-03-06 16:55:38,1.751125
2025-03-06 16:56:08,1.751125
2025-03-06 16:56:38,1.751125
2025-03-06 16:57:08,1.751125
2025-03-06 16:57:38,1.751125
2025-03-06 16:58:08,1.751125
2025-03-06 16:58:39,1.751125
2025-03-06 16:59:09,1.751125
2025-03-06 16:59:39,1.751125
2025-03-06 17:00:09,1.751125
2025-03-06 17:00:39,1.751125
2025-03-06 17:01:09,1.751125
2025-03-06 17:01:39,1.751125
2025-03-06 17:02:09,1.751125
2025-03-06 17:02:40,1.751125
2025-03-06 17:03:10,1.751125
2025-03-06 17:03:40,1.751125
2025-03-06 17:04:10,1.751125
2025-03-06 17:04:40,1.751125
2025-03-06 17:05:10,1.751125
2025-03-06 17:05:41,1.751125
2025-03-06 17:06:11,1.751125
2025-03-06 17:06:41,1.751125
2025-03-06 17:07:11,1.751125
2025-03-06 17:07:41,1.751125
2025-03-06 17:08:12,1.751125
2025-03-06 17:08:42,1.751125
2025-03-06 17:09:12,1.751125
2025-03-06 17:09:42,1.751125
2025-03-06 17:10:12,1.751125
2025-03-06 17:10:42,1.751125
2025-03-06 17:11:12,1.751125
2025-03-06 17:11:43,1.751125
2025-03-06 17:12:13,1.751125
2025-03-06 17:12:43,1.751125
2025-03-06 17:13:13,1.751125
2025-03-06 17:13:43,1.751125
2025-03-06 17:14:13,1.751125
2025-03-06 17:14:43,1.751125
2025-03-06 17:15:13,1.751125
2025-03-06 17:15:44,1.751125
2025-03-06 17:16:14,1.751125
2025-03-06 17:16:44,1.751125
2025-03-06 17:17:14,1.751125
2025-03-06 17:17:44,1.751125
2025-03-06 17:18:14,1.751125
2025-03-06 17:18:44,1.751125
2025-03-06 17:19:15,1.751125
2025-03-06 17:19:45,1.751125
2025-03-06 17:20:15,1.751125
2025-03-06 17:20:45,1.751125
2025-03-06 17:21:15,1.751125
2025-03-06 17:21:45,1.751125
2025-03-06 17:22:15,1.751125
2025-03-06 17:22:46,1.751125
2025-03-06 17:23:16,1.751125
2025-03-06 17:23:46,1.751125
2025-03-06 17:24:16,1.751125
2025-03-06 17:24:46,1.751125
2025-03-06 17:25:16,1.751125
2025-03-06 17:25:46,1.751125
2025-03-06 17:26:17,1.751125
2025-03-06 17:26:47,1.751125
2025-03-06 17:27:17,1.751125
2025-03-06 17:27:47,1.751125
2025-03-06 17:28:17,1.751125
2025-03-06 17:28:48,1.751125
2025-03-06 17:29:18,1.751125
2025-03-06 17:29:48,1.751125
2025-03-06 17:30:18,1.751125
2025-03-06 17:30:48,1.751125
2025-03-06 17:31:18,1.751125
2025-03-06 17:31:48,1.751125
2025-03-06 17:32:19,1.751125
2025-03-06 17:32:49,1.751125
2025-03-06 17:33:19,1.751125
2025-03-06 17:33:49,1.751125
2025-03-06 17:34:19,1.751125
2025-03-06 17:34:49,1.751125
2025-03-06 17:35:19,1.751125
2025-03-06 17:35:50,1.751125
2025-03-06 17:36:20,1.751125
2025-03-06 17:36:50,1.751125
2025-03-06 17:37:20,1.751125
2025-03-06 17:37:50,1.751125
2025-03-06 17:38:20,1.751125
2025-03-06 17:38:50,1.751125
2025-03-06 17:39:21,1.751125
2025-03-06 17:39:51,1.751125
2025-03-06 17:40:21,1.751125
2025-03-06 17:40:51,1.751125
2025-03-06 17:41:21,1.751125
2025-03-06 17:41:51,1.751125
2025-03-06 17:42:22,1.751125
2025-03-06 17:42:52,1.751125
2025-03-06 17:43:22,1.751125
2025-03-06 17:43:52,1.751125
2025-03-06 17:44:22,1.751125
2025-03-06 17:44:52,1.751125
2025-03-06 17:45:22,1.751125
2025-03-06 17:45:53,1.751125
2025-03-06 17:46:23,1.751125
2025-03-06 17:46:53,1.751125
2025-03-06 17:47:23,1.751125
2025-03-06 17:47:53,1.751125
2025-03-06 17:48:23,1.751125
2025-03-06 17:48:53,1.751125
2025-03-06 17:49:24,1.751125
2025-03-06 17:49:54,1.751125
2025-03-06 17:50:24,1.751125
2025-03-06 17:50:54,1.751125
2025-03-06 17:51:24,1.751125
2025-03-06 17:51:54,1.751125
2025-03-06 17:52:24,1.751125
2025-03-06 17:52:55,1.751125
2025-03-06 17:53:25,1.751125
2025-03-06 17:53:55,1.751125
2025-03-06 17:54:25,1.751125
2025-03-06 17:54:55,1.751125
2025-03-06 17:55:25,1.751125
2025-03-06 17:55:55,1.751125
2025-03-06 17:56:26,1.751125
2025-03-06 17:56:56,1.751125
2025-03-06 17:57:26,1.751125
2025-03-06 17:57:56,1.751125
2025-03-06 17:58:26,1.751125
2025-03-06 17:58:57,1.751125
2025-03-06 17:59:27,1.751125
2025-03-06 17:59:57,1.751125
2025-03-06 18:00:27,1.751125
2025-03-06 18:00:57,1.751125
2025-03-06 18:01:27,1.751125
2025-03-06 18:01:57,1.751125
2025-03-06 18:02:28,1.751125
2025-03-06 18:02:58,1.751125
2025-03-06 18:03:28,1.751125
2025-03-06 18:03:58,1.751125
2025-03-06 18:04:28,1.751125
2025-03-06 18:04:58,1.751125
2025-03-06 18:05:28,1.751125
2025-03-06 18:05:59,1.751125
2025-03-06 18:06:29,1.751125
2025-03-06 18:06:59,1.751125
2025-03-06 18:07:29,1.751125
2025-03-06 18:07:59,1.751125
2025-03-06 18:08:29,1.751125
2025-03-06 18:08:59,1.751125
2025-03-06 18:09:30,1.751125
2025-03-06 18:10:00,1.751125
2025-03-06 18:10:30,1.751125
2025-03-06 18:11:00,1.751125
2025-03-06 18:11:30,1.751125
2025-03-06 18:12:00,1.751125
2025-03-06 18:12:31,1.751125
2025-03-06 18:13:01,1.751125
2025-03-06 18:13:31,1.751125
2025-03-06 18:14:01,1.751125
2025-03-06 18:14:31,1.751125
2025-03-06 18:15:01,1.751125
2025-03-06 18:15:31,1.751125
2025-03-06 18:16:02,1.751125
2025-03-06 18:16:32,1.751125
2025-03-06 18:17:02,1.751125
2025-03-06 18:17:32,1.751125
2025-03-06 18:18:02,1.751125
2025-03-06 18:18:32,1.751125
2025-03-06 18:19:03,1.751125
2025-03-06 18:19:33,1.751125
2025-03-06 18:20:03,1.751125
2025-03-06 18:20:33,1.751125
2025-03-06 18:21:03,1.751125
2025-03-06 18:21:33,1.751125
2025-03-06 18:22:03,1.751125
2025-03-06 18:22:34,1.751125
2025-03-06 18:23:04,1.751125
2025-03-06 18:23:34,1.751125
2025-03-06 18:24:04,1.751125
2025-03-06 18:24:34,1.751125
2025-03-06 18:25:04,1.751125
2025-03-06 18:25:34,1.751125
2025-03-06 18:26:05,1.751125
2025-03-06 18:26:35,1.751125
2025-03-06 18:27:05,1.751125
2025-03-06 18:27:35,1.751125
2025-03-06 18:28:05,1.751125
2025-03-06 18:28:35,1.751125
2025-03-06 18:29:05,1.751125
2025-03-06 18:29:36,1.751125
2025-03-06 18:30:06,1.751125
2025-03-06 18:30:36,1.751125
2025-03-06 18:31:06,1.751125
2025-03-06 18:31:36,1.751125
2025-03-06 18:32:06,1.751125
2025-03-06 18:32:37,1.751125
2025-03-06 18:33:07,1.751125
2025-03-06 18:33:37,1.751125
2025-03-06 18:34:07,1.751125
2025-03-06 18:34:37,1.751125
2025-03-06 18:35:07,1.751125
2025-03-06 18:35:37,1.751125
2025-03-06 18:36:08,1.751125
2025-03-06 18:36:38,1.751125
2025-03-06 18:37:08,1.751125
2025-03-06 18:37:38,1.751125
2025-03-06 18:38:08,1.751125
2025-03-06 18:38:38,1.751125
2025-03-06 18:39:08,1.751125
2025-03-06 18:39:38,1.751125
2025-03-06 18:40:09,1.751125
2025-03-06 18:40:39,1.751125
2025-03-06 18:41:09,1.751125
2025-03-06 18:41:39,1.751125
2025-03-06 18:42:09,1.751125
2025-03-06 18:42:40,1.751125
2025-03-06 18:43:10,1.751125
2025-03-06 18:43:40,1.751125
2025-03-06 18:44:10,1.751125
2025-03-06 18:44:40,1.751125
2025-03-06 18:45:10,1.751125
2025-03-06 18:45:40,1.751125
2025-03-06 18:46:11,1.751125
2025-03-06 18:46:41,1.751125
2025-03-06 18:47:11,1.751125
2025-03-06 18:47:41,1.751125
2025-03-06 18:48:11,1.751125
2025-03-06 18:48:41,1.751125
2025-03-06 18:49:11,1.751125
2025-03-06 18:49:42,1.751125
2025-03-06 18:50:12,1.751125
2025-03-06 18:50:42,1.751125
2025-03-06 18:51:12,1.751125
2025-03-06 18:51:42,1.751125
2025-03-06 18:52:12,1.751125
2025-03-06 18:52:42,1.751125
2025-03-06 18:53:12,1.751125
2025-03-06 18:53:43,1.751125
2025-03-06 18:54:13,1.751125
2025-03-06 18:54:43,1.751125
2025-03-06 18:55:13,1.751125
2025-03-06 18:55:43,1.751125
2025-03-06 18:56:13,1.751125
2025-03-06 18:56:43,1.751125
2025-03-06 18:57:14,1.751125
2025-03-06 18:57:44,1.751125
2025-03-06 18:58:14,1.751125
2025-03-06 18:58:44,1.751125
2025-03-06 18:59:14,1.751125
2025-03-06 18:59:44,1.751125
2025-03-06 19:00:14,1.751125
2025-03-06 19:00:45,1.751125
2025-03-06 19:01:15,1.751125
2025-03-06 19:01:45,1.751125
2025-03-06 19:02:15,1.751125
2025-03-06 19:02:45,1.751125
2025-03-06 19:03:15,1.751125
2025-03-06 19:03:46,1.751125
2025-03-06 19:04:16,1.751125
2025-03-06 19:04:46,1.751125
2025-03-06 19:05:16,1.751125
2025-03-06 19:05:46,1.751125
2025-03-06 19:06:17,1.751125
2025-03-06 19:06:47,1.751125
2025-03-06 19:07:17,1.751125
2025-03-06 19:07:47,1.751125
2025-03-06 19:08:17,1.751125
2025-03-06 19:08:47,1.751125
2025-03-06 19:09:18,1.751125
2025-03-06 19:09:48,1.751125
2025-03-06 19:10:18,1.751125
2025-03-06 19:10:48,1.751125
2025-03-06 19:11:18,1.751125
2025-03-06 19:11:49,1.751125
2025-03-06 19:12:19,1.751125
2025-03-06 19:12:49,1.751125
2025-03-06 19:13:19,1.751125
2025-03-06 19:13:49,1.751125
2025-03-06 19:14:19,1.751125
2025-03-06 19:14:49,1.751125
2025-03-06 19:15:20,1.751125
2025-03-06 19:15:50,1.751125
2025-03-06 19:16:20,1.751125
2025-03-06 19:16:50,1.751125
2025-03-06 19:17:20,1.751125
2025-03-06 19:17:51,1.751125
2025-03-06 19:18:21,1.751125
2025-03-06 19:18:51,1.751125
2025-03-06 19:19:21,1.751125
2025-03-06 19:19:51,1.751125
2025-03-06 19:20:21,1.751125
2025-03-06 19:20:51,1.751125
2025-03-06 19:21:21,1.751125
2025-03-06 19:21:52,1.751125
2025-03-06 19:22:22,1.751125
2025-03-06 19:22:52,1.751125
2025-03-06 19:23:22,1.751125
2025-03-06 19:23:52,1.751125
2025-03-06 19:24:22,1.751125
2025-03-06 19:24:53,1.751125
2025-03-06 19:25:23,1.751125
2025-03-06 19:25:53,1.751125
2025-03-06 19:26:23,1.751125
2025-03-06 19:26:53,1.751125
2025-03-06 19:27:23,1.751125
2025-03-06 19:27:53,1.751125
2025-03-06 19:28:24,1.751125
2025-03-06 19:28:54,1.751125
2025-03-06 19:29:24,1.751125
2025-03-06 19:29:54,1.751125
2025-03-06 19:30:24,1.751125
2025-03-06 19:30:54,1.751125
2025-03-06 19:31:25,1.751125
2025-03-06 19:31:55,1.751125
2025-03-06 19:32:25,1.751125
2025-03-06 19:32:55,1.751125
2025-03-06 19:33:25,1.751125
2025-03-06 19:33:55,1.751125
2025-03-06 19:34:25,1.751125
2025-03-06 19:34:56,1.751125
2025-03-06 19:35:26,1.751125
2025-03-06 19:35:56,1.751125
2025-03-06 19:36:26,1.751125
2025-03-06 19:36:56,1.751125
2025-03-06 19:37:26,1.751125
2025-03-06 19:37:56,1.751125
2025-03-06 19:38:26,1.751125
2025-03-06 19:38:57,1.751125
2025-03-06 19:39:27,1.751125
2025-03-06 19:39:57,1.751125
2025-03-06 19:40:27,1.751125
2025-03-06 19:40:57,1.751125
2025-03-06 19:41:27,1.751125
2025-03-06 19:41:57,1.751125
2025-03-06 19:42:28,1.751125
2025-03-06 19:42:58,1.751125
2025-03-06 19:43:28,1.751125
2025-03-06 19:43:58,1.751125
2025-03-06 19:44:28,1.751125
2025-03-06 19:44:58,1.751125
2025-03-06 19:45:28,1.751125
2025-03-06 19:45:59,1.751125
2025-03-06 19:46:29,1.751125
2025-03-06 19:46:59,1.751125
2025-03-06 19:47:29,1.751125
2025-03-06 19:47:59,1.751125
2025-03-06 19:48:29,1.751125
2025-03-06 19:49:00,1.751125
2025-03-06 19:49:30,1.751125
2025-03-06 19:50:00,1.751125
2025-03-06 19:50:30,1.751125
2025-03-06 19:51:00,1.751125
2025-03-06 19:51:30,1.751125
2025-03-06 19:52:00,1.751125
2025-03-06 19:52:31,1.751125
2025-03-06 19:53:01,1.751125
2025-03-06 19:53:31,1.751125
2025-03-06 19:54:01,1.751125
2025-03-06 19:54:31,1.751125
2025-03-06 19:55:01,1.751125
2025-03-06 19:55:31,1.751125
2025-03-06 19:56:02,1.751125
2025-03-06 19:56:32,1.751125
2025-03-06 19:57:02,1.751125
2025-03-06 19:57:32,1.751125
2025-03-06 19:58:02,1.751125
2025-03-06 19:58:32,1.751125
2025-03-06 19:59:02,1.751125
2025-03-06 19:59:33,1.751125
2025-03-06 20:00:03,1.751125
2025-03-06 20:00:33,1.751125
2025-03-06 20:01:03,1.751125
2025-03-06 20:01:33,1.751125
2025-03-06 20:02:03,1.751125
2025-03-06 20:02:34,1.751125
2025-03-06 20:03:04,1.751125
2025-03-06 20:03:34,1.751125
2025-03-06 20:04:04,1.751125
2025-03-06 20:04:34,1.751125
2025-03-06 20:05:04,1.751125
2025-03-06 20:05:35,1.751125
2025-03-06 20:06:05,1.751125
2025-03-06 20:06:35,1.751125
2025-03-06 20:07:05,1.751125
2025-03-06 20:07:35,1.751125
2025-03-06 20:08:05,1.751125
2025-03-06 20:08:35,1.751125
2025-03-06 20:09:06,1.751125
2025-03-06 20:09:36,1.751125
2025-03-06 20:10:06,1.751125
2025-03-06 20:10:36,1.751125
2025-03-06 20:11:06,1.751125
2025-03-06 20:11:36,1.751125
2025-03-06 20:12:06,1.751125
2025-03-06 20:12:37,1.751125
2025-03-06 20:13:07,1.751125
2025-03-06 20:13:37,1.751125
2025-03-06 20:14:07,1.751125
2025-03-06 20:14:37,1.751125
2025-03-06 20:15:07,1.751125
2025-03-06 20:15:37,1.751125
2025-03-06 20:16:08,1.751125
2025-03-06 20:16:38,1.751125
2025-03-06 20:17:08,1.751125
2025-03-06 20:17:38,1.751125
2025-03-06 20:18:08,1.751125
2025-03-06 20:18:38,1.751125
2025-03-06 20:19:09,1.751125
2025-03-06 20:19:39,1.751125
2025-03-06 20:20:09,1.751125
2025-03-06 20:20:39,1.751125
2025-03-06 20:21:09,1.751125
2025-03-06 20:21:39,1.751125
2025-03-06 20:22:09,1.751125
2025-03-06 20:22:40,1.751125
2025-03-06 20:23:10,1.751125
2025-03-06 20:23:40,1.751125
2025-03-06 20:24:10,1.751125
2025-03-06 20:24:40,1.751125
2025-03-06 20:25:10,1.751125
2025-03-06 20:25:40,1.751125
2025-03-06 20:26:11,1.751125
2025-03-06 20:26:41,1.751125
2025-03-06 20:27:11,1.751125
2025-03-06 20:27:41,1.751125
2025-03-06 20:28:11,1.751125
2025-03-06 20:28:41,1.751125
2025-03-06 20:29:11,1.751125
2025-03-06 20:29:41,1.751125
2025-03-06 20:30:12,1.751125
2025-03-06 20:30:42,1.751125
2025-03-06 20:31:12,1.751125
2025-03-06 20:31:42,1.751125
2025-03-06 20:32:12,1.751125
2025-03-06 20:32:43,1.751125
2025-03-06 20:33:13,1.751125
2025-03-06 20:33:43,1.751125
2025-03-06 20:34:13,1.751125
2025-03-06 20:34:43,1.751125
2025-03-06 20:35:13,1.751125
2025-03-06 20:35:43,1.751125
2025-03-06 20:36:14,1.751125
2025-03-06 20:36:44,1.751125
2025-03-06 20:37:14,1.751125
2025-03-06 20:37:44,1.751125
2025-03-06 20:38:14,1.751125
2025-03-06 20:38:44,1.751125
2025-03-06 20:39:15,1.751125
2025-03-06 20:39:45,1.751125
2025-03-06 20:40:15,1.751125
2025-03-06 20:40:45,1.751125
2025-03-06 20:41:15,1.751125
2025-03-06 20:41:45,1.751125
2025-03-06 20:42:15,1.751125
2025-03-06 20:42:46,1.751125
2025-03-06 20:43:16,1.751125
2025-03-06 20:43:46,1.751125
2025-03-06 20:44:16,1.751125
2025-03-06 20:44:46,1.751125
2025-03-06 20:45:16,1.751125
2025-03-06 20:45:46,1.751125
2025-03-06 20:46:17,1.751125
2025-03-06 20:46:47,1.751125
2025-03-06 20:47:17,1.751125
2025-03-06 20:47:47,1.751125
2025-03-06 20:48:17,1.751125
2025-03-06 20:48:47,1.751125
2025-03-06 20:49:17,1.751125
2025-03-06 20:49:48,1.751125
2025-03-06 20:50:18,1.751125
2025-03-06 20:50:48,1.751125
2025-03-06 20:51:18,1.751125
2025-03-06 20:51:48,1.751125
2025-03-06 20:52:18,1.751125
2025-03-06 20:52:49,1.751125
2025-03-06 20:53:19,1.751125
2025-03-06 20:53:49,1.751125
2025-03-06 20:54:19,1.751125
2025-03-06 20:54:49,1.751125
2025-03-06 20:55:19,1.751125
2025-03-06 20:55:49,1.751125
2025-03-06 20:56:20,1.751125
2025-03-06 20:56:50,1.751125
2025-03-06 20:57:20,1.751125
2025-03-06 20:57:50,1.751125
2025-03-06 20:58:20,1.751125
2025-03-06 20:58:50,1.751125
2025-03-06 20:59:20,1.751125
2025-03-06 20:59:51,1.751125
2025-03-06 21:00:21,1.751125
2025-03-06 21:00:51,1.751125
2025-03-06 21:01:21,1.751125
2025-03-06 21:01:51,1.751125
2025-03-06 21:02:21,1.751125
2025-03-06 21:02:52,1.751125
2025-03-06 21:03:22,1.751125
2025-03-06 21:03:52,1.751125
2025-03-06 21:04:22,1.751125
2025-03-06 21:04:52,1.751125
2025-03-06 21:05:22,1.751125
2025-03-06 21:05:52,1.751125
2025-03-06 21:06:23,1.751125
2025-03-06 21:06:53,1.751125
2025-03-06 21:07:23,1.751125
2025-03-06 21:07:53,1.751125
2025-03-06 21:08:23,1.751125
2025-03-06 21:08:53,1.751125
2025-03-06 21:09:24,1.751125
2025-03-06 21:09:54,1.751125
2025-03-06 21:10:24,1.751125
2025-03-06 21:10:54,1.751125
2025-03-06 21:11:24,1.751125
2025-03-06 21:11:54,1.751125
2025-03-06 21:12:24,1.751125
2025-03-06 21:12:55,1.751125
2025-03-06 21:13:25,1.751125
2025-03-06 21:13:55,1.751125
2025-03-06 21:14:25,1.751125
2025-03-06 21:14:55,1.751125
2025-03-06 21:15:25,1.751125
2025-03-06 21:15:56,1.751125
2025-03-06 21:16:26,1.751125
2025-03-06 21:16:56,1.751125
2025-03-06 21:17:26,1.751125
2025-03-06 21:17:56,1.751125
2025-03-06 21:18:26,1.751125
2025-03-06 21:18:56,1.751125
2025-03-06 21:19:27,1.751125
2025-03-06 21:19:57,1.751125
2025-03-06 21:20:27,1.751125
2025-03-06 21:20:57,1.751125
2025-03-06 21:21:27,1.751125
2025-03-06 21:21:58,1.751125
2025-03-06 21:22:28,1.751125
2025-03-06 21:22:58,1.751125
2025-03-06 21:23:28,1.751125
2025-03-06 21:23:58,1.751125
2025-03-06 21:24:28,1.751125
2025-03-06 21:24:58,1.751125
2025-03-06 21:25:29,1.751125
2025-03-06 21:25:59,1.751125
2025-03-06 21:26:29,1.751125
2025-03-06 21:26:59,1.751125
2025-03-06 21:27:29,1.751125
2025-03-06 21:27:59,1.751125
2025-03-06 21:28:30,1.751125
2025-03-06 21:29:00,1.751125
2025-03-06 21:29:30,1.751125
2025-03-06 21:30:00,1.751125
2025-03-06 21:30:30,1.751125
2025-03-06 21:31:00,1.751125
2025-03-06 21:31:30,1.751125
2025-03-06 21:32:01,1.751125
2025-03-06 21:32:31,1.751125
2025-03-06 21:33:01,1.751125
2025-03-06 21:33:31,1.751125
2025-03-06 21:34:01,1.751125
2025-03-06 21:34:31,1.751125
2025-03-06 21:35:01,1.751125
2025-03-06 21:35:32,1.751125
2025-03-06 21:36:02,1.751125
2025-03-06 21:36:32,1.751125
2025-03-06 21:37:07,1.751125
2025-03-06 21:37:37,1.751125
2025-03-06 21:38:08,1.751125
2025-03-06 21:38:38,1.751125
2025-03-06 21:39:08,1.751125
2025-03-06 21:39:38,1.751125
2025-03-06 21:40:08,1.751125
2025-03-06 21:40:38,1.751125
2025-03-06 21:41:08,1.751125
2025-03-06 21:41:39,1.751125
2025-03-06 21:42:09,1.751125
2025-03-06 21:42:39,1.751125
2025-03-06 21:43:09,1.751125
2025-03-06 21:43:39,1.751125
2025-03-06 21:44:09,1.751125
2025-03-06 21:44:39,1.751125
2025-03-06 21:45:10,1.751125
2025-03-06 21:45:40,1.751125
2025-03-06 21:46:10,1.751125
2025-03-06 21:46:40,1.751125
2025-03-06 21:47:10,1.751125
2025-03-06 21:47:40,1.751125
2025-03-06 21:48:10,1.751125
2025-03-06 21:48:41,1.751125
2025-03-06 21:49:11,1.751125
2025-03-06 21:49:41,1.751125
2025-03-06 21:50:11,1.751125
2025-03-06 21:50:41,1.751125
2025-03-06 21:51:11,1.751125
2025-03-06 21:51:41,1.751125
2025-03-06 21:52:12,1.751125
2025-03-06 21:52:42,1.751125
2025-03-06 21:53:12,1.751125
2025-03-06 21:53:42,1.751125
2025-03-06 21:54:12,1.751125
2025-03-06 21:54:42,1.751125
2025-03-06 21:55:12,1.751125
2025-03-06 21:55:43,1.751125
2025-03-06 21:56:13,1.751125
2025-03-06 21:56:43,1.751125
2025-03-06 21:57:13,1.751125
2025-03-06 21:57:43,1.751125
2025-03-06 21:58:13,1.751125
2025-03-06 21:58:43,1.751125
2025-03-06 21:59:14,1.751125
2025-03-06 21:59:44,1.751125
2025-03-06 22:00:14,1.751125
2025-03-06 22:00:44,1.751125
2025-03-06 22:01:14,1.751125
2025-03-06 22:01:44,1.751125
2025-03-06 22:02:14,1.751125
2025-03-06 22:02:45,1.751125
2025-03-06 22:03:15,1.751125
2025-03-06 22:03:45,1.751125
2025-03-06 22:04:15,1.751125
2025-03-06 22:04:45,1.751125
2025-03-06 22:05:15,1.751125
2025-03-06 22:05:46,1.751125
2025-03-06 22:06:16,1.751125
2025-03-06 22:06:46,1.751125
2025-03-06 22:07:16,1.751125
2025-03-06 22:07:46,1.751125
2025-03-06 22:08:16,1.751125
2025-03-06 22:08:46,1.751125
2025-03-06 22:09:16,1.751125
2025-03-06 22:09:47,1.751125
2025-03-06 22:10:17,1.751125
2025-03-06 22:10:47,1.751125
2025-03-06 22:11:17,1.751125
2025-03-06 22:11:47,1.751125
2025-03-06 22:12:18,1.751125
2025-03-06 22:12:48,1.751125
2025-03-06 22:13:18,1.751125
2025-03-06 22:13:48,1.751125
2025-03-06 22:14:18,1.751125
2025-03-06 22:14:48,1.751125
2025-03-06 22:15:18,1.751125
2025-03-06 22:15:49,1.751125
2025-03-06 22:16:19,1.751125
2025-03-06 22:16:49,1.751125
2025-03-06 22:17:19,1.751125
2025-03-06 22:17:49,1.751125
2025-03-06 22:18:19,1.751125
2025-03-06 22:18:49,1.751125
2025-03-06 22:19:20,1.751125
2025-03-06 22:19:50,1.751125
2025-03-06 22:20:20,1.751125
2025-03-06 22:20:50,1.751125
2025-03-06 22:21:20,1.751125
2025-03-06 22:21:50,1.751125
2025-03-06 22:22:20,1.751125
2025-03-06 22:22:51,1.751125
2025-03-06 22:23:21,1.751125
2025-03-06 22:23:51,1.751125
2025-03-06 22:24:21,1.751125
2025-03-06 22:24:51,1.751125
2025-03-06 22:25:21,1.751125
2025-03-06 22:25:51,1.751125
2025-03-06 22:26:22,1.751125
2025-03-06 22:26:52,1.751125
2025-03-06 22:27:22,1.751125
2025-03-06 22:27:52,1.751125
2025-03-06 22:28:22,1.751125
2025-03-06 22:28:52,1.751125
2025-03-06 22:29:23,1.751125
2025-03-06 22:29:53,1.751125
2025-03-06 22:30:23,1.751125
2025-03-06 22:30:53,1.751125
2025-03-06 22:31:23,1.751125
2025-03-06 22:31:53,1.751125
2025-03-06 22:32:23,1.751125
2025-03-06 22:32:54,1.751125
2025-03-06 22:33:24,1.751125
2025-03-06 22:33:54,1.751125
2025-03-06 22:34:24,1.751125
2025-03-06 22:34:54,1.751125
2025-03-06 22:35:24,1.751125
2025-03-06 22:35:54,1.751125
2025-03-06 22:36:25,1.751125
2025-03-06 22:36:55,1.751125
2025-03-06 22:37:25,1.751125
2025-03-06 22:37:55,1.751125
2025-03-06 22:38:25,1.751125
2025-03-06 22:38:55,1.751125
2025-03-06 22:39:25,1.751125
2025-03-06 22:39:56,1.751125
2025-03-06 22:40:26,1.751125
2025-03-06 22:40:56,1.751125
2025-03-06 22:41:26,1.751125
2025-03-06 22:41:56,1.751125
2025-03-06 22:42:26,1.751125
2025-03-06 22:42:57,1.751125
2025-03-06 22:43:27,1.751125
2025-03-06 22:43:57,1.751125
2025-03-06 22:44:27,1.751125
2025-03-06 22:44:57,1.751125
2025-03-06 22:45:27,1.751125
2025-03-06 22:45:57,1.751125
2025-03-06 22:46:28,1.751125
2025-03-06 22:46:58,1.751125
2025-03-06 22:47:28,1.751125
2025-03-06 22:47:58,1.751125
2025-03-06 22:48:28,1.751125
2025-03-06 22:48:58,1.751125
2025-03-06 22:49:28,1.751125
2025-03-06 22:49:59,1.751125
2025-03-06 22:50:29,1.751125
2025-03-06 22:50:59,1.751125
2025-03-06 22:51:29,1.751125
2025-03-06 22:51:59,1.751125
2025-03-06 22:52:29,1.751125
2025-03-06 22:52:59,1.751125
2025-03-06 22:53:30,1.751125
2025-03-06 22:54:00,1.751125
2025-03-06 22:54:30,1.751125
2025-03-06 22:55:00,1.751125
2025-03-06 22:55:30,1.751125
2025-03-06 22:56:00,1.751125
2025-03-06 22:56:31,1.751125
2025-03-06 22:57:01,1.751125
2025-03-06 22:57:31,1.751125
2025-03-06 22:58:01,1.751125
2025-03-06 22:58:31,1.751125
2025-03-06 22:59:01,1.751125
2025-03-06 22:59:31,1.751125
2025-03-06 23:00:02,1.751125
2025-03-06 23:00:32,1.751125
2025-03-06 23:01:02,1.751125
2025-03-06 23:01:32,1.751125
2025-03-06 23:02:02,1.751125
2025-03-06 23:02:32,1.751125
2025-03-06 23:03:02,1.751125
2025-03-06 23:03:33,1.751125
2025-03-06 23:04:03,1.751125
2025-03-06 23:04:33,1.751125
2025-03-06 23:05:03,1.751125
2025-03-06 23:05:33,1.751125
2025-03-06 23:06:03,1.751125
2025-03-06 23:06:33,1.751125
2025-03-06 23:07:04,1.751125
2025-03-06 23:07:34,1.751125
2025-03-06 23:08:04,1.751125
2025-03-06 23:08:34,1.751125
2025-03-06 23:09:04,1.751125
2025-03-06 23:09:34,1.751125
2025-03-06 23:10:04,1.751125
2025-03-06 23:10:35,1.751125
2025-03-06 23:11:05,1.751125
2025-03-06 23:11:35,1.751125
2025-03-06 23:12:05,1.751125
2025-03-06 23:12:35,1.751125
2025-03-06 23:13:05,1.751125
2025-03-06 23:13:35,1.751125
2025-03-06 23:14:06,1.751125
2025-03-06 23:14:36,1.751125
2025-03-06 23:15:06,1.751125
2025-03-06 23:15:36,1.751125
2025-03-06 23:16:06,1.751125
2025-03-06 23:16:36,1.751125
2025-03-06 23:17:06,1.751125
2025-03-06 23:17:37,1.751125
2025-03-06 23:18:07,1.751125
2025-03-06 23:18:37,1.751125
2025-03-06 23:19:07,1.751125
2025-03-06 23:19:37,1.751125
2025-03-06 23:20:07,1.751125
2025-03-06 23:20:37,1.751125
2025-03-06 23:21:08,1.751125
2025-03-06 23:21:38,1.751125
2025-03-06 23:22:08,1.751125
2025-03-06 23:22:38,1.751125
2025-03-06 23:23:08,1.751125
2025-03-06 23:23:38,1.751125
2025-03-06 23:24:08,1.751125
2025-03-06 23:24:38,1.751125
2025-03-06 23:25:09,1.751125
2025-03-06 23:25:39,1.751125
2025-03-06 23:26:09,1.751125
2025-03-06 23:26:39,1.751125
2025-03-06 23:27:09,1.751125
2025-03-06 23:27:39,1.751125
2025-03-06 23:28:09,1.751125
2025-03-06 23:28:39,1.751125
2025-03-06 23:29:10,1.751125
2025-03-06 23:29:40,1.751125
2025-03-06 23:30:10,1.751125
2025-03-06 23:30:40,1.751125
2025-03-06 23:31:10,1.751125
2025-03-06 23:31:40,1.751125
2025-03-06 23:32:11,1.751125
2025-03-06 23:32:41,1.751125
2025-03-06 23:33:11,1.751125
2025-03-06 23:33:41,1.751125
2025-03-06 23:34:11,1.751125
2025-03-06 23:34:41,1.751125
2025-03-06 23:35:11,1.751125
2025-03-06 23:35:42,1.751125
2025-03-06 23:36:12,1.751125
2025-03-06 23:36:42,1.751125
2025-03-06 23:37:12,1.751125
2025-03-06 23:37:42,1.751125
2025-03-06 23:38:12,1.751125
2025-03-06 23:38:42,1.751125
2025-03-06 23:39:13,1.751125
2025-03-06 23:39:43,1.751125
2025-03-06 23:40:13,1.751125
2025-03-06 23:40:43,1.751125
2025-03-06 23:41:13,1.751125
2025-03-06 23:41:43,1.751125
2025-03-06 23:42:13,1.751125
2025-03-06 23:42:44,1.751125
2025-03-06 23:43:14,1.751125
2025-03-06 23:43:44,1.751125
2025-03-06 23:44:14,1.751125
2025-03-06 23:44:44,1.751125
2025-03-06 23:45:14,1.751125
2025-03-06 23:45:44,1.751125
2025-03-06 23:46:14,1.751125
2025-03-06 23:46:45,1.751125
2025-03-06 23:47:15,1.751125
2025-03-06 23:47:45,1.751125
2025-03-06 23:48:15,1.751125
2025-03-06 23:48:45,1.751125
2025-03-06 23:49:15,1.751125
2025-03-06 23:49:45,1.751125
2025-03-06 23:50:16,1.751125
2025-03-06 23:50:46,1.751125
2025-03-06 23:51:16,1.751125
2025-03-06 23:51:46,1.751125
2025-03-06 23:52:16,1.751125
2025-03-06 23:52:46,1.751125
2025-03-06 23:53:17,1.751125
2025-03-06 23:53:47,1.751125
2025-03-06 23:54:17,1.751125
2025-03-06 23:54:47,1.751125
2025-03-06 23:55:17,1.751125
2025-03-06 23:55:47,1.751125
2025-03-06 23:56:17,1.751125
2025-03-06 23:56:48,1.751125
2025-03-06 23:57:18,1.751125
2025-03-06 23:57:48,1.751125
2025-03-06 23:58:18,1.751125
2025-03-06 23:58:48,1.751125
2025-03-06 23:59:18,1.751125
2025-03-06 23:59:48,1.751125
2025-03-07 00:00:19,1.751125
2025-03-07 00:00:49,1.751125
2025-03-07 00:01:19,1.751125
2025-03-07 00:01:49,1.751125
2025-03-07 00:02:19,1.751125
2025-03-07 00:02:49,1.751125
2025-03-07 00:03:19,1.751125
2025-03-07 00:03:50,1.751125
2025-03-07 00:04:20,1.751125
2025-03-07 00:04:50,1.751125
2025-03-07 00:05:20,1.751125
2025-03-07 00:05:50,1.751125
2025-03-07 00:06:21,1.751125
2025-03-07 00:06:51,1.751125
2025-03-07 00:07:21,1.751125
2025-03-07 00:07:51,1.751125
2025-03-07 00:08:21,1.751125
2025-03-07 00:08:51,1.751125
2025-03-07 00:09:22,1.751125
2025-03-07 00:09:52,1.751125
2025-03-07 00:10:22,1.751125
2025-03-07 00:10:52,1.751125
2025-03-07 00:11:22,1.751125
2025-03-07 00:11:52,1.751125
2025-03-07 00:12:22,1.751125
2025-03-07 00:12:52,1.751125
2025-03-07 00:13:23,1.751125
2025-03-07 00:13:53,1.751125
2025-03-07 00:14:23,1.751125
2025-03-07 00:14:53,1.751125
2025-03-07 00:15:23,1.751125
2025-03-07 00:15:53,1.751125
2025-03-07 00:16:24,1.751125
2025-03-07 00:16:54,1.751125
2025-03-07 00:17:24,1.751125
2025-03-07 00:17:54,1.751125
2025-03-07 00:18:24,1.751125
2025-03-07 00:18:54,1.751125
2025-03-07 00:19:24,1.751125
2025-03-07 00:19:54,1.751125
2025-03-07 00:20:25,1.751125
2025-03-07 00:20:55,1.751125
2025-03-07 00:21:25,1.751125
2025-03-07 00:21:55,1.751125
2025-03-07 00:22:25,1.751125
2025-03-07 00:22:56,1.751125
2025-03-07 00:23:26,1.751125
2025-03-07 00:23:56,1.751125
2025-03-07 00:24:26,1.751125
2025-03-07 00:24:56,1.751125
2025-03-07 00:25:26,1.751125
2025-03-07 00:25:57,1.751125
2025-03-07 00:26:27,1.751125
2025-03-07 00:26:57,1.751125
2025-03-07 00:27:27,1.751125
2025-03-07 00:27:57,1.751125
2025-03-07 00:28:27,1.751125
2025-03-07 00:28:57,1.751125
2025-03-07 00:29:28,1.751125
2025-03-07 00:29:58,1.751125
2025-03-07 00:30:28,1.751125
2025-03-07 00:30:58,1.751125
2025-03-07 00:31:28,1.751125
2025-03-07 00:31:58,1.751125
2025-03-07 00:32:28,1.751125
2025-03-07 00:32:59,1.751125
2025-03-07 00:33:29,1.751125
2025-03-07 00:33:59,1.751125
2025-03-07 00:34:29,1.751125
2025-03-07 00:34:59,1.751125
2025-03-07 00:35:29,1.751125
2025-03-07 00:35:59,1.751125
2025-03-07 00:36:30,1.751125
2025-03-07 00:37:00,1.751125
2025-03-07 00:37:30,1.751125
2025-03-07 00:38:00,1.751125
2025-03-07 00:38:30,1.751125
2025-03-07 00:39:00,1.751125
2025-03-07 00:39:31,1.751125
2025-03-07 00:40:01,1.751125
2025-03-07 00:40:31,1.751125
2025-03-07 00:41:01,1.751125
2025-03-07 00:41:31,1.751125
2025-03-07 00:42:01,1.751125
2025-03-07 00:42:31,1.751125
2025-03-07 00:43:01,1.751125
2025-03-07 00:43:32,1.751125
2025-03-07 00:44:02,1.751125
2025-03-07 00:44:32,1.751125
2025-03-07 00:45:02,1.751125
2025-03-07 00:45:32,1.751125
2025-03-07 00:46:02,1.751125
2025-03-07 00:46:33,1.751125
2025-03-07 00:47:03,1.751125
2025-03-07 00:47:33,1.751125
2025-03-07 00:48:03,1.751125
2025-03-07 00:48:33,1.751125
2025-03-07 00:49:03,1.751125
2025-03-07 00:49:33,1.751125
2025-03-07 00:50:03,1.751125
2025-03-07 00:50:34,1.751125
2025-03-07 00:51:04,1.751125
2025-03-07 00:51:34,1.751125
2025-03-07 00:52:04,1.751125
2025-03-07 00:52:34,1.751125
2025-03-07 00:53:05,1.751125
2025-03-07 00:53:35,1.751125
2025-03-07 00:54:05,1.751125
2025-03-07 00:54:35,1.751125
2025-03-07 00:55:05,1.751125
2025-03-07 00:55:35,1.751125
2025-03-07 00:56:05,1.751125
2025-03-07 00:56:35,1.751125
2025-03-07 00:57:06,1.751125
2025-03-07 00:57:36,1.751125
2025-03-07 00:58:06,1.751125
2025-03-07 00:58:36,1.751125
2025-03-07 00:59:06,1.751125
2025-03-07 00:59:36,1.751125
2025-03-07 01:00:06,1.751125
2025-03-07 01:00:37,1.751125
2025-03-07 01:01:07,1.751125
2025-03-07 01:01:37,1.751125
2025-03-07 01:02:07,1.751125
2025-03-07 01:02:37,1.751125
2025-03-07 01:03:07,1.751125
2025-03-07 01:03:37,1.751125
2025-03-07 01:04:08,1.751125
2025-03-07 01:04:38,1.751125
2025-03-07 01:05:08,1.751125
2025-03-07 01:05:38,1.751125
2025-03-07 01:06:08,1.751125
2025-03-07 01:06:38,1.742944
2025-03-07 01:07:09,1.742944
2025-03-07 01:07:39,1.742944
2025-03-07 01:08:09,1.742944
2025-03-07 01:08:39,1.742944
2025-03-07 01:09:09,1.742944
2025-03-07 01:09:40,1.742944
2025-03-07 01:10:10,1.742944
2025-03-07 01:10:40,1.742944
2025-03-07 01:11:10,1.742944
2025-03-07 01:11:40,1.742944
2025-03-07 01:12:10,1.742944
2025-03-07 01:12:40,1.742944
2025-03-07 01:13:11,1.742944
2025-03-07 01:13:41,1.742944
2025-03-07 01:14:11,1.742944
2025-03-07 01:14:41,1.742944
2025-03-07 01:15:11,1.742944
2025-03-07 01:15:41,1.742944
2025-03-07 01:16:11,1.742944
2025-03-07 01:16:41,1.742944
2025-03-07 01:17:12,1.742944
2025-03-07 01:17:42,1.742944
2025-03-07 01:18:12,1.742944
2025-03-07 01:18:42,1.742944
2025-03-07 01:19:12,1.742944
2025-03-07 01:19:42,1.742944
2025-03-07 01:20:13,1.742944
2025-03-07 01:20:43,1.742944
2025-03-07 01:21:13,1.742944
2025-03-07 01:21:43,1.742944
2025-03-07 01:22:13,1.742944
2025-03-07 01:22:43,1.742944
2025-03-07 01:23:14,1.742944
2025-03-07 01:23:44,1.742944
2025-03-07 01:24:14,1.742944
2025-03-07 01:24:44,1.742944
2025-03-07 01:25:14,1.742944
2025-03-07 01:25:44,1.742944
2025-03-07 01:26:14,1.742944
2025-03-07 01:26:45,1.742944
2025-03-07 01:27:15,1.742944
2025-03-07 01:27:45,1.742944
2025-03-07 01:28:15,1.742944
2025-03-07 01:28:45,1.742944
2025-03-07 01:29:15,1.742944
2025-03-07 01:29:46,1.742944
2025-03-07 01:30:16,1.742944
2025-03-07 01:30:46,1.742944
2025-03-07 01:31:16,1.742944
2025-03-07 01:31:46,1.742944
2025-03-07 01:32:16,1.742944
2025-03-07 01:32:46,1.742944
2025-03-07 01:33:17,1.742944
2025-03-07 01:33:47,1.742944
2025-03-07 01:34:17,1.742944
2025-03-07 01:34:47,1.742944
2025-03-07 01:35:17,1.742944
2025-03-07 01:35:47,1.742944
2025-03-07 01:36:17,1.742944
2025-03-07 01:36:47,1.742944
2025-03-07 01:37:18,1.742944
2025-03-07 01:37:48,1.742944
2025-03-07 01:38:18,1.742944
2025-03-07 01:38:48,1.742944
2025-03-07 01:39:18,1.742944
2025-03-07 01:39:48,1.742944
2025-03-07 01:40:19,1.742944
2025-03-07 01:40:49,1.742944
2025-03-07 01:41:19,1.742944
2025-03-07 01:41:49,1.742944
2025-03-07 01:42:19,1.742944
2025-03-07 01:42:49,1.742944
2025-03-07 01:43:19,1.742944
2025-03-07 01:43:50,1.742944
2025-03-07 01:44:20,1.742944
2025-03-07 01:44:50,1.742944
2025-03-07 01:45:20,1.742944
2025-03-07 01:45:50,1.742944
2025-03-07 01:46:20,1.742944
2025-03-07 01:46:50,1.742944
2025-03-07 01:47:21,1.742944
2025-03-07 01:47:51,1.742944
2025-03-07 01:48:21,1.742944
2025-03-07 01:48:51,1.742944
2025-03-07 01:49:21,1.742944
2025-03-07 01:49:51,1.742944
2025-03-07 01:50:21,1.742944
2025-03-07 01:50:52,1.742944
2025-03-07 01:51:22,1.742944
2025-03-07 01:51:52,1.742944
2025-03-07 01:52:22,1.742944
2025-03-07 01:52:52,1.742944
2025-03-07 01:53:22,1.742944
2025-03-07 01:53:52,1.742944
2025-03-07 01:54:23,1.742944
2025-03-07 01:54:53,1.742944
2025-03-07 01:55:23,1.742944
2025-03-07 01:55:53,1.742944
2025-03-07 01:56:23,1.742944
2025-03-07 01:56:53,1.742944
2025-03-07 01:57:24,1.742944
2025-03-07 01:57:54,1.742944
2025-03-07 01:58:24,1.742944
2025-03-07 01:58:54,1.742944
2025-03-07 01:59:24,1.742944
2025-03-07 01:59:54,1.742944
2025-03-07 02:00:25,1.742944
2025-03-07 02:00:55,1.742944
2025-03-07 02:01:25,1.742944
2025-03-07 02:01:55,1.742944
2025-03-07 02:02:25,1.742944
2025-03-07 02:02:55,1.742944
2025-03-07 02:03:25,1.742944
2025-03-07 02:03:56,1.742944
2025-03-07 02:04:26,1.742944
2025-03-07 02:04:56,1.742944
2025-03-07 02:05:26,1.742944
2025-03-07 02:05:56,1.742944
2025-03-07 02:06:26,1.742944
2025-03-07 02:06:56,1.742944
2025-03-07 02:07:27,1.742944
2025-03-07 02:07:57,1.742944
2025-03-07 02:08:27,1.742944
2025-03-07 02:08:57,1.742944
2025-03-07 02:09:27,1.742944
2025-03-07 02:09:57,1.742944
2025-03-07 02:10:28,1.742944
2025-03-07 02:10:58,1.742944
2025-03-07 02:11:28,1.742944
2025-03-07 02:11:58,1.742944
2025-03-07 02:12:28,1.742944
2025-03-07 02:12:58,1.742944
2025-03-07 02:13:29,1.742944
2025-03-07 02:13:59,1.742944
2025-03-07 02:14:29,1.742944
2025-03-07 02:14:59,1.742944
2025-03-07 02:15:29,1.742944
2025-03-07 02:15:59,1.742944
2025-03-07 02:16:30,1.742944
2025-03-07 02:17:00,1.742944
2025-03-07 02:17:30,1.742944
2025-03-07 02:18:00,1.742944
2025-03-07 02:18:30,1.742944
2025-03-07 02:19:00,1.742944
2025-03-07 02:19:30,1.742944
2025-03-07 02:20:01,1.742944
2025-03-07 02:20:31,1.742944
2025-03-07 02:21:01,1.742944
2025-03-07 02:21:31,1.742944
2025-03-07 02:22:01,1.742944
2025-03-07 02:22:31,1.742944
2025-03-07 02:23:01,1.742944
2025-03-07 02:23:32,1.742944
2025-03-07 02:24:02,1.742944
2025-03-07 02:24:32,1.742944
2025-03-07 02:25:02,1.742944
2025-03-07 02:25:32,1.742944
2025-03-07 02:26:02,1.742944
2025-03-07 02:26:33,1.742944
2025-03-07 02:27:03,1.742944
2025-03-07 02:27:33,1.742944
2025-03-07 02:28:03,1.742944
2025-03-07 02:28:33,1.742944
2025-03-07 02:29:03,1.742944
2025-03-07 02:29:33,1.742944
2025-03-07 02:30:04,1.742944
2025-03-07 02:30:34,1.742944
2025-03-07 02:31:04,1.742944
2025-03-07 02:31:34,1.742944
2025-03-07 02:32:04,1.742944
2025-03-07 02:32:34,1.742944
2025-03-07 02:33:05,1.742944
2025-03-07 02:33:35,1.742944
2025-03-07 02:34:05,1.742944
2025-03-07 02:34:35,1.742944
2025-03-07 02:35:05,1.742944
2025-03-07 02:35:35,1.742944
2025-03-07 02:36:05,1.742944
2025-03-07 02:36:36,1.742944
2025-03-07 02:37:06,1.742944
2025-03-07 02:37:36,1.742944
2025-03-07 02:38:06,1.742944
2025-03-07 02:38:36,1.742944
2025-03-07 02:39:06,1.742944
2025-03-07 02:39:36,1.742944
2025-03-07 02:40:07,1.742944
2025-03-07 02:40:37,1.742944
2025-03-07 02:41:07,1.742944
2025-03-07 02:41:37,1.742944
2025-03-07 02:42:07,1.742944
2025-03-07 02:42:38,1.742944
2025-03-07 02:43:08,1.742944
2025-03-07 02:43:38,1.742944
2025-03-07 02:44:08,1.742944
2025-03-07 02:44:38,1.742944
2025-03-07 02:45:08,1.742944
2025-03-07 02:45:38,1.742944
2025-03-07 02:46:08,1.742944
2025-03-07 02:46:39,1.742944
2025-03-07 02:47:09,1.742944
2025-03-07 02:47:39,1.742944
2025-03-07 02:48:09,1.742944
2025-03-07 02:48:39,1.742944
2025-03-07 02:49:09,1.742944
2025-03-07 02:49:40,1.742944
2025-03-07 02:50:10,1.742944
2025-03-07 02:50:40,1.742944
2025-03-07 02:51:10,1.742944
2025-03-07 02:51:40,1.742944
2025-03-07 02:52:10,1.742944
2025-03-07 02:52:40,1.742944
2025-03-07 02:53:10,1.742944
2025-03-07 02:53:41,1.742944
2025-03-07 02:54:11,1.742944
2025-03-07 02:54:41,1.742944
2025-03-07 02:55:11,1.742944
2025-03-07 02:55:41,1.742944
2025-03-07 02:56:11,1.742944
2025-03-07 02:56:42,1.742944
2025-03-07 02:57:12,1.742944
2025-03-07 02:57:42,1.742944
2025-03-07 02:58:12,1.742944
2025-03-07 02:58:42,1.742944
2025-03-07 02:59:12,1.742944
2025-03-07 02:59:42,1.742944
2025-03-07 03:00:13,1.742944
2025-03-07 03:00:43,1.742944
2025-03-07 03:01:13,1.742944
2025-03-07 03:01:43,1.742944
2025-03-07 03:02:13,1.742944
2025-03-07 03:02:43,1.742944
2025-03-07 03:03:13,1.742944
2025-03-07 03:03:44,1.742944
2025-03-07 03:04:14,1.742944
2025-03-07 03:04:44,1.742944
2025-03-07 03:05:14,1.742944
2025-03-07 03:05:44,1.742944
2025-03-07 03:06:14,1.742944
2025-03-07 03:06:44,1.742944
2025-03-07 03:07:15,1.742944
2025-03-07 03:07:45,1.742944
2025-03-07 03:08:15,1.742944
2025-03-07 03:08:45,1.742944
2025-03-07 03:09:15,1.742944
2025-03-07 03:09:45,1.742944
2025-03-07 03:10:15,1.742944
2025-03-07 03:10:46,1.742944
2025-03-07 03:11:16,1.742944
2025-03-07 03:11:46,1.742944
2025-03-07 03:12:16,1.742944
2025-03-07 03:12:46,1.742944
2025-03-07 03:13:16,1.742944
2025-03-07 03:13:46,1.742944
2025-03-07 03:14:17,1.742944
2025-03-07 03:14:47,1.742944
2025-03-07 03:15:17,1.742944
2025-03-07 03:15:47,1.742944
2025-03-07 03:16:17,1.742944
2025-03-07 03:16:48,1.742944
2025-03-07 03:17:18,1.742944
2025-03-07 03:17:48,1.742944
2025-03-07 03:18:18,1.742944
2025-03-07 03:18:48,1.742944
2025-03-07 03:19:18,1.742944
2025-03-07 03:19:48,1.742944
2025-03-07 03:20:19,1.742944
2025-03-07 03:20:49,1.742944
2025-03-07 03:21:19,1.742944
2025-03-07 03:21:49,1.742944
2025-03-07 03:22:19,1.742944
2025-03-07 03:22:49,1.742944
2025-03-07 03:23:19,1.742944
2025-03-07 03:23:49,1.742944
2025-03-07 03:24:20,1.742944
2025-03-07 03:24:50,1.742944
2025-03-07 03:25:20,1.742944
2025-03-07 03:25:50,1.742944
2025-03-07 03:26:20,1.742944
2025-03-07 03:26:50,1.742944
2025-03-07 03:27:20,1.742944
2025-03-07 03:27:51,1.742944
2025-03-07 03:28:21,1.742944
2025-03-07 03:28:51,1.742944
2025-03-07 03:29:21,1.742944
2025-03-07 03:29:51,1.742944
2025-03-07 03:30:21,1.742944
2025-03-07 03:30:51,1.742944
2025-03-07 03:31:22,1.742944
2025-03-07 03:31:52,1.742944
2025-03-07 03:32:22,1.742944
2025-03-07 03:32:52,1.742944
2025-03-07 03:33:22,1.742944
2025-03-07 03:33:52,1.742944
2025-03-07 03:34:23,1.742944
2025-03-07 03:34:53,1.742944
2025-03-07 03:35:23,1.742944
2025-03-07 03:35:53,1.742944
2025-03-07 03:36:23,1.742944
2025-03-07 03:36:53,1.742944
2025-03-07 03:37:23,1.742944
2025-03-07 03:37:54,1.742944
2025-03-07 03:38:24,1.742944
2025-03-07 03:38:54,1.742944
2025-03-07 03:39:24,1.742944
2025-03-07 03:39:54,1.742944
2025-03-07 03:40:24,1.742944
2025-03-07 03:40:54,1.742944
2025-03-07 03:41:25,1.742944
2025-03-07 03:41:55,1.742944
2025-03-07 03:42:25,1.742944
2025-03-07 03:42:55,1.742944
2025-03-07 03:43:25,1.742944
2025-03-07 03:43:55,1.742944
2025-03-07 03:44:25,1.742944
2025-03-07 03:44:56,1.742944
2025-03-07 03:45:26,1.742944
2025-03-07 03:45:56,1.742944
2025-03-07 03:46:26,1.742944
2025-03-07 03:46:56,1.742944
2025-03-07 03:47:26,1.742944
2025-03-07 03:47:57,1.742944
2025-03-07 03:48:27,1.742944
2025-03-07 03:48:57,1.742944
2025-03-07 03:49:27,1.742944
2025-03-07 03:49:57,1.742944
2025-03-07 03:50:27,1.742944
2025-03-07 03:50:57,1.742944
2025-03-07 03:51:28,1.742944
2025-03-07 03:51:58,1.742944
2025-03-07 03:52:28,1.742944
2025-03-07 03:52:58,1.742944
2025-03-07 03:53:28,1.742944
2025-03-07 03:53:58,1.742944
2025-03-07 03:54:29,1.742944
2025-03-07 03:54:59,1.742944
2025-03-07 03:55:29,1.742944
2025-03-07 03:55:59,1.742944
2025-03-07 03:56:29,1.742944
2025-03-07 03:56:59,1.742944
2025-03-07 03:57:29,1.742944
2025-03-07 03:58:00,1.742944
2025-03-07 03:58:30,1.742944
2025-03-07 03:59:00,1.742944
2025-03-07 03:59:30,1.742944
2025-03-07 04:00:00,1.742944
2025-03-07 04:00:30,1.742944
2025-03-07 04:01:00,1.742944
2025-03-07 04:01:31,1.742944
2025-03-07 04:02:01,1.742944
2025-03-07 04:02:31,1.742944
2025-03-07 04:03:01,1.742944
2025-03-07 04:03:31,1.742944
2025-03-07 04:04:01,1.742944
2025-03-07 04:04:32,1.742944
2025-03-07 04:05:02,1.742944
2025-03-07 04:05:32,1.742944
2025-03-07 04:06:02,1.742944
2025-03-07 04:06:32,1.742944
2025-03-07 04:07:02,1.742944
2025-03-07 04:07:32,1.742944
2025-03-07 04:08:03,1.742944
2025-03-07 04:08:33,1.742944
2025-03-07 04:09:03,1.742944
2025-03-07 04:09:33,1.742944
2025-03-07 04:10:03,1.742944
2025-03-07 04:10:33,1.742944
2025-03-07 04:11:03,1.742944
2025-03-07 04:11:34,1.742944
2025-03-07 04:12:04,1.742944
2025-03-07 04:12:34,1.742944
2025-03-07 04:13:04,1.742944
2025-03-07 04:13:34,1.742944
2025-03-07 04:14:04,1.742944
2025-03-07 04:14:34,1.742944
2025-03-07 04:15:05,1.742944
2025-03-07 04:15:35,1.742944
2025-03-07 04:16:05,1.742944
2025-03-07 04:16:35,1.742944
2025-03-07 04:17:05,1.742944
2025-03-07 04:17:35,1.742944
2025-03-07 04:18:06,1.742944
2025-03-07 04:18:36,1.742944
2025-03-07 04:19:06,1.742944
2025-03-07 04:19:36,1.742944
2025-03-07 04:20:06,1.742944
2025-03-07 04:20:36,1.742944
2025-03-07 04:21:07,1.742944
2025-03-07 04:21:37,1.742944
2025-03-07 04:22:07,1.742944
2025-03-07 04:22:37,1.742944
2025-03-07 04:23:07,1.742944
2025-03-07 04:23:37,1.742944
2025-03-07 04:24:07,1.742944
2025-03-07 04:24:37,1.742944
2025-03-07 04:25:08,1.742944
2025-03-07 04:25:38,1.742944
2025-03-07 04:26:08,1.742944
2025-03-07 04:26:38,1.742944
2025-03-07 04:27:08,1.742944
2025-03-07 04:27:38,1.742944
2025-03-07 04:28:09,1.742944
2025-03-07 04:28:39,1.742944
2025-03-07 04:29:09,1.742944
2025-03-07 04:29:39,1.742944
2025-03-07 04:30:09,1.742944
2025-03-07 04:30:39,1.742944
2025-03-07 04:31:09,1.742944
2025-03-07 04:31:40,1.742944
2025-03-07 04:32:10,1.742944
2025-03-07 04:32:40,1.742944
2025-03-07 04:33:10,1.742944
2025-03-07 04:33:40,1.742944
2025-03-07 04:34:10,1.742944
2025-03-07 04:34:41,1.742944
2025-03-07 04:35:11,1.742944
2025-03-07 04:35:41,1.742944
2025-03-07 04:36:11,1.742944
2025-03-07 04:36:41,1.742944
2025-03-07 04:37:11,1.742944
2025-03-07 04:37:41,1.742944
2025-03-07 04:38:12,1.742944
2025-03-07 04:38:42,1.742944
2025-03-07 04:39:12,1.742944
2025-03-07 04:39:42,1.742944
2025-03-07 04:40:12,1.742944
2025-03-07 04:41:22,1.742944
2025-03-07 04:41:53,1.742944
2025-03-07 04:42:23,1.742944
2025-03-07 04:42:53,1.742944
2025-03-07 04:43:23,1.742944
2025-03-07 04:43:53,1.742944
2025-03-07 04:44:23,1.742944
2025-03-07 04:44:53,1.742944
2025-03-07 04:45:24,1.742944
2025-03-07 04:45:54,1.742944
2025-03-07 04:46:24,1.742944
2025-03-07 04:46:54,1.742944
2025-03-07 04:47:24,1.742944
2025-03-07 04:47:54,1.742944
2025-03-07 04:48:25,1.742944
2025-03-07 04:48:55,1.742944
2025-03-07 04:49:25,1.742944
2025-03-07 04:49:55,1.742944
2025-03-07 04:50:25,1.742944
2025-03-07 04:50:55,1.742944
2025-03-07 04:51:25,1.742944
2025-03-07 04:51:56,1.742944
2025-03-07 04:52:26,1.742944
2025-03-07 04:52:56,1.742944
2025-03-07 04:53:26,1.742944
2025-03-07 04:53:56,1.742944
2025-03-07 04:54:26,1.742944
2025-03-07 04:54:56,1.742944
2025-03-07 04:55:27,1.742944
2025-03-07 04:55:57,1.742944
2025-03-07 04:56:27,1.742944
2025-03-07 04:56:57,1.742944
2025-03-07 04:57:27,1.742944
2025-03-07 04:57:57,1.742944
2025-03-07 04:58:27,1.742944
2025-03-07 04:58:57,1.742944
2025-03-07 04:59:28,1.742944
2025-03-07 04:59:58,1.742944
2025-03-07 05:00:28,1.742944
2025-03-07 05:00:58,1.742944
2025-03-07 05:01:28,1.742944
2025-03-07 05:01:58,1.742944
2025-03-07 05:02:29,1.742944
2025-03-07 05:02:59,1.742944
2025-03-07 05:03:29,1.742944
2025-03-07 05:03:59,1.742944
2025-03-07 05:04:29,1.742944
2025-03-07 05:04:59,1.742944
2025-03-07 05:05:29,1.742944
2025-03-07 05:06:00,1.742944
2025-03-07 05:06:30,1.742944
2025-03-07 05:07:02,1.742944
2025-03-07 05:07:32,1.742944
2025-03-07 05:08:02,1.742944
2025-03-07 05:08:32,1.742944
2025-03-07 05:09:03,1.742944
2025-03-07 05:09:33,1.742944
2025-03-07 05:10:03,1.742944
2025-03-07 05:10:33,1.742944
2025-03-07 05:11:03,1.742944
2025-03-07 05:11:33,1.742944
2025-03-07 05:12:03,1.742944
2025-03-07 05:12:34,1.742944
2025-03-07 05:13:04,1.742944
2025-03-07 05:13:34,1.742944
2025-03-07 05:14:04,1.742944
2025-03-07 05:14:34,1.742944
2025-03-07 05:15:04,1.742944
2025-03-07 05:15:34,1.742944
2025-03-07 05:16:05,1.742944
2025-03-07 05:16:35,1.742944
2025-03-07 05:17:05,1.742944
2025-03-07 05:17:35,1.742944
2025-03-07 05:18:05,1.742944
2025-03-07 05:18:35,1.742944
2025-03-07 05:19:06,1.742944
2025-03-07 05:19:36,1.742944
2025-03-07 05:20:06,1.742944
2025-03-07 05:20:36,1.742944
2025-03-07 05:21:06,1.742944
2025-03-07 05:21:36,1.742944
2025-03-07 05:22:07,1.742944
2025-03-07 05:22:37,1.742944
2025-03-07 05:23:07,1.742944
2025-03-07 05:23:37,1.742944
2025-03-07 05:24:07,1.742944
2025-03-07 05:24:37,1.742944
2025-03-07 05:25:07,1.742944
2025-03-07 05:25:38,1.742944
2025-03-07 05:26:08,1.742944
2025-03-07 05:26:38,1.742944
2025-03-07 05:27:08,1.742944
2025-03-07 05:27:38,1.742944
2025-03-07 05:28:08,1.742944
2025-03-07 05:28:38,1.742944
2025-03-07 05:29:08,1.742944
2025-03-07 05:29:39,1.742944
2025-03-07 05:30:09,1.742944
2025-03-07 05:30:39,1.742944
2025-03-07 05:31:09,1.742944
2025-03-07 05:31:39,1.742944
2025-03-07 05:32:09,1.742944
2025-03-07 05:32:40,1.742944
2025-03-07 05:33:10,1.742944
2025-03-07 05:33:40,1.742944
2025-03-07 05:34:10,1.742944
2025-03-07 05:34:40,1.742944
2025-03-07 05:35:10,1.742944
2025-03-07 05:35:40,1.742944
2025-03-07 05:36:11,1.742944
2025-03-07 05:36:41,1.742944
2025-03-07 05:37:11,1.742944
2025-03-07 05:37:41,1.742944
2025-03-07 05:38:12,1.742944
2025-03-07 05:38:42,1.742944
2025-03-07 05:39:12,1.742944
2025-03-07 05:39:42,1.742944
2025-03-07 05:40:12,1.742944
2025-03-07 05:40:42,1.742944
2025-03-07 05:41:12,1.742944
2025-03-07 05:41:43,1.742944
2025-03-07 05:42:13,1.742944
2025-03-07 05:42:43,1.742944
2025-03-07 05:43:13,1.742944
2025-03-07 05:43:43,1.742944
2025-03-07 05:44:13,1.742944
2025-03-07 05:44:43,1.742944
2025-03-07 05:45:13,1.742944
2025-03-07 05:45:44,1.742944
2025-03-07 05:46:14,1.742944
2025-03-07 05:46:44,1.742944
2025-03-07 05:47:14,1.742944
2025-03-07 05:47:44,1.742944
2025-03-07 05:48:14,1.742944
2025-03-07 05:48:44,1.742944
2025-03-07 05:49:15,1.742944
2025-03-07 05:49:45,1.742944
2025-03-07 05:50:15,1.742944
2025-03-07 05:50:45,1.742944
2025-03-07 05:51:15,1.742944
2025-03-07 05:51:46,1.742944
2025-03-07 05:52:16,1.742944
2025-03-07 05:52:46,1.742944
2025-03-07 05:53:16,1.742944
2025-03-07 05:53:46,1.742944
2025-03-07 05:54:16,1.742944
2025-03-07 05:54:46,1.742944
2025-03-07 05:55:17,1.742944
2025-03-07 05:55:47,1.742944
2025-03-07 05:56:17,1.742944
2025-03-07 05:56:47,1.742944
2025-03-07 05:57:17,1.742944
2025-03-07 05:57:47,1.742944
2025-03-07 05:58:17,1.742944
2025-03-07 05:58:47,1.742944
2025-03-07 05:59:18,1.742944
2025-03-07 05:59:48,1.742944
2025-03-07 06:00:18,1.742944
2025-03-07 06:00:48,1.742944
2025-03-07 06:01:18,1.742944
2025-03-07 06:01:48,1.742944
2025-03-07 06:02:18,1.742944
2025-03-07 06:02:49,1.742944
2025-03-07 06:03:19,1.742944
2025-03-07 06:03:49,1.742944
2025-03-07 06:04:19,1.742944
2025-03-07 06:04:49,1.742944
2025-03-07 06:05:19,1.742944
2025-03-07 06:05:49,1.742944
2025-03-07 06:06:19,1.742944
2025-03-07 06:06:50,1.742944
2025-03-07 06:07:20,1.742944
2025-03-07 06:07:50,1.742944
2025-03-07 06:08:20,1.742944
2025-03-07 06:08:50,1.742944
2025-03-07 06:09:20,1.742944
2025-03-07 06:09:50,1.742944
2025-03-07 06:10:21,1.742944
2025-03-07 06:10:51,1.742944
2025-03-07 06:11:21,1.742944
2025-03-07 06:11:51,1.742944
2025-03-07 06:12:21,1.742944
2025-03-07 06:12:51,1.742944
2025-03-07 06:13:21,1.742944
2025-03-07 06:13:52,1.742944
2025-03-07 06:14:22,1.742944
2025-03-07 06:14:52,1.742944
2025-03-07 06:15:22,1.742944
2025-03-07 06:15:52,1.742944
2025-03-07 06:16:22,1.742944
2025-03-07 06:16:52,1.742944
2025-03-07 06:17:23,1.742944
2025-03-07 06:17:53,1.742944
2025-03-07 06:18:23,1.742944
2025-03-07 06:18:53,1.742944
2025-03-07 06:19:23,1.742944
2025-03-07 06:19:53,1.742944
2025-03-07 06:20:23,1.742944
2025-03-07 06:20:54,1.742944
2025-03-07 06:21:24,1.742944
2025-03-07 06:21:54,1.742944
2025-03-07 06:22:24,1.742944
2025-03-07 06:22:54,1.742944
2025-03-07 06:23:24,1.742944
2025-03-07 06:23:54,1.742944
2025-03-07 06:24:25,1.742944
2025-03-07 06:24:55,1.742944
2025-03-07 06:25:25,1.742944
2025-03-07 06:25:55,1.742944
2025-03-07 06:26:25,1.742944
2025-03-07 06:26:55,1.742944
2025-03-07 06:27:26,1.742944
2025-03-07 06:27:56,1.742944
2025-03-07 06:28:26,1.742944
2025-03-07 06:28:56,1.742944
2025-03-07 06:29:26,1.742944
2025-03-07 06:29:56,1.742944
2025-03-07 06:30:26,1.742944
2025-03-07 06:30:57,1.742944
2025-03-07 06:31:27,1.742944
2025-03-07 06:31:57,1.742944
2025-03-07 06:32:27,1.742944
2025-03-07 06:32:57,1.742944
2025-03-07 06:33:27,1.742944
2025-03-07 06:33:57,1.742944
2025-03-07 06:34:28,1.742944
2025-03-07 06:34:58,1.742944
2025-03-07 06:35:28,1.742944
2025-03-07 06:35:58,1.742944
2025-03-07 06:36:28,1.742944
2025-03-07 06:36:58,1.742944
2025-03-07 06:37:28,1.742944
2025-03-07 06:37:59,1.742944
2025-03-07 06:38:29,1.742944
2025-03-07 06:38:59,1.742944
2025-03-07 06:39:29,1.742944
2025-03-07 06:39:59,1.742944
2025-03-07 06:40:29,1.742944
2025-03-07 06:40:59,1.742944
2025-03-07 06:41:30,1.742944
2025-03-07 06:42:00,1.742944
2025-03-07 06:42:30,1.742944
2025-03-07 06:43:00,1.742944
2025-03-07 06:43:30,1.742944
2025-03-07 06:44:00,1.742944
2025-03-07 06:44:31,1.742944
2025-03-07 06:45:01,1.742944
2025-03-07 06:45:31,1.742944
2025-03-07 06:46:01,1.742944
2025-03-07 06:46:31,1.742944
2025-03-07 06:47:01,1.742944
2025-03-07 06:47:31,1.742944
2025-03-07 06:48:02,1.742944
2025-03-07 06:48:32,1.742944
2025-03-07 06:49:02,1.742944
2025-03-07 06:49:32,1.742944
2025-03-07 06:50:02,1.742944
2025-03-07 06:50:32,1.742944
2025-03-07 06:51:03,1.742944
2025-03-07 06:51:33,1.742944
2025-03-07 06:52:03,1.742944
2025-03-07 06:52:33,1.742944
2025-03-07 06:53:03,1.742944
2025-03-07 06:53:33,1.742944
2025-03-07 06:54:03,1.742944
2025-03-07 06:54:34,1.742944
2025-03-07 06:55:04,1.742944
2025-03-07 06:55:34,1.742944
2025-03-07 06:56:04,1.742944
2025-03-07 06:56:34,1.742944
2025-03-07 06:57:04,1.742944
2025-03-07 06:57:35,1.742944
2025-03-07 06:58:05,1.742944
2025-03-07 06:58:35,1.742944
2025-03-07 06:59:05,1.742944
2025-03-07 06:59:35,1.742944
2025-03-07 07:00:05,1.742944
2025-03-07 07:00:35,1.742944
2025-03-07 07:01:06,1.742944
2025-03-07 07:01:36,1.742944
2025-03-07 07:02:06,1.742944
2025-03-07 07:02:36,1.742944
2025-03-07 07:03:06,1.742944
2025-03-07 07:03:36,1.742944
2025-03-07 07:04:07,1.742944
2025-03-07 07:04:37,1.742944
2025-03-07 07:05:07,1.742944
2025-03-07 07:05:37,1.742944
2025-03-07 07:06:07,1.742944
2025-03-07 07:06:37,1.742944
2025-03-07 07:07:07,1.742944
2025-03-07 07:07:38,1.742944
2025-03-07 07:08:08,1.742944
2025-03-07 07:08:38,1.742944
2025-03-07 07:09:08,1.742944
2025-03-07 07:09:38,1.742944
2025-03-07 07:10:08,1.742944
2025-03-07 07:10:38,1.742944
2025-03-07 07:11:09,1.742944
2025-03-07 07:11:39,1.742944
2025-03-07 07:12:09,1.742944
2025-03-07 07:12:39,1.742944
2025-03-07 07:13:09,1.742944
2025-03-07 07:13:39,1.742944
2025-03-07 07:14:10,1.742944
2025-03-07 07:14:40,1.742944
2025-03-07 07:15:10,1.742944
2025-03-07 07:15:40,1.742944
2025-03-07 07:16:10,1.742944
2025-03-07 07:16:40,1.742944
2025-03-07 07:17:10,1.742944
2025-03-07 07:17:41,1.742944
2025-03-07 07:18:11,1.742944
2025-03-07 07:18:41,1.742944
2025-03-07 07:19:11,1.742944
2025-03-07 07:19:41,1.742944
2025-03-07 07:20:11,1.742944
2025-03-07 07:20:41,1.742944
2025-03-07 07:21:11,1.742944
2025-03-07 07:21:42,1.742944
2025-03-07 07:22:12,1.742944
2025-03-07 07:22:42,1.742944
2025-03-07 07:23:12,1.742944
2025-03-07 07:23:42,1.742944
2025-03-07 07:24:12,1.742944
2025-03-07 07:24:43,1.742944
2025-03-07 07:25:13,1.742944
2025-03-07 07:25:43,1.742944
2025-03-07 07:26:13,1.742944
2025-03-07 07:26:43,1.742944
2025-03-07 07:27:13,1.742944
2025-03-07 07:27:43,1.742944
2025-03-07 07:28:14,1.742944
2025-03-07 07:28:44,1.742944
2025-03-07 07:29:14,1.742944
2025-03-07 07:29:44,1.742944
2025-03-07 07:30:14,1.742944
2025-03-07 07:30:44,1.742944
2025-03-07 07:31:14,1.742944
2025-03-07 07:31:45,1.742944
2025-03-07 07:32:15,1.742944
2025-03-07 07:32:45,1.742944
2025-03-07 07:33:15,1.742944
2025-03-07 07:33:45,1.742944
2025-03-07 07:34:15,1.742944
2025-03-07 07:34:45,1.742944
2025-03-07 07:35:16,1.742944
2025-03-07 07:35:46,1.742944
2025-03-07 07:36:16,1.742944
2025-03-07 07:36:46,1.742944
2025-03-07 07:37:16,1.742944
2025-03-07 07:37:46,1.742944
2025-03-07 07:38:16,1.742944
2025-03-07 07:38:47,1.742944
2025-03-07 07:39:17,1.742944
2025-03-07 07:39:47,1.742944
2025-03-07 07:40:17,1.742944
2025-03-07 07:40:47,1.742944
2025-03-07 07:41:17,1.742944
2025-03-07 07:41:47,1.742944
2025-03-07 07:42:18,1.742944
2025-03-07 07:42:48,1.742944
2025-03-07 07:43:18,1.742944
2025-03-07 07:43:48,1.742944
2025-03-07 07:44:18,1.742944
2025-03-07 07:44:48,1.742944
2025-03-07 07:45:19,1.742944
2025-03-07 07:45:49,1.742944
2025-03-07 07:46:19,1.742944
2025-03-07 07:46:49,1.742944
2025-03-07 07:47:19,1.742944
2025-03-07 07:47:49,1.742944
2025-03-07 07:48:19,1.742944
2025-03-07 07:48:49,1.742944
2025-03-07 07:49:20,1.742944
2025-03-07 07:49:50,1.742944
2025-03-07 07:50:20,1.742944
2025-03-07 07:50:50,1.742944
2025-03-07 07:51:20,1.742944
2025-03-07 07:51:50,1.742944
2025-03-07 07:52:21,1.742944
2025-03-07 07:52:51,1.742944
2025-03-07 07:53:21,1.742944
2025-03-07 07:53:51,1.742944
2025-03-07 07:54:21,1.742944
2025-03-07 07:54:51,1.742944
2025-03-07 07:55:21,1.742944
2025-03-07 07:55:52,1.742944
2025-03-07 07:56:22,1.742944
2025-03-07 07:56:52,1.742944
2025-03-07 07:57:22,1.742944
2025-03-07 07:57:52,1.742944
2025-03-07 07:58:22,1.742944
2025-03-07 07:58:52,1.742944
2025-03-07 07:59:23,1.742944
2025-03-07 07:59:53,1.742944
2025-03-07 08:00:23,1.742944
2025-03-07 08:00:53,1.742944
2025-03-07 08:01:23,1.742944
2025-03-07 08:01:53,1.742944
2025-03-07 08:02:23,1.742944
2025-03-07 08:02:54,1.742944
2025-03-07 08:03:24,1.742944
2025-03-07 08:03:54,1.742944
2025-03-07 08:04:24,1.742944
2025-03-07 08:04:54,1.742944
2025-03-07 08:05:24,1.742944
2025-03-07 08:05:54,1.742944
2025-03-07 08:06:25,1.742944
2025-03-07 08:06:55,1.742944
2025-03-07 08:07:25,1.742944
2025-03-07 08:07:55,1.742944
2025-03-07 08:08:26,1.742944
2025-03-07 08:08:56,1.742944
2025-03-07 08:09:26,1.742944
2025-03-07 08:09:56,1.742944
2025-03-07 08:10:27,1.742944
2025-03-07 08:10:57,1.742944
2025-03-07 08:11:27,1.742944
2025-03-07 08:11:57,1.742944
2025-03-07 08:12:27,1.742944
2025-03-07 08:12:57,1.742944
2025-03-07 08:13:27,1.742944
2025-03-07 08:13:57,1.742944
2025-03-07 08:14:28,1.742944
2025-03-07 08:14:58,1.742944
2025-03-07 08:15:28,1.742944
2025-03-07 08:15:58,1.742944
2025-03-07 08:16:28,1.742944
2025-03-07 08:16:58,1.742944
2025-03-07 08:17:28,1.742944
2025-03-07 08:17:59,1.742944
2025-03-07 08:18:29,1.742944
2025-03-07 08:18:59,1.742944
2025-03-07 08:19:29,1.742944
2025-03-07 08:19:59,1.742944
2025-03-07 08:20:29,1.742944
2025-03-07 08:21:00,1.742944
2025-03-07 08:21:30,1.742944
2025-03-07 08:22:00,1.742944
2025-03-07 08:22:30,1.742944
2025-03-07 08:23:00,1.742944
2025-03-07 08:23:30,1.742944
2025-03-07 08:24:00,1.742944
2025-03-07 08:24:31,1.742944
2025-03-07 08:25:01,1.742944
2025-03-07 08:25:31,1.742944
2025-03-07 08:26:01,1.742944
2025-03-07 08:26:31,1.742944
2025-03-07 08:27:01,1.742944
2025-03-07 08:27:32,1.742944
2025-03-07 08:28:02,1.742944
2025-03-07 08:28:32,1.742944
2025-03-07 08:29:02,1.742944
2025-03-07 08:29:32,1.742944
2025-03-07 08:30:02,1.742944
2025-03-07 08:30:32,1.742944
2025-03-07 08:31:02,1.742944
2025-03-07 08:31:33,1.742944
2025-03-07 08:32:03,1.742944
2025-03-07 08:32:33,1.742944
2025-03-07 08:33:03,1.742944
2025-03-07 08:33:33,1.742944
2025-03-07 08:34:03,1.742944
2025-03-07 08:34:33,1.742944
2025-03-07 08:35:04,1.742944
2025-03-07 08:35:34,1.742944
2025-03-07 08:36:04,1.742944
2025-03-07 08:36:34,1.742944
2025-03-07 08:37:04,1.742944
2025-03-07 08:37:34,1.742944
2025-03-07 08:38:05,1.742944
2025-03-07 08:38:35,1.742944
2025-03-07 08:39:05,1.742944
2025-03-07 08:39:35,1.742944
2025-03-07 08:40:05,1.742944
2025-03-07 08:40:35,1.742944
2025-03-07 08:41:06,1.742944
2025-03-07 08:41:36,1.742944
2025-03-07 08:42:06,1.742944
2025-03-07 08:42:36,1.742944
2025-03-07 08:43:06,1.742944
2025-03-07 08:43:36,1.742944
2025-03-07 08:44:06,1.742944
2025-03-07 08:44:36,1.742944
2025-03-07 08:45:07,1.742944
2025-03-07 08:45:37,1.742944
2025-03-07 08:46:07,1.742944
2025-03-07 08:46:37,1.742944
2025-03-07 08:47:07,1.742944
2025-03-07 08:47:37,1.742944
2025-03-07 08:48:07,1.742944
2025-03-07 08:48:38,1.742944
2025-03-07 08:49:08,1.742944
2025-03-07 08:49:38,1.742944
2025-03-07 08:50:08,1.742944
2025-03-07 08:50:38,1.742944
2025-03-07 08:51:08,1.742944
2025-03-07 08:51:39,1.742944
2025-03-07 08:52:09,1.742944
2025-03-07 08:52:39,1.742944
2025-03-07 08:53:09,1.742944
2025-03-07 08:53:39,1.742944
2025-03-07 08:54:09,1.742944
2025-03-07 08:54:40,1.742944
2025-03-07 08:55:10,1.742944
2025-03-07 08:55:40,1.742944
2025-03-07 08:56:10,1.742944
2025-03-07 08:56:40,1.742944
2025-03-07 08:57:10,1.742944
2025-03-07 08:57:40,1.742944
2025-03-07 08:58:10,1.742944
2025-03-07 08:58:41,1.742944
2025-03-07 08:59:11,1.742944
2025-03-07 08:59:41,1.742944
2025-03-07 09:00:11,1.742944
2025-03-07 09:00:41,1.742944
2025-03-07 09:01:11,1.742944
2025-03-07 09:01:41,1.742944
2025-03-07 09:02:12,1.742944
2025-03-07 09:02:42,1.742944
2025-03-07 09:03:12,1.742944
2025-03-07 09:03:42,1.742944
2025-03-07 09:04:12,1.742944
2025-03-07 09:04:42,1.742944
2025-03-07 09:05:12,1.742944
2025-03-07 09:05:43,1.742944
2025-03-07 09:06:13,1.742944
2025-03-07 09:06:43,1.742944
2025-03-07 09:07:13,1.742944
2025-03-07 09:07:43,1.742944
2025-03-07 09:08:13,1.742944
2025-03-07 09:08:44,1.742944
2025-03-07 09:09:14,1.742944
2025-03-07 09:09:44,1.742944
2025-03-07 09:10:14,1.742944
2025-03-07 09:10:44,1.742944
2025-03-07 09:11:14,1.742944
2025-03-07 09:11:45,1.742944
2025-03-07 09:12:15,1.742944
2025-03-07 09:12:45,1.742944
2025-03-07 09:13:15,1.742944
2025-03-07 09:13:45,1.742944
2025-03-07 09:14:15,1.742944
2025-03-07 09:14:45,1.742944
2025-03-07 09:15:16,1.742944
2025-03-07 09:15:46,1.742944
2025-03-07 09:16:16,1.742944
2025-03-07 09:16:46,1.742944
2025-03-07 09:17:16,1.742944
2025-03-07 09:17:46,1.742944
2025-03-07 09:18:16,1.742944
2025-03-07 09:18:47,1.742944
2025-03-07 09:19:17,1.742944
2025-03-07 09:19:47,1.742944
2025-03-07 09:20:17,1.742944
2025-03-07 09:20:47,1.742944
2025-03-07 09:21:17,1.742944
2025-03-07 09:21:48,1.742944
2025-03-07 09:22:18,1.742944
2025-03-07 09:22:48,1.742944
2025-03-07 09:23:18,1.742944
2025-03-07 09:23:48,1.742944
2025-03-07 09:24:18,1.742944
2025-03-07 09:24:48,1.742944
2025-03-07 09:25:18,1.742944
2025-03-07 09:25:49,1.742944
2025-03-07 09:26:19,1.742944
2025-03-07 09:26:49,1.742944
2025-03-07 09:27:19,1.742944
2025-03-07 09:27:49,1.742944
2025-03-07 09:28:19,1.742944
2025-03-07 09:28:49,1.742944
2025-03-07 09:29:20,1.742944
2025-03-07 09:29:50,1.742944
2025-03-07 09:30:20,1.742944
2025-03-07 09:30:50,1.742944
2025-03-07 09:31:20,1.742944
2025-03-07 09:31:50,1.742944
2025-03-07 09:32:20,1.742944
2025-03-07 09:32:51,1.742944
2025-03-07 09:33:21,1.742944
2025-03-07 09:33:51,1.742944
2025-03-07 09:34:21,1.742944
2025-03-07 09:34:51,1.742944
2025-03-07 09:35:21,1.742944
2025-03-07 09:35:51,1.742944
2025-03-07 09:36:21,1.742944
2025-03-07 09:36:52,1.742944
2025-03-07 09:37:22,1.742944
2025-03-07 09:37:52,1.742944
2025-03-07 09:38:22,1.742944
2025-03-07 09:38:52,1.742944
2025-03-07 09:39:22,1.742944
2025-03-07 09:39:52,1.742944
2025-03-07 09:40:23,1.742944
2025-03-07 09:40:53,1.742944
2025-03-07 09:41:23,1.742944
2025-03-07 09:41:53,1.742944
2025-03-07 09:42:23,1.742944
2025-03-07 09:42:53,1.742944
2025-03-07 09:43:23,1.742944
2025-03-07 09:43:53,1.742944
2025-03-07 09:44:24,1.742944
2025-03-07 09:44:54,1.742944
2025-03-07 09:45:24,1.742944
2025-03-07 09:45:54,1.742944
2025-03-07 09:46:24,1.742944
2025-03-07 09:46:54,1.742944
2025-03-07 09:47:25,1.742944
2025-03-07 09:47:55,1.742944
2025-03-07 09:48:25,1.742944
2025-03-07 09:48:55,1.742944
2025-03-07 09:49:25,1.742944
2025-03-07 09:49:55,1.742944
2025-03-07 09:50:26,1.742944
2025-03-07 09:50:56,1.742944
2025-03-07 09:51:26,1.742944
2025-03-07 09:51:56,1.742944
2025-03-07 09:52:26,1.742944
2025-03-07 09:52:56,1.742944
2025-03-07 09:53:26,1.742944
2025-03-07 09:53:57,1.742944
2025-03-07 09:54:27,1.742944
2025-03-07 09:54:57,1.742944
2025-03-07 09:55:27,1.742944
2025-03-07 09:55:57,1.742944
2025-03-07 09:56:27,1.742944
2025-03-07 09:56:57,1.742944
2025-03-07 09:57:28,1.742944
2025-03-07 09:57:58,1.742944
2025-03-07 09:58:28,1.742944
2025-03-07 09:58:58,1.742944
2025-03-07 09:59:28,1.742944
2025-03-07 09:59:58,1.742944
2025-03-07 10:00:28,1.742944
2025-03-07 10:00:59,1.742944
2025-03-07 10:01:29,1.742944
2025-03-07 10:01:59,1.742944
2025-03-07 10:02:29,1.742944
2025-03-07 10:02:59,1.742944
2025-03-07 10:03:29,1.742944
2025-03-07 10:03:59,1.742944
2025-03-07 10:04:30,1.742944
2025-03-07 10:05:00,1.742944
2025-03-07 10:05:30,1.742944
2025-03-07 10:06:00,1.742944
2025-03-07 10:06:30,1.742944
2025-03-07 10:07:00,1.742944
2025-03-07 10:07:30,1.742944
2025-03-07 10:08:01,1.742944
2025-03-07 10:08:31,1.742944
2025-03-07 10:09:01,1.742944
2025-03-07 10:09:31,1.742944
2025-03-07 10:10:02,1.742944
2025-03-07 10:10:32,1.742944
2025-03-07 10:11:02,1.742944
2025-03-07 10:11:32,1.742944
2025-03-07 10:12:02,1.742944
2025-03-07 10:12:32,1.742944
2025-03-07 10:13:02,1.742944
2025-03-07 10:13:33,1.742944
2025-03-07 10:14:03,1.742944
2025-03-07 10:14:33,1.742944
2025-03-07 10:15:03,1.742944
2025-03-07 10:15:33,1.742944
2025-03-07 10:16:03,1.742944
2025-03-07 10:16:33,1.742944
2025-03-07 10:17:04,1.742944
2025-03-07 10:17:34,1.742944
2025-03-07 10:18:04,1.742944
2025-03-07 10:18:34,1.742944
2025-03-07 10:19:04,1.742944
2025-03-07 10:19:34,1.742944
2025-03-07 10:20:04,1.742944
2025-03-07 10:20:35,1.742944
2025-03-07 10:21:05,1.742944
2025-03-07 10:21:35,1.742944
2025-03-07 10:22:05,1.742944
2025-03-07 10:22:35,1.742944
2025-03-07 10:23:06,1.742944
2025-03-07 10:23:36,1.742944
2025-03-07 10:24:06,1.742944
2025-03-07 10:24:36,1.742944
2025-03-07 10:25:06,1.742944
2025-03-07 10:25:36,1.742944
2025-03-07 10:26:06,1.742944
2025-03-07 10:26:37,1.742944
2025-03-07 10:27:07,1.742944
2025-03-07 10:27:37,1.742944
2025-03-07 10:28:07,1.742944
2025-03-07 10:28:37,1.742944
2025-03-07 10:29:07,1.742944
2025-03-07 10:29:37,1.742944
2025-03-07 10:30:07,1.742944
2025-03-07 10:30:38,1.742944
2025-03-07 10:31:08,1.742944
2025-03-07 10:31:38,1.742944
2025-03-07 10:32:08,1.742944
2025-03-07 10:32:38,1.742944
2025-03-07 10:33:08,1.742944
2025-03-07 10:33:39,1.742944
2025-03-07 10:34:09,1.742944
2025-03-07 10:34:39,1.742944
2025-03-07 10:35:09,1.742944
2025-03-07 10:35:39,1.742944
2025-03-07 10:36:09,1.742944
2025-03-07 10:36:40,1.742944
2025-03-07 10:37:10,1.742944
2025-03-07 10:37:40,1.742944
2025-03-07 10:38:10,1.742944
2025-03-07 10:38:40,1.742944
2025-03-07 10:39:10,1.742944
2025-03-07 10:39:40,1.742944
2025-03-07 10:40:11,1.742944
2025-03-07 10:40:41,1.742944
2025-03-07 10:41:11,1.742944
2025-03-07 10:41:41,1.742944
2025-03-07 10:42:11,1.742944
2025-03-07 10:42:41,1.742944
2025-03-07 10:43:11,1.742944
2025-03-07 10:43:41,1.742944
2025-03-07 10:44:12,1.742944
2025-03-07 10:44:42,1.742944
2025-03-07 10:45:12,1.742944
2025-03-07 10:45:42,1.742944
2025-03-07 10:46:12,1.742944
2025-03-07 10:46:42,1.742944
2025-03-07 10:47:13,1.742944
2025-03-07 10:47:43,1.742944
2025-03-07 10:48:13,1.742944
2025-03-07 10:48:43,1.742944
2025-03-07 10:49:13,1.742944
2025-03-07 10:49:43,1.742944
2025-03-07 10:50:13,1.742944
2025-03-07 10:50:43,1.742944
2025-03-07 10:51:14,1.742944
2025-03-07 10:51:44,1.742944
2025-03-07 10:52:14,1.742944
2025-03-07 10:52:44,1.742944
2025-03-07 10:53:14,1.742944
2025-03-07 10:53:44,1.742944
2025-03-07 10:54:15,1.742944
2025-03-07 10:54:45,1.742944
2025-03-07 10:55:15,1.742944
2025-03-07 10:55:45,1.742944
2025-03-07 10:56:15,1.742944
2025-03-07 10:56:45,1.742944
2025-03-07 10:57:15,1.742944
2025-03-07 10:57:46,1.742944
2025-03-07 10:58:16,1.742944
2025-03-07 10:58:46,1.742944
2025-03-07 10:59:16,1.742944
2025-03-07 10:59:46,1.742944
2025-03-07 11:00:16,1.742944
2025-03-07 11:00:46,1.742944
2025-03-07 11:01:17,1.742944
2025-03-07 11:01:47,1.742944
2025-03-07 11:02:17,1.742944
2025-03-07 11:02:47,1.742944
2025-03-07 11:03:17,1.742944
2025-03-07 11:03:47,1.742944
2025-03-07 11:04:17,1.742944
2025-03-07 11:04:48,1.742944
2025-03-07 11:05:18,1.742944
2025-03-07 11:05:48,1.742944
2025-03-07 11:06:18,1.742944
2025-03-07 11:06:48,1.742944
2025-03-07 11:07:18,1.742944
2025-03-07 11:07:49,1.742944
2025-03-07 11:08:19,1.742944
2025-03-07 11:08:49,1.742944
2025-03-07 11:09:19,1.742944
2025-03-07 11:09:49,1.742944
2025-03-07 11:10:20,1.742944
2025-03-07 11:10:50,1.742944
2025-03-07 11:11:20,1.742944
2025-03-07 11:11:50,1.742944
2025-03-07 11:12:20,1.742944
2025-03-07 11:12:50,1.742944
2025-03-07 11:13:21,1.742944
2025-03-07 11:13:51,1.742944
2025-03-07 11:14:21,1.742944
2025-03-07 11:14:51,1.742944
2025-03-07 11:15:21,1.742944
2025-03-07 11:15:51,1.742944
2025-03-07 11:16:21,1.742944
2025-03-07 11:16:51,1.742944
2025-03-07 11:17:22,1.742944
2025-03-07 11:17:52,1.742944
2025-03-07 11:18:22,1.742944
2025-03-07 11:18:52,1.742944
2025-03-07 11:19:22,1.742944
2025-03-07 11:19:52,1.742944
2025-03-07 11:20:22,1.742944
2025-03-07 11:20:53,1.742944
2025-03-07 11:21:23,1.742944
2025-03-07 11:21:53,1.742944
2025-03-07 11:22:23,1.742944
2025-03-07 11:22:53,1.742944
2025-03-07 11:23:23,1.742944
2025-03-07 11:23:54,1.742944
2025-03-07 11:24:24,1.742944
2025-03-07 11:24:54,1.742944
2025-03-07 11:25:24,1.742944
2025-03-07 11:25:54,1.742944
2025-03-07 11:26:24,1.742944
2025-03-07 11:26:54,1.742944
2025-03-07 11:27:25,1.742944
2025-03-07 11:27:55,1.742944
2025-03-07 11:28:25,1.742944
2025-03-07 11:28:55,1.742944
2025-03-07 11:29:25,1.742944
2025-03-07 11:29:55,1.742944
2025-03-07 11:30:25,1.742944
2025-03-07 11:30:56,1.742944
2025-03-07 11:31:26,1.742944
2025-03-07 11:31:56,1.742944
2025-03-07 11:32:26,1.742944
2025-03-07 11:32:56,1.742944
2025-03-07 11:33:26,1.742944
2025-03-07 11:33:56,1.742944
2025-03-07 11:34:27,1.742944
2025-03-07 11:34:57,1.742944
2025-03-07 11:35:27,1.742944
2025-03-07 11:35:57,1.742944
2025-03-07 11:36:27,1.742944
2025-03-07 11:36:57,1.742944
2025-03-07 11:37:28,1.742944
2025-03-07 11:37:58,1.742944
2025-03-07 11:38:28,1.742944
2025-03-07 11:38:58,1.742944
2025-03-07 11:39:28,1.742944
2025-03-07 11:39:58,1.742944
2025-03-07 11:40:28,1.742944
2025-03-07 11:40:59,1.742944
2025-03-07 11:41:29,1.742944
2025-03-07 11:41:59,1.742944
2025-03-07 11:42:29,1.742944
2025-03-07 11:42:59,1.742944
2025-03-07 11:43:29,1.742944
2025-03-07 11:43:59,1.742944
2025-03-07 11:44:29,1.742944
2025-03-07 11:45:00,1.742944
2025-03-07 11:45:30,1.742944
2025-03-07 11:46:00,1.742944
2025-03-07 11:46:30,1.742944
2025-03-07 11:47:00,1.742944
2025-03-07 11:47:30,1.742944
2025-03-07 11:48:00,1.742944
2025-03-07 11:48:31,1.742944
2025-03-07 11:49:01,1.742944
2025-03-07 11:49:31,1.742944
2025-03-07 11:50:01,1.742944
2025-03-07 11:50:31,1.742944
2025-03-07 11:51:01,1.742944
2025-03-07 11:51:31,1.742944
2025-03-07 11:52:02,1.742944
2025-03-07 11:52:32,1.742944
2025-03-07 11:53:02,1.742944
2025-03-07 11:53:32,1.742944
2025-03-07 11:54:02,1.742944
2025-03-07 11:54:32,1.742944
2025-03-07 11:55:02,1.742944
2025-03-07 11:55:33,1.742944
2025-03-07 11:56:03,1.742944
2025-03-07 11:56:33,1.742944
2025-03-07 11:57:03,1.742944
2025-03-07 11:57:33,1.742944
2025-03-07 11:58:03,1.742944
2025-03-07 11:58:33,1.742944
2025-03-07 11:59:04,1.742944
2025-03-07 11:59:34,1.742944
2025-03-07 12:00:04,1.742944
2025-03-07 12:00:34,1.742944
2025-03-07 12:01:04,1.742944
2025-03-07 12:01:34,1.742944
2025-03-07 12:02:04,1.742944
2025-03-07 12:02:35,1.742944
2025-03-07 12:03:05,1.742944
2025-03-07 12:03:35,1.742944
2025-03-07 12:04:05,1.742944
2025-03-07 12:04:35,1.742944
2025-03-07 12:05:05,1.742944
2025-03-07 12:05:35,1.742944
2025-03-07 12:06:06,1.742944
2025-03-07 12:06:36,1.742944
2025-03-07 12:07:06,1.742944
2025-03-07 12:07:36,1.742944
2025-03-07 12:08:06,1.742944
2025-03-07 12:08:36,1.742944
2025-03-07 12:09:07,1.742944
2025-03-07 12:09:37,1.742944
2025-03-07 12:10:07,1.742944
2025-03-07 12:10:37,1.742944
2025-03-07 12:11:07,1.742944
2025-03-07 12:11:37,1.742944
2025-03-07 12:12:07,1.742944
2025-03-07 12:12:38,1.742944
2025-03-07 12:13:08,1.742944
2025-03-07 12:13:38,1.742944
2025-03-07 12:14:08,1.742944
2025-03-07 12:14:38,1.742944
2025-03-07 12:15:08,1.742944
2025-03-07 12:15:38,1.742944
2025-03-07 12:16:09,1.742944
2025-03-07 12:16:39,1.742944
2025-03-07 12:17:09,1.742944
2025-03-07 12:17:39,1.742944
2025-03-07 12:18:09,1.742944
2025-03-07 12:18:39,1.742944
2025-03-07 12:19:09,1.742944
2025-03-07 12:19:39,1.742944
2025-03-07 12:20:10,1.742944
2025-03-07 12:20:40,1.742944
2025-03-07 12:21:10,1.742944
2025-03-07 12:21:40,1.742944
2025-03-07 12:22:10,1.742944
2025-03-07 12:22:41,1.742944
2025-03-07 12:23:11,1.742944
2025-03-07 12:23:41,1.742944
2025-03-07 12:24:11,1.742944
2025-03-07 12:24:41,1.742944
2025-03-07 12:25:11,1.742944
2025-03-07 12:25:41,1.742944
2025-03-07 12:26:12,1.742944
2025-03-07 12:26:42,1.742944
2025-03-07 12:27:12,1.742944
2025-03-07 12:27:42,1.742944
2025-03-07 12:28:12,1.742944
2025-03-07 12:28:42,1.742944
2025-03-07 12:29:12,1.742944
2025-03-07 12:29:43,1.742944
2025-03-07 12:30:13,1.742944
2025-03-07 12:30:43,1.742944
2025-03-07 12:31:13,1.742944
2025-03-07 12:31:43,1.742944
2025-03-07 12:32:13,1.742944
2025-03-07 12:32:43,1.742944
2025-03-07 12:33:13,1.742944
2025-03-07 12:33:44,1.742944
2025-03-07 12:34:14,1.742944
2025-03-07 12:34:44,1.742944
2025-03-07 12:35:14,1.742944
2025-03-07 12:35:44,1.742944
2025-03-07 12:36:14,1.742944
2025-03-07 12:36:45,1.742944
2025-03-07 12:37:15,1.742944
2025-03-07 12:37:45,1.742944
2025-03-07 12:38:15,1.742944
2025-03-07 12:38:45,1.742944
2025-03-07 12:39:15,1.742944
2025-03-07 12:39:45,1.742944
2025-03-07 12:40:16,1.742944
2025-03-07 12:40:46,1.742944
2025-03-07 12:41:16,1.742944
2025-03-07 12:41:46,1.742944
2025-03-07 12:42:16,1.742944
2025-03-07 12:42:46,1.742944
2025-03-07 12:43:16,1.742944
2025-03-07 12:43:47,1.742944
2025-03-07 12:44:17,1.742944
2025-03-07 12:44:47,1.742944
2025-03-07 12:45:17,1.742944
2025-03-07 12:45:47,1.742944
2025-03-07 12:46:17,1.742944
2025-03-07 12:46:47,1.742944
2025-03-07 12:47:18,1.742944
2025-03-07 12:47:48,1.742944
2025-03-07 12:48:18,1.742944
2025-03-07 12:48:48,1.742944
2025-03-07 12:49:18,1.742944
2025-03-07 12:49:48,1.742944
2025-03-07 12:50:18,1.742944
2025-03-07 12:50:49,1.742944
2025-03-07 12:51:19,1.742944
2025-03-07 12:51:49,1.742944
2025-03-07 12:52:19,1.742944
2025-03-07 12:52:49,1.742944
2025-03-07 12:53:20,1.742944
2025-03-07 12:53:50,1.742944
2025-03-07 12:54:20,1.742944
2025-03-07 12:54:50,1.742944
2025-03-07 12:55:20,1.742944
2025-03-07 12:55:50,1.742944
2025-03-07 12:56:20,1.742944
2025-03-07 12:56:50,1.742944
2025-03-07 12:57:21,1.742944
2025-03-07 12:57:51,1.742944
2025-03-07 12:58:21,1.742944
2025-03-07 12:58:51,1.742944
2025-03-07 12:59:21,1.742944
2025-03-07 12:59:51,1.742944
2025-03-07 13:00:21,1.742944
2025-03-07 13:00:52,1.742944
2025-03-07 13:01:22,1.742944
2025-03-07 13:01:52,1.742944
2025-03-07 13:02:22,1.742944
2025-03-07 13:02:52,1.742944
2025-03-07 13:03:22,1.742944
2025-03-07 13:03:52,1.742944
2025-03-07 13:04:23,1.742944
2025-03-07 13:04:53,1.742944
2025-03-07 13:05:23,1.742944
2025-03-07 13:05:53,1.742944
2025-03-07 13:06:23,1.742944
2025-03-07 13:06:53,1.742944
2025-03-07 13:07:23,1.742944
2025-03-07 13:07:54,1.742944
2025-03-07 13:08:24,1.742944
2025-03-07 13:08:54,1.742944
2025-03-07 13:09:24,1.742944
2025-03-07 13:09:54,1.742944
2025-03-07 13:10:24,1.742944
2025-03-07 13:10:54,1.742944
2025-03-07 13:11:25,1.742944
2025-03-07 13:11:55,1.742944
2025-03-07 13:12:25,1.742944
2025-03-07 13:12:55,1.742944
2025-03-07 13:13:25,1.742944
2025-03-07 13:13:55,1.742944
2025-03-07 13:14:25,1.742944
2025-03-07 13:14:56,1.742944
2025-03-07 13:15:26,1.742944
2025-03-07 13:15:56,1.742944
2025-03-07 13:16:26,1.742944
2025-03-07 13:16:56,1.742944
2025-03-07 13:17:26,1.742944
2025-03-07 13:17:56,1.742944
2025-03-07 13:18:27,1.742944
2025-03-07 13:18:57,1.742944
2025-03-07 13:19:27,1.742944
2025-03-07 13:19:57,1.742944
2025-03-07 13:20:27,1.742944
2025-03-07 13:20:57,1.742944
2025-03-07 13:21:27,1.742944
2025-03-07 13:21:58,1.742944
2025-03-07 13:22:28,1.742944
2025-03-07 13:22:58,1.742944
2025-03-07 13:23:28,1.742944
2025-03-07 13:23:58,1.742944
2025-03-07 13:24:28,1.742944
2025-03-07 13:24:58,1.742944
2025-03-07 13:25:28,1.742944
2025-03-07 13:25:59,1.742944
2025-03-07 13:26:29,1.742944
2025-03-07 13:26:59,1.742944
2025-03-07 13:27:29,1.742944
2025-03-07 13:27:59,1.742944
2025-03-07 13:28:30,1.742944
2025-03-07 13:29:00,1.742944
2025-03-07 13:29:30,1.742944
2025-03-07 13:30:00,1.742944
2025-03-07 13:30:30,1.742944
2025-03-07 13:31:00,1.742944
2025-03-07 13:31:30,1.742944
2025-03-07 13:32:00,1.742944
2025-03-07 13:32:31,1.742944
2025-03-07 13:33:01,1.742944
2025-03-07 13:33:31,1.742944
2025-03-07 13:34:01,1.742944
2025-03-07 13:34:31,1.742944
2025-03-07 13:35:01,1.742944
2025-03-07 13:35:31,1.742944
2025-03-07 13:36:02,1.742944
2025-03-07 13:36:32,1.742944
2025-03-07 13:37:02,1.742944
2025-03-07 13:37:32,1.742944
2025-03-07 13:38:02,1.742944
2025-03-07 13:38:32,1.742944
2025-03-07 13:39:02,1.742944
2025-03-07 13:39:33,1.742944
2025-03-07 13:40:03,1.742944
2025-03-07 13:40:33,1.742944
2025-03-07 13:41:03,1.742944
2025-03-07 13:41:33,1.742944
2025-03-07 13:42:03,1.742944
2025-03-07 13:42:34,1.742944
2025-03-07 13:43:04,1.742944
2025-03-07 13:43:34,1.742944
2025-03-07 13:44:04,1.742944
2025-03-07 13:44:34,1.742944
2025-03-07 13:45:04,1.742944
2025-03-07 13:45:34,1.742944
2025-03-07 13:46:05,1.742944
2025-03-07 13:46:35,1.742944
2025-03-07 13:47:05,1.742944
2025-03-07 13:47:35,1.742944
2025-03-07 13:48:05,1.742944
2025-03-07 13:48:35,1.742944
2025-03-07 13:49:05,1.742944
2025-03-07 13:49:36,1.742944
2025-03-07 13:50:06,1.742944
2025-03-07 13:50:36,1.742944
2025-03-07 13:51:06,1.742944
2025-03-07 13:51:36,1.742944
2025-03-07 13:52:06,1.742944
2025-03-07 13:52:36,1.742944
2025-03-07 13:53:07,1.742944
2025-03-07 13:53:37,1.742944
2025-03-07 13:54:07,1.742944
2025-03-07 13:54:37,1.742944
2025-03-07 13:55:07,1.742944
2025-03-07 13:55:37,1.742944
2025-03-07 13:56:07,1.742944
2025-03-07 13:56:38,1.742944
2025-03-07 13:57:08,1.742944
2025-03-07 13:57:38,1.742944
2025-03-07 13:58:08,1.742944
2025-03-07 13:58:38,1.742944
2025-03-07 13:59:08,1.742944
2025-03-07 13:59:39,1.742944
2025-03-07 14:00:09,1.742944
2025-03-07 14:00:39,1.742944
2025-03-07 14:01:09,1.742944
2025-03-07 14:01:39,1.742944
2025-03-07 14:02:09,1.742944
2025-03-07 14:02:39,1.742944
2025-03-07 14:03:10,1.742944
2025-03-07 14:03:40,1.742944
2025-03-07 14:04:10,1.742944
2025-03-07 14:04:40,1.742944
2025-03-07 14:05:10,1.742944
2025-03-07 14:05:40,1.742944
2025-03-07 14:06:10,1.742944
2025-03-07 14:06:41,1.742944
2025-03-07 14:07:11,1.742944
2025-03-07 14:07:41,1.742944
2025-03-07 14:08:11,1.742944
2025-03-07 14:08:41,1.742944
2025-03-07 14:09:12,1.742944
2025-03-07 14:09:42,1.742944
2025-03-07 14:10:12,1.742944
2025-03-07 14:10:42,1.742944
2025-03-07 14:11:12,1.742944
2025-03-07 14:11:43,1.742944
2025-03-07 14:12:13,1.742944
2025-03-07 14:12:43,1.742944
2025-03-07 14:13:13,1.742944
2025-03-07 14:13:43,1.742944
2025-03-07 14:14:13,1.742944
2025-03-07 14:14:43,1.742944
2025-03-07 14:15:13,1.742944
2025-03-07 14:15:44,1.742944
2025-03-07 14:16:14,1.742944
2025-03-07 14:16:44,1.742944
2025-03-07 14:17:14,1.742944
2025-03-07 14:17:44,1.742944
2025-03-07 14:18:14,1.742944
2025-03-07 14:18:44,1.742944
2025-03-07 14:19:15,1.742944
2025-03-07 14:19:45,1.742944
2025-03-07 14:20:15,1.742944
2025-03-07 14:20:45,1.742944
2025-03-07 14:21:15,1.742944
2025-03-07 14:21:45,1.742944
2025-03-07 14:22:16,1.742944
2025-03-07 14:22:46,1.742944
2025-03-07 14:23:16,1.742944
2025-03-07 14:23:46,1.742944
2025-03-07 14:24:16,1.742944
2025-03-07 14:24:46,1.742944
2025-03-07 14:25:16,1.742944
2025-03-07 14:25:47,1.742944
2025-03-07 14:26:17,1.742944
2025-03-07 14:26:47,1.742944
2025-03-07 14:27:17,1.742944
2025-03-07 14:27:47,1.742944
2025-03-07 14:28:17,1.742944
2025-03-07 14:28:47,1.742944
2025-03-07 14:29:17,1.742944
2025-03-07 14:29:48,1.742944
2025-03-07 14:30:18,1.742944
2025-03-07 14:30:48,1.742944
2025-03-07 14:31:18,1.742944
2025-03-07 14:31:48,1.742944
2025-03-07 14:32:18,1.742944
2025-03-07 14:32:48,1.742944
2025-03-07 14:33:19,1.742944
2025-03-07 14:33:49,1.742944
2025-03-07 14:34:19,1.742944
2025-03-07 14:34:49,1.742944
2025-03-07 14:35:19,1.742944
2025-03-07 14:35:49,1.742944
2025-03-07 14:36:19,1.742944
2025-03-07 14:36:50,1.742944
2025-03-07 14:37:20,1.742944
2025-03-07 14:37:50,1.742944
2025-03-07 14:38:20,1.742944
2025-03-07 14:38:50,1.742944
2025-03-07 14:39:20,1.742944
2025-03-07 14:39:50,1.742944
2025-03-07 14:40:21,1.742944
2025-03-07 14:40:51,1.742944
2025-03-07 14:41:21,1.742944
2025-03-07 14:41:51,1.742944
2025-03-07 14:42:21,1.742944
2025-03-07 14:42:51,1.742944
2025-03-07 14:43:21,1.742944
2025-03-07 14:43:51,1.742944
2025-03-07 14:44:22,1.742944
2025-03-07 14:44:52,1.742944
2025-03-07 14:45:22,1.742944
2025-03-07 14:45:52,1.742944
2025-03-07 14:46:22,1.742944
2025-03-07 14:46:52,1.742944
2025-03-07 14:47:22,1.742944
2025-03-07 14:47:52,1.742944
2025-03-07 14:48:23,1.742944
2025-03-07 14:48:53,1.742944
2025-03-07 14:49:23,1.742944
2025-03-07 14:49:53,1.742944
2025-03-07 14:50:23,1.742944
2025-03-07 14:50:53,1.742944
2025-03-07 14:51:24,1.742944
2025-03-07 14:51:54,1.742944
2025-03-07 14:52:24,1.742944
2025-03-07 14:52:54,1.742944
2025-03-07 14:53:24,1.742944
2025-03-07 14:53:54,1.742944
2025-03-07 14:54:24,1.742944
2025-03-07 14:54:54,1.742944
2025-03-07 14:55:25,1.742944
2025-03-07 14:55:55,1.742944
2025-03-07 14:56:25,1.742944
2025-03-07 14:56:55,1.742944
2025-03-07 14:57:25,1.742944
2025-03-07 14:57:55,1.742944
2025-03-07 14:58:25,1.742944
2025-03-07 14:58:56,1.742944
2025-03-07 14:59:26,1.742944
2025-03-07 14:59:56,1.742944
2025-03-07 15:00:26,1.742944
2025-03-07 15:00:56,1.742944
2025-03-07 15:01:26,1.742944
2025-03-07 15:01:56,1.742944
2025-03-07 15:02:27,1.742944
2025-03-07 15:02:57,1.742944
2025-03-07 15:03:27,1.742944
2025-03-07 15:03:57,1.742944
2025-03-07 15:04:27,1.742944
2025-03-07 15:04:57,1.742944
2025-03-07 15:05:27,1.742944
2025-03-07 15:05:58,1.742944
2025-03-07 15:06:28,1.742944
2025-03-07 15:06:58,1.742944
2025-03-07 15:07:28,1.742944
2025-03-07 15:07:58,1.742944
2025-03-07 15:08:28,1.742944
2025-03-07 15:08:58,1.742944
2025-03-07 15:09:29,1.742944
2025-03-07 15:09:59,1.742944
2025-03-07 15:10:29,1.742944
2025-03-07 15:11:00,1.742944
2025-03-07 15:11:30,1.742944
2025-03-07 15:12:00,1.742944
2025-03-07 15:12:30,1.742944
2025-03-07 15:13:00,1.742944
2025-03-07 15:13:30,1.742944
2025-03-07 15:14:00,1.742944
2025-03-07 15:14:31,1.742944
2025-03-07 15:15:01,1.742944
2025-03-07 15:15:31,1.742944
2025-03-07 15:16:01,1.742944
2025-03-07 15:16:31,1.742944
2025-03-07 15:17:01,1.742944
2025-03-07 15:17:31,1.742944
2025-03-07 15:18:01,1.742944
2025-03-07 15:18:32,1.742944
2025-03-07 15:19:02,1.742944
2025-03-07 15:19:32,1.742944
2025-03-07 15:20:02,1.742944
2025-03-07 15:20:32,1.742944
2025-03-07 15:21:02,1.742944
2025-03-07 15:21:33,1.742944
2025-03-07 15:22:03,1.742944
2025-03-07 15:22:33,1.742944
2025-03-07 15:23:03,1.742944
2025-03-07 15:23:33,1.742944
2025-03-07 15:24:03,1.742944
2025-03-07 15:24:33,1.742944
2025-03-07 15:25:04,1.742944
2025-03-07 15:25:34,1.742944
2025-03-07 15:26:04,1.742944
2025-03-07 15:26:34,1.742944
2025-03-07 15:27:04,1.742944
2025-03-07 15:27:34,1.742944
2025-03-07 15:28:05,1.742944
2025-03-07 15:28:35,1.742944
2025-03-07 15:29:05,1.742944
2025-03-07 15:29:35,1.742944
2025-03-07 15:30:05,1.742944
2025-03-07 15:30:35,1.742944
2025-03-07 15:31:05,1.742944
2025-03-07 15:31:36,1.742944
2025-03-07 15:32:06,1.742944
2025-03-07 15:32:36,1.742944
2025-03-07 15:33:06,1.742944
2025-03-07 15:33:36,1.742944
2025-03-07 15:34:06,1.742944
2025-03-07 15:34:36,1.742944
2025-03-07 15:35:07,1.742944
2025-03-07 15:35:37,1.742944
2025-03-07 15:36:07,1.742944
2025-03-07 15:36:37,1.742944
2025-03-07 15:37:07,1.742944
2025-03-07 15:37:37,1.742944
2025-03-07 15:38:08,1.742944
2025-03-07 15:38:38,1.742944
2025-03-07 15:39:08,1.742944
2025-03-07 15:39:38,1.742944
2025-03-07 15:40:08,1.742944
2025-03-07 15:40:38,1.742944
2025-03-07 15:41:08,1.742944
2025-03-07 15:41:39,1.742944
2025-03-07 15:42:09,1.742944
2025-03-07 15:42:39,1.742944
2025-03-07 15:43:09,1.742944
2025-03-07 15:43:39,1.742944
2025-03-07 15:44:09,1.742944
2025-03-07 15:44:39,1.742944
2025-03-07 15:45:10,1.742944
2025-03-07 15:45:40,1.742944
2025-03-07 15:46:10,1.742944
2025-03-07 15:46:40,1.742944
2025-03-07 15:47:10,1.742944
2025-03-07 15:47:40,1.742944
2025-03-07 15:48:10,1.742944
2025-03-07 15:48:41,1.742944
2025-03-07 15:49:11,1.742944
2025-03-07 15:49:41,1.742944
2025-03-07 15:50:11,1.742944
2025-03-07 15:50:41,1.742944
2025-03-07 15:51:11,1.742944
2025-03-07 15:51:42,1.742944
2025-03-07 15:52:12,1.742944
2025-03-07 15:52:42,1.742944
2025-03-07 15:53:12,1.742944
2025-03-07 15:53:42,1.742944
2025-03-07 15:54:12,1.742944
2025-03-07 15:54:42,1.742944
2025-03-07 15:55:12,1.742944
2025-03-07 15:55:43,1.742944
2025-03-07 15:56:13,1.742944
2025-03-07 15:56:43,1.742944
2025-03-07 15:57:13,1.742944
2025-03-07 15:57:43,1.742944
2025-03-07 15:58:13,1.742944
2025-03-07 15:58:43,1.742944
2025-03-07 15:59:14,1.742944
2025-03-07 15:59:44,1.742944
2025-03-07 16:00:14,1.742944
2025-03-07 16:00:44,1.742944
2025-03-07 16:01:14,1.742944
2025-03-07 16:01:44,1.742944
2025-03-07 16:02:14,1.742944
2025-03-07 16:02:45,1.742944
2025-03-07 16:03:15,1.742944
2025-03-07 16:03:45,1.742944
2025-03-07 16:04:15,1.742944
2025-03-07 16:04:45,1.742944
2025-03-07 16:05:15,1.742944
2025-03-07 16:05:45,1.742944
2025-03-07 16:06:16,1.742944
2025-03-07 16:06:46,1.742944
2025-03-07 16:07:16,1.742944
2025-03-07 16:07:46,1.742944
2025-03-07 16:08:16,1.742944
2025-03-07 16:08:46,1.742944
2025-03-07 16:09:17,1.742944
2025-03-07 16:09:47,1.742944
2025-03-07 16:10:17,1.742944
2025-03-07 16:10:48,1.742944
2025-03-07 16:11:18,1.742944
2025-03-07 16:11:48,1.742944
2025-03-07 16:12:18,1.742944
2025-03-07 16:12:48,1.742944
2025-03-07 16:13:18,1.742944
2025-03-07 16:13:48,1.742944
2025-03-07 16:14:19,1.742944
2025-03-07 16:14:49,1.742944
2025-03-07 16:15:19,1.742944
2025-03-07 16:15:49,1.742944
2025-03-07 16:16:19,1.742944
2025-03-07 16:16:49,1.742944
2025-03-07 16:17:19,1.742944
2025-03-07 16:17:50,1.742944
2025-03-07 16:18:20,1.742944
2025-03-07 16:18:50,1.742944
2025-03-07 16:19:20,1.742944
2025-03-07 16:19:50,1.742944
2025-03-07 16:20:20,1.742944
2025-03-07 16:20:51,1.742944
2025-03-07 16:21:21,1.742944
2025-03-07 16:21:51,1.742944
2025-03-07 16:22:21,1.742944
2025-03-07 16:22:51,1.742944
2025-03-07 16:23:21,1.742944
2025-03-07 16:23:51,1.742944
2025-03-07 16:24:22,1.742944
2025-03-07 16:24:52,1.742944
2025-03-07 16:25:22,1.742944
2025-03-07 16:25:52,1.742944
2025-03-07 16:26:22,1.742944
2025-03-07 16:26:52,1.742944
2025-03-07 16:27:23,1.742944
2025-03-07 16:27:53,1.742944
2025-03-07 16:28:23,1.742944
2025-03-07 16:28:53,1.742944
2025-03-07 16:29:23,1.742944
2025-03-07 16:29:53,1.742944
2025-03-07 16:30:23,1.742944
2025-03-07 16:30:54,1.742944
2025-03-07 16:31:24,1.742944
2025-03-07 16:31:54,1.742944
2025-03-07 16:32:24,1.742944
2025-03-07 16:32:54,1.742944
2025-03-07 16:33:24,1.742944
2025-03-07 16:33:54,1.742944
2025-03-07 16:34:25,1.742944
2025-03-07 16:34:55,1.742944
2025-03-07 16:35:25,1.742944
2025-03-07 16:35:55,1.742944
2025-03-07 16:36:25,1.742944
2025-03-07 16:36:55,1.742944
2025-03-07 16:37:25,1.742944
2025-03-07 16:37:56,1.742944
2025-03-07 16:38:26,1.742944
2025-03-07 16:38:56,1.742944
2025-03-07 16:39:26,1.742944
2025-03-07 16:39:56,1.742944
2025-03-07 16:40:26,1.742944
2025-03-07 16:40:57,1.742944
2025-03-07 16:41:27,1.742944
2025-03-07 16:41:57,1.742944
2025-03-07 16:42:27,1.742944
2025-03-07 16:42:57,1.742944
2025-03-07 16:43:27,1.742944
2025-03-07 16:43:57,1.742944
2025-03-07 16:44:28,1.742944
2025-03-07 16:44:58,1.742944
2025-03-07 16:45:28,1.742944
2025-03-07 16:45:58,1.742944
2025-03-07 16:46:28,1.742944
2025-03-07 16:46:59,1.742944
2025-03-07 16:47:29,1.742944
2025-03-07 16:47:59,1.742944
2025-03-07 16:48:29,1.742944
2025-03-07 16:48:59,1.742944
2025-03-07 16:49:29,1.742944
2025-03-07 16:49:59,1.742944
2025-03-07 16:50:30,1.742944
2025-03-07 16:51:00,1.742944
2025-03-07 16:51:30,1.742944
2025-03-07 16:52:00,1.742944
2025-03-07 16:52:30,1.742944
2025-03-07 16:53:00,1.742944
2025-03-07 16:53:31,1.742944
2025-03-07 16:54:01,1.742944
2025-03-07 16:54:31,1.742944
2025-03-07 16:55:01,1.742944
2025-03-07 16:55:31,1.742944
2025-03-07 16:56:01,1.742944
2025-03-07 16:56:31,1.742944
2025-03-07 16:57:02,1.742944
2025-03-07 16:57:32,1.742944
2025-03-07 16:58:02,1.742944
2025-03-07 16:58:32,1.742944
2025-03-07 16:59:02,1.742944
2025-03-07 16:59:32,1.742944
2025-03-07 17:00:03,1.742944
2025-03-07 17:00:33,1.742944
2025-03-07 17:01:03,1.742944
2025-03-07 17:01:33,1.742944
2025-03-07 17:02:03,1.742944
2025-03-07 17:02:33,1.742944
2025-03-07 17:03:04,1.742944
2025-03-07 17:03:34,1.742944
2025-03-07 17:04:04,1.742944
2025-03-07 17:04:34,1.742944
2025-03-07 17:05:04,1.742944
2025-03-07 17:05:34,1.742944
2025-03-07 17:06:05,1.742944
2025-03-07 17:06:35,1.742944
2025-03-07 17:07:05,1.742944
2025-03-07 17:07:35,1.742944
2025-03-07 17:08:05,1.742944
2025-03-07 17:08:35,1.742944
2025-03-07 17:09:05,1.742944
2025-03-07 17:09:36,1.742944
2025-03-07 17:10:06,1.742944
2025-03-07 17:10:36,1.742944
2025-03-07 17:11:06,1.742944
2025-03-07 17:11:36,1.742944
2025-03-07 17:12:06,1.742944
2025-03-07 17:12:37,1.742944
2025-03-07 17:13:07,1.742944
2025-03-07 17:13:37,1.742944
2025-03-07 17:14:07,1.742944
2025-03-07 17:14:37,1.742944
2025-03-07 17:15:07,1.742944
2025-03-07 17:15:37,1.742944
2025-03-07 17:16:08,1.742944
2025-03-07 17:16:38,1.742944
2025-03-07 17:17:08,1.742944
2025-03-07 17:17:38,1.742944
2025-03-07 17:18:08,1.742944
2025-03-07 17:18:38,1.742944
2025-03-07 17:19:09,1.742944
2025-03-07 17:19:39,1.742944
2025-03-07 17:20:09,1.742944
2025-03-07 17:20:39,1.742944
2025-03-07 17:21:09,1.742944
2025-03-07 17:21:39,1.742944
2025-03-07 17:22:09,1.742944
2025-03-07 17:22:40,1.742944
2025-03-07 17:23:10,1.742944
2025-03-07 17:23:40,1.742944
2025-03-07 17:24:10,1.742944
2025-03-07 17:24:40,1.742944
2025-03-07 17:25:10,1.742944
2025-03-07 17:25:41,1.742944
2025-03-07 17:26:11,1.742944
2025-03-07 17:26:41,1.742944
2025-03-07 17:27:11,1.742944
2025-03-07 17:27:41,1.742944
2025-03-07 17:28:11,1.742944
2025-03-07 17:28:42,1.742944
2025-03-07 17:29:12,1.742944
2025-03-07 17:29:42,1.742944
2025-03-07 17:30:12,1.742944
2025-03-07 17:30:42,1.742944
2025-03-07 17:31:12,1.742944
2025-03-07 17:31:42,1.742944
2025-03-07 17:32:13,1.742944
2025-03-07 17:32:43,1.742944
2025-03-07 17:33:13,1.742944
2025-03-07 17:33:43,1.742944
2025-03-07 17:34:13,1.742944
2025-03-07 17:34:43,1.742944
2025-03-07 17:35:14,1.742944
2025-03-07 17:35:44,1.742944
2025-03-07 17:36:14,1.742944
2025-03-07 17:36:44,1.742944
2025-03-07 17:37:14,1.742944
2025-03-07 17:37:45,1.742944
2025-03-07 17:38:15,1.742944
2025-03-07 17:38:45,1.742944
2025-03-07 17:39:15,1.742944
2025-03-07 17:39:45,1.742944
2025-03-07 17:40:15,1.742944
2025-03-07 17:40:46,1.742944
2025-03-07 17:41:16,1.742944
2025-03-07 17:41:46,1.742944
2025-03-07 17:42:16,1.742944
2025-03-07 17:42:46,1.742944
2025-03-07 17:43:16,1.742944
2025-03-07 17:43:47,1.742944
2025-03-07 17:44:17,1.742944
2025-03-07 17:44:47,1.742944
2025-03-07 17:45:17,1.742944
2025-03-07 17:45:47,1.742944
2025-03-07 17:46:17,1.742944
2025-03-07 17:46:48,1.742944
2025-03-07 17:47:18,1.742944
2025-03-07 17:47:48,1.742944
2025-03-07 17:48:18,1.742944
2025-03-07 17:48:48,1.742944
2025-03-07 17:49:18,1.742944
2025-03-07 17:49:48,1.742944
2025-03-07 17:50:19,1.742944
2025-03-07 17:50:49,1.742944
2025-03-07 17:51:19,1.742944
2025-03-07 17:51:49,1.742944
2025-03-07 17:52:19,1.742944
2025-03-07 17:52:49,1.742944
2025-03-07 17:53:20,1.742944
2025-03-07 17:53:50,1.742944
2025-03-07 17:54:20,1.742944
2025-03-07 17:54:50,1.742944
2025-03-07 17:55:20,1.742944
2025-03-07 17:55:50,1.742944
2025-03-07 17:56:21,1.742944
2025-03-07 17:56:51,1.742944
2025-03-07 17:57:21,1.742944
2025-03-07 17:57:51,1.742944
2025-03-07 17:58:21,1.742944
2025-03-07 17:58:51,1.742944
2025-03-07 17:59:22,1.742944
2025-03-07 17:59:52,1.742944
2025-03-07 18:00:22,1.742944
2025-03-07 18:00:52,1.742944
2025-03-07 18:01:22,1.742944
2025-03-07 18:01:53,1.742944
2025-03-07 18:02:23,1.742944
2025-03-07 18:02:53,1.742944
2025-03-07 18:03:23,1.742944
2025-03-07 18:03:53,1.742944
2025-03-07 18:04:23,1.742944
2025-03-07 18:04:54,1.742944
2025-03-07 18:05:24,1.742944
2025-03-07 18:05:54,1.742944
2025-03-07 18:06:24,1.742944
2025-03-07 18:06:54,1.742944
2025-03-07 18:07:25,1.742944
2025-03-07 18:07:55,1.742944
2025-03-07 18:08:25,1.742944
2025-03-07 18:08:55,1.742944
2025-03-07 18:09:25,1.742944
2025-03-07 18:09:55,1.742944
2025-03-07 18:10:26,1.742944
2025-03-07 18:10:56,1.742944
2025-03-07 18:11:26,1.742944
2025-03-07 18:11:57,1.742944
2025-03-07 18:12:27,1.742944
2025-03-07 18:12:57,1.742944
2025-03-07 18:13:27,1.742944
2025-03-07 18:13:57,1.742944
2025-03-07 18:14:27,1.742944
2025-03-07 18:14:57,1.742944
2025-03-07 18:15:28,1.742944
2025-03-07 18:15:58,1.742944
2025-03-07 18:16:28,1.742944
2025-03-07 18:16:58,1.742944
2025-03-07 18:17:28,1.742944
2025-03-07 18:17:58,1.742944
2025-03-07 18:18:29,1.742944
2025-03-07 18:18:59,1.742944
2025-03-07 18:19:29,1.742944
2025-03-07 18:19:59,1.742944
2025-03-07 18:20:29,1.742944
2025-03-07 18:20:59,1.742944
2025-03-07 18:21:30,1.742944
2025-03-07 18:22:00,1.742944
2025-03-07 18:22:30,1.742944
2025-03-07 18:23:00,1.742944
2025-03-07 18:23:30,1.742944
2025-03-07 18:24:00,1.742944
2025-03-07 18:24:31,1.742944
2025-03-07 18:25:01,1.742944
2025-03-07 18:25:31,1.742944
2025-03-07 18:26:01,1.742944
2025-03-07 18:26:31,1.742944
2025-03-07 18:27:01,1.742944
2025-03-07 18:27:32,1.742944
2025-03-07 18:28:02,1.742944
2025-03-07 18:28:32,1.742944
2025-03-07 18:29:02,1.742944
2025-03-07 18:29:32,1.742944
2025-03-07 18:30:02,1.742944
2025-03-07 18:30:33,1.742944
2025-03-07 18:31:03,1.742944
2025-03-07 18:31:33,1.742944
2025-03-07 18:32:03,1.742944
2025-03-07 18:32:33,1.742944
2025-03-07 18:33:03,1.742944
2025-03-07 18:33:34,1.742944
2025-03-07 18:34:04,1.742944
2025-03-07 18:34:34,1.742944
2025-03-07 18:35:04,1.742944
2025-03-07 18:35:34,1.742944
2025-03-07 18:36:04,1.742944
2025-03-07 18:36:35,1.742944
2025-03-07 18:37:05,1.742944
2025-03-07 18:37:35,1.742944
2025-03-07 18:38:05,1.742944
2025-03-07 18:38:36,1.742944
2025-03-07 18:39:06,1.742944
2025-03-07 18:39:36,1.742944
2025-03-07 18:40:06,1.742944
2025-03-07 18:40:36,1.742944
2025-03-07 18:41:06,1.742944
2025-03-07 18:41:37,1.742944
2025-03-07 18:42:07,1.742944
2025-03-07 18:42:37,1.742944
2025-03-07 18:43:07,1.742944
2025-03-07 18:43:37,1.742944
2025-03-07 18:44:07,1.742944
2025-03-07 18:44:37,1.742944
2025-03-07 18:45:08,1.742944
2025-03-07 18:45:38,1.742944
2025-03-07 18:46:08,1.742944
2025-03-07 18:46:38,1.742944
2025-03-07 18:47:08,1.742944
2025-03-07 18:47:38,1.742944
2025-03-07 18:48:08,1.742944
2025-03-07 18:48:39,1.742944
2025-03-07 18:49:09,1.742944
2025-03-07 18:49:39,1.742944
2025-03-07 18:50:09,1.742944
2025-03-07 18:50:39,1.742944
2025-03-07 18:51:09,1.742944
2025-03-07 18:51:39,1.742944
2025-03-07 18:52:10,1.742944
2025-03-07 18:52:40,1.742944
2025-03-07 18:53:10,1.742944
2025-03-07 18:53:40,1.742944
2025-03-07 18:54:10,1.742944
2025-03-07 18:54:40,1.742944
2025-03-07 18:55:10,1.742944
2025-03-07 18:55:41,1.742944
2025-03-07 18:56:11,1.742944
2025-03-07 18:56:41,1.742944
2025-03-07 18:57:11,1.742944
2025-03-07 18:57:41,1.742944
2025-03-07 18:58:12,1.742944
2025-03-07 18:58:42,1.742944
2025-03-07 18:59:12,1.742944
2025-03-07 18:59:42,1.742944
2025-03-07 19:00:12,1.742944
2025-03-07 19:00:42,1.742944
2025-03-07 19:01:12,1.742944
2025-03-07 19:01:43,1.742944
2025-03-07 19:02:13,1.742944
2025-03-07 19:02:43,1.742944
2025-03-07 19:03:13,1.742944
2025-03-07 19:03:43,1.742944
2025-03-07 19:04:13,1.742944
2025-03-07 19:04:43,1.742944
2025-03-07 19:05:14,1.742944
2025-03-07 19:05:44,1.742944
2025-03-07 19:06:14,1.742944
2025-03-07 19:06:44,1.742944
2025-03-07 19:07:14,1.742944
2025-03-07 19:07:44,1.742944
2025-03-07 19:08:15,1.742944
2025-03-07 19:08:45,1.742944
2025-03-07 19:09:15,1.742944
2025-03-07 19:09:45,1.742944
2025-03-07 19:10:15,1.742944
2025-03-07 19:10:45,1.742944
2025-03-07 19:11:15,1.742944
2025-03-07 19:11:46,1.742944
2025-03-07 19:12:16,1.742944
2025-03-07 19:12:46,1.742944
2025-03-07 19:13:16,1.742944
2025-03-07 19:13:46,1.742944
2025-03-07 19:14:16,1.742944
2025-03-07 19:14:46,1.742944
2025-03-07 19:15:17,1.742944
2025-03-07 19:15:47,1.742944
2025-03-07 19:16:17,1.742944
2025-03-07 19:16:47,1.742944
2025-03-07 19:17:17,1.742944
2025-03-07 19:17:47,1.742944
2025-03-07 19:18:17,1.742944
2025-03-07 19:18:48,1.742944
2025-03-07 19:19:18,1.742944
2025-03-07 19:19:48,1.742944
2025-03-07 19:20:18,1.742944
2025-03-07 19:20:48,1.742944
2025-03-07 19:21:19,1.742944
2025-03-07 19:21:49,1.742944
2025-03-07 19:22:19,1.742944
2025-03-07 19:22:49,1.742944
2025-03-07 19:23:19,1.742944
2025-03-07 19:23:49,1.742944
2025-03-07 19:24:19,1.742944
2025-03-07 19:24:50,1.742944
2025-03-07 19:25:20,1.742944
2025-03-07 19:25:50,1.742944
2025-03-07 19:26:20,1.742944
2025-03-07 19:26:50,1.742944
2025-03-07 19:27:20,1.742944
2025-03-07 19:27:51,1.742944
2025-03-07 19:28:21,1.742944
2025-03-07 19:28:51,1.742944
2025-03-07 19:29:21,1.742944
2025-03-07 19:29:51,1.742944
2025-03-07 19:30:21,1.742944
2025-03-07 19:30:51,1.742944
2025-03-07 19:31:22,1.742944
2025-03-07 19:31:52,1.742944
2025-03-07 19:32:22,1.742944
2025-03-07 19:32:52,1.742944
2025-03-07 19:33:22,1.742944
2025-03-07 19:33:53,1.742944
2025-03-07 19:34:23,1.742944
2025-03-07 19:34:53,1.742944
2025-03-07 19:35:23,1.742944
2025-03-07 19:35:53,1.742944
2025-03-07 19:36:23,1.742944
2025-03-07 19:36:53,1.742944
2025-03-07 19:37:24,1.742944
2025-03-07 19:37:54,1.742944
2025-03-07 19:38:24,1.742944
2025-03-07 19:38:54,1.742944
2025-03-07 19:39:24,1.742944
2025-03-07 19:39:54,1.742944
2025-03-07 19:40:24,1.742944
2025-03-07 19:40:55,1.742944
2025-03-07 19:41:25,1.742944
2025-03-07 19:41:55,1.742944
2025-03-07 19:42:25,1.742944
2025-03-07 19:42:55,1.742944
2025-03-07 19:43:25,1.742944
2025-03-07 19:43:56,1.742944
2025-03-07 19:44:26,1.742944
2025-03-07 19:44:56,1.742944
2025-03-07 19:45:26,1.742944
2025-03-07 19:45:56,1.742944
2025-03-07 19:46:26,1.742944
2025-03-07 19:46:56,1.742944
2025-03-07 19:47:27,1.742944
2025-03-07 19:47:57,1.742944
2025-03-07 19:48:27,1.742944
2025-03-07 19:48:57,1.742944
2025-03-07 19:49:27,1.742944
2025-03-07 19:49:57,1.742944
2025-03-07 19:50:28,1.742944
2025-03-07 19:50:58,1.742944
2025-03-07 19:51:28,1.742944
2025-03-07 19:51:58,1.742944
2025-03-07 19:52:28,1.742944
2025-03-07 19:52:58,1.742944
2025-03-07 19:53:28,1.742944
2025-03-07 19:53:59,1.742944
2025-03-07 19:54:29,1.742944
2025-03-07 19:54:59,1.742944
2025-03-07 19:55:29,1.742944
2025-03-07 19:55:59,1.742944
2025-03-07 19:56:29,1.742944
2025-03-07 19:57:00,1.742944
2025-03-07 19:57:30,1.742944
2025-03-07 19:58:00,1.742944
2025-03-07 19:58:30,1.742944
2025-03-07 19:59:00,1.742944
2025-03-07 19:59:30,1.742944
2025-03-07 20:00:00,1.742944
2025-03-07 20:00:31,1.742944
2025-03-07 20:01:01,1.742944
2025-03-07 20:01:31,1.742944
2025-03-07 20:02:01,1.742944
2025-03-07 20:02:31,1.742944
2025-03-07 20:03:02,1.742944
2025-03-07 20:03:32,1.742944
2025-03-07 20:04:02,1.742944
2025-03-07 20:04:32,1.742944
2025-03-07 20:05:02,1.742944
2025-03-07 20:05:32,1.742944
2025-03-07 20:06:02,1.742944
2025-03-07 20:06:33,1.742944
2025-03-07 20:07:03,1.742944
2025-03-07 20:07:33,1.742944
2025-03-07 20:08:03,1.742944
2025-03-07 20:08:33,1.742944
2025-03-07 20:09:03,1.742944
2025-03-07 20:09:34,1.742944
2025-03-07 20:10:04,1.742944
2025-03-07 20:10:34,1.742944
2025-03-07 20:11:04,1.742944
2025-03-07 20:11:34,1.742944
2025-03-07 20:12:04,1.742944
2025-03-07 20:12:34,1.742944
2025-03-07 20:13:05,1.742944
2025-03-07 20:13:35,1.742944
2025-03-07 20:14:05,1.742944
2025-03-07 20:14:35,1.742944
2025-03-07 20:15:05,1.742944
2025-03-07 20:15:35,1.742944
2025-03-07 20:16:06,1.742944
2025-03-07 20:16:36,1.742944
2025-03-07 20:17:06,1.742944
2025-03-07 20:17:36,1.742944
2025-03-07 20:18:06,1.742944
2025-03-07 20:18:37,1.742944
2025-03-07 20:19:07,1.742944
2025-03-07 20:19:37,1.742944
2025-03-07 20:20:07,1.742944
2025-03-07 20:20:37,1.742944
2025-03-07 20:21:07,1.742944
2025-03-07 20:21:37,1.742944
2025-03-07 20:22:07,1.742944
2025-03-07 20:22:38,1.742944
2025-03-07 20:23:08,1.742944
2025-03-07 20:23:38,1.742944
2025-03-07 20:24:08,1.742944
2025-03-07 20:24:38,1.742944
2025-03-07 20:25:08,1.742944
2025-03-07 20:25:38,1.742944
2025-03-07 20:26:08,1.742944
2025-03-07 20:26:39,1.742944
2025-03-07 20:27:09,1.742944
2025-03-07 20:27:39,1.742944
2025-03-07 20:28:09,1.742944
2025-03-07 20:28:39,1.742944
2025-03-07 20:29:09,1.742944
2025-03-07 20:29:40,1.742944
2025-03-07 20:30:10,1.742944
2025-03-07 20:30:40,1.742944
2025-03-07 20:31:10,1.742944
2025-03-07 20:31:40,1.742944
2025-03-07 20:32:10,1.742944
2025-03-07 20:32:40,1.742944
2025-03-07 20:33:11,1.742944
2025-03-07 20:33:41,1.742944
2025-03-07 20:34:11,1.742944
2025-03-07 20:34:41,1.742944
2025-03-07 20:35:11,1.742944
2025-03-07 20:35:41,1.742944
2025-03-07 20:36:11,1.742944
2025-03-07 20:36:42,1.742944
2025-03-07 20:37:12,1.742944
2025-03-07 20:37:42,1.742944
2025-03-07 20:38:12,1.742944
2025-03-07 20:38:42,1.742944
2025-03-07 20:39:12,1.742944
2025-03-07 20:39:43,1.742944
2025-03-07 20:40:13,1.742944
2025-03-07 20:40:43,1.742944
2025-03-07 20:41:13,1.742944
2025-03-07 20:41:43,1.742944
2025-03-07 20:42:13,1.742944
2025-03-07 20:42:43,1.742944
2025-03-07 20:43:13,1.742944
2025-03-07 20:43:44,1.742944
2025-03-07 20:44:14,1.742944
2025-03-07 20:44:44,1.742944
2025-03-07 20:45:14,1.742944
2025-03-07 20:45:44,1.742944
2025-03-07 20:46:14,1.742944
2025-03-07 20:46:45,1.742944
2025-03-07 20:47:15,1.742944
2025-03-07 20:47:45,1.742944
2025-03-07 20:48:15,1.742944
2025-03-07 20:48:45,1.742944
2025-03-07 20:49:15,1.742944
2025-03-07 20:49:46,1.742944
2025-03-07 20:50:16,1.742944
2025-03-07 20:50:46,1.742944
2025-03-07 20:51:16,1.742944
2025-03-07 20:51:46,1.742944
2025-03-07 20:52:16,1.742944
2025-03-07 20:52:46,1.742944
2025-03-07 20:53:17,1.742944
2025-03-07 20:53:47,1.742944
2025-03-07 20:54:17,1.742944
2025-03-07 20:54:47,1.742944
2025-03-07 20:55:17,1.742944
2025-03-07 20:55:47,1.742944
2025-03-07 20:56:17,1.742944
2025-03-07 20:56:48,1.742944
2025-03-07 20:57:18,1.742944
2025-03-07 20:57:48,1.742944
2025-03-07 20:58:18,1.742944
2025-03-07 20:58:48,1.742944
2025-03-07 20:59:18,1.742944
2025-03-07 20:59:48,1.742944
2025-03-07 21:00:19,1.742944
2025-03-07 21:00:49,1.742944
2025-03-07 21:01:19,1.742944
2025-03-07 21:01:49,1.742944
2025-03-07 21:02:19,1.742944
2025-03-07 21:02:49,1.742944
2025-03-07 21:03:20,1.742944
2025-03-07 21:03:50,1.742944
2025-03-07 21:04:20,1.742944
2025-03-07 21:04:50,1.742944
2025-03-07 21:05:20,1.742944
2025-03-07 21:05:50,1.742944
2025-03-07 21:06:21,1.742944
2025-03-07 21:06:51,1.742944
2025-03-07 21:07:21,1.742944
2025-03-07 21:07:51,1.742944
2025-03-07 21:08:21,1.742944
2025-03-07 21:08:51,1.742944
2025-03-07 21:09:21,1.742944
2025-03-07 21:09:52,1.742944
2025-03-07 21:10:22,1.742944
2025-03-07 21:10:52,1.742944
2025-03-07 21:11:22,1.742944
2025-03-07 21:11:52,1.742944
2025-03-07 21:12:22,1.742944
2025-03-07 21:12:53,1.742944
2025-03-07 21:13:23,1.742944
2025-03-07 21:13:53,1.742944
2025-03-07 21:14:23,1.742944
2025-03-07 21:14:53,1.742944
2025-03-07 21:15:23,1.742944
2025-03-07 21:15:53,1.742944
2025-03-07 21:16:23,1.742944
2025-03-07 21:16:54,1.742944
2025-03-07 21:17:24,1.742944
2025-03-07 21:17:54,1.742944
2025-03-07 21:18:24,1.742944
2025-03-07 21:18:54,1.742944
2025-03-07 21:19:24,1.742944
2025-03-07 21:19:54,1.742944
2025-03-07 21:20:25,1.742944
2025-03-07 21:20:55,1.742944
2025-03-07 21:21:25,1.742944
2025-03-07 21:21:55,1.742944
2025-03-07 21:22:25,1.742944
2025-03-07 21:22:55,1.742944
2025-03-07 21:23:26,1.742944
2025-03-07 21:23:56,1.742944
2025-03-07 21:24:26,1.742944
2025-03-07 21:24:56,1.742944
2025-03-07 21:25:26,1.742944
2025-03-07 21:25:56,1.742944
2025-03-07 21:26:26,1.742944
2025-03-07 21:26:57,1.742944
2025-03-07 21:27:27,1.742944
2025-03-07 21:27:57,1.742944
2025-03-07 21:28:27,1.742944
2025-03-07 21:28:57,1.742944
2025-03-07 21:29:27,1.742944
2025-03-07 21:29:57,1.742944
2025-03-07 21:30:28,1.742944
2025-03-07 21:30:58,1.742944
2025-03-07 21:31:28,1.742944
2025-03-07 21:31:58,1.742944
2025-03-07 21:32:28,1.742944
2025-03-07 21:32:58,1.742944
2025-03-07 21:33:28,1.742944
2025-03-07 21:33:59,1.742944
2025-03-07 21:34:29,1.742944
2025-03-07 21:34:59,1.742944
2025-03-07 21:35:29,1.742944
2025-03-07 21:35:59,1.742944
2025-03-07 21:36:29,1.742944
2025-03-07 21:37:00,1.742944
2025-03-07 21:37:30,1.742944
2025-03-07 21:38:00,1.742944
2025-03-07 21:38:30,1.742944
2025-03-07 21:39:00,1.742944
2025-03-07 21:39:30,1.742944
2025-03-07 21:40:01,1.742944
2025-03-07 21:40:31,1.742944
2025-03-07 21:41:01,1.742944
2025-03-07 21:41:31,1.742944
2025-03-07 21:42:01,1.742944
2025-03-07 21:42:31,1.742944
2025-03-07 21:43:01,1.742944
2025-03-07 21:43:32,1.742944
2025-03-07 21:44:02,1.742944
2025-03-07 21:44:32,1.742944
2025-03-07 21:45:02,1.742944
2025-03-07 21:45:32,1.742944
2025-03-07 21:46:02,1.742944
2025-03-07 21:46:32,1.742944
2025-03-07 21:47:03,1.742944
2025-03-07 21:47:33,1.742944
2025-03-07 21:48:03,1.742944
2025-03-07 21:48:33,1.742944
2025-03-07 21:49:03,1.742944
2025-03-07 21:49:33,1.742944
2025-03-07 21:50:03,1.742944
2025-03-07 21:50:34,1.742944
2025-03-07 21:51:04,1.742944
2025-03-07 21:51:34,1.742944
2025-03-07 21:52:04,1.742944
2025-03-07 21:52:34,1.742944
2025-03-07 21:53:05,1.742944
2025-03-07 21:53:35,1.742944
2025-03-07 21:54:05,1.742944
2025-03-07 21:54:35,1.742944
2025-03-07 21:55:05,1.742944
2025-03-07 21:55:35,1.742944
2025-03-07 21:56:05,1.742944
2025-03-07 21:56:36,1.742944
2025-03-07 21:57:06,1.742944
2025-03-07 21:57:36,1.742944
2025-03-07 21:58:06,1.742944
2025-03-07 21:58:36,1.742944
2025-03-07 21:59:06,1.742944
2025-03-07 21:59:37,1.742944
2025-03-07 22:00:07,1.742944
2025-03-07 22:00:37,1.742944
2025-03-07 22:01:07,1.742944
2025-03-07 22:01:37,1.742944
2025-03-07 22:02:07,1.742944
2025-03-07 22:02:37,1.742944
2025-03-07 22:03:08,1.742944
2025-03-07 22:03:38,1.742944
2025-03-07 22:04:08,1.742944
2025-03-07 22:04:38,1.742944
2025-03-07 22:05:08,1.742944
2025-03-07 22:05:38,1.742944
2025-03-07 22:06:09,1.742944
2025-03-07 22:06:39,1.742944
2025-03-07 22:07:09,1.742944
2025-03-07 22:07:39,1.742944
2025-03-07 22:08:09,1.742944
2025-03-07 22:08:40,1.742944
2025-03-07 22:09:10,1.742944
2025-03-07 22:09:40,1.742944
2025-03-07 22:10:10,1.742944
2025-03-07 22:10:40,1.742944
2025-03-07 22:11:10,1.742944
2025-03-07 22:11:41,1.742944
2025-03-07 22:12:11,1.742944
2025-03-07 22:12:41,1.742944
2025-03-07 22:13:11,1.742944
2025-03-07 22:13:41,1.742944
2025-03-07 22:14:11,1.742944
2025-03-07 22:14:42,1.742944
2025-03-07 22:15:12,1.742944
2025-03-07 22:15:42,1.742944
2025-03-07 22:16:12,1.742944
2025-03-07 22:16:42,1.742944
2025-03-07 22:17:12,1.742944
2025-03-07 22:17:43,1.742944
2025-03-07 22:18:13,1.742944
2025-03-07 22:18:43,1.742944
2025-03-07 22:19:13,1.742944
2025-03-07 22:19:43,1.742944
2025-03-07 22:20:13,1.742944
2025-03-07 22:20:43,1.742944
2025-03-07 22:21:14,1.742944
2025-03-07 22:21:44,1.742944
2025-03-07 22:22:14,1.742944
2025-03-07 22:22:44,1.742944
2025-03-07 22:23:14,1.742944
2025-03-07 22:23:44,1.742944
2025-03-07 22:24:15,1.742944
2025-03-07 22:24:45,1.742944
2025-03-07 22:25:15,1.742944
2025-03-07 22:25:45,1.742944
2025-03-07 22:26:15,1.742944
2025-03-07 22:26:45,1.742944
2025-03-07 22:27:15,1.742944
2025-03-07 22:27:46,1.742944
2025-03-07 22:28:16,1.742944
2025-03-07 22:28:46,1.742944
2025-03-07 22:29:16,1.742944
2025-03-07 22:29:46,1.742944
2025-03-07 22:30:16,1.742944
2025-03-07 22:30:46,1.742944
2025-03-07 22:31:17,1.742944
2025-03-07 22:31:47,1.742944
2025-03-07 22:32:17,1.742944
2025-03-07 22:32:47,1.742944
2025-03-07 22:33:17,1.742944
2025-03-07 22:33:47,1.742944
2025-03-07 22:34:17,1.742944
2025-03-07 22:34:48,1.742944
2025-03-07 22:35:18,1.742944
2025-03-07 22:35:48,1.742944
2025-03-07 22:36:18,1.742944
2025-03-07 22:36:48,1.742944
2025-03-07 22:37:19,1.742944
2025-03-07 22:37:49,1.742944
2025-03-07 22:38:19,1.742944
2025-03-07 22:38:49,1.742944
2025-03-07 22:39:19,1.742944
2025-03-07 22:39:49,1.742944
2025-03-07 22:40:19,1.742944
2025-03-07 22:40:50,1.742944
2025-03-07 22:41:20,1.742944
2025-03-07 22:41:50,1.742944
2025-03-07 22:42:20,1.742944
2025-03-07 22:42:51,1.742944
2025-03-07 22:43:21,1.742944
2025-03-07 22:43:51,1.742944
2025-03-07 22:44:21,1.742944
2025-03-07 22:44:51,1.742944
2025-03-07 22:45:22,1.742944
2025-03-07 22:45:52,1.742944
2025-03-07 22:46:22,1.742944
2025-03-07 22:46:52,1.742944
2025-03-07 22:47:22,1.742944
2025-03-07 22:47:52,1.742944
2025-03-07 22:48:23,1.742944
2025-03-07 22:48:53,1.742944
2025-03-07 22:49:23,1.742944
2025-03-07 22:49:53,1.742944
2025-03-07 22:50:23,1.742944
2025-03-07 22:50:53,1.742944
2025-03-07 22:51:23,1.742944
2025-03-07 22:51:54,1.742944
2025-03-07 22:52:24,1.742944
2025-03-07 22:52:54,1.742944
2025-03-07 22:53:24,1.742944
2025-03-07 22:53:54,1.742944
2025-03-07 22:54:24,1.742944
2025-03-07 22:54:55,1.742944
2025-03-07 22:55:25,1.742944
2025-03-07 22:55:55,1.742944
2025-03-07 22:56:25,1.742944
2025-03-07 22:56:55,1.742944
2025-03-07 22:57:26,1.742944
2025-03-07 22:57:56,1.742944
2025-03-07 22:58:26,1.742944
2025-03-07 22:58:56,1.742944
2025-03-07 22:59:26,1.742944
2025-03-07 22:59:56,1.742944
2025-03-07 23:00:26,1.742944
2025-03-07 23:00:57,1.742944
2025-03-07 23:01:27,1.742944
2025-03-07 23:01:57,1.742944
2025-03-07 23:02:27,1.742944
2025-03-07 23:02:57,1.742944
2025-03-07 23:03:27,1.742944
2025-03-07 23:03:57,1.742944
2025-03-07 23:04:28,1.742944
2025-03-07 23:04:58,1.742944
2025-03-07 23:05:28,1.742944
2025-03-07 23:05:58,1.742944
2025-03-07 23:06:28,1.742944
2025-03-07 23:06:58,1.742944
2025-03-07 23:07:28,1.742944
2025-03-07 23:07:59,1.742944
2025-03-07 23:08:29,1.742944
2025-03-07 23:08:59,1.742944
2025-03-07 23:09:29,1.742944
2025-03-07 23:09:59,1.742944
2025-03-07 23:10:29,1.742944
2025-03-07 23:11:00,1.742944
2025-03-07 23:11:30,1.742944
2025-03-07 23:12:00,1.742944
2025-03-07 23:12:30,1.742944
2025-03-07 23:13:00,1.742944
2025-03-07 23:13:31,1.742944
2025-03-07 23:14:01,1.742944
2025-03-07 23:14:31,1.742944
2025-03-07 23:15:01,1.742944
2025-03-07 23:15:32,1.742944
2025-03-07 23:16:02,1.742944
2025-03-07 23:16:32,1.742944
2025-03-07 23:17:02,1.742944
2025-03-07 23:17:32,1.742944
2025-03-07 23:18:02,1.742944
2025-03-07 23:18:33,1.742944
2025-03-07 23:19:03,1.742944
2025-03-07 23:19:33,1.742944
2025-03-07 23:20:03,1.742944
2025-03-07 23:20:33,1.742944
2025-03-07 23:21:03,1.742944
2025-03-07 23:21:34,1.742944
2025-03-07 23:22:04,1.742944
2025-03-07 23:22:34,1.742944
2025-03-07 23:23:04,1.742944
2025-03-07 23:23:34,1.742944
2025-03-07 23:24:05,1.742944
2025-03-07 23:24:35,1.742944
2025-03-07 23:25:05,1.742944
2025-03-07 23:25:35,1.742944
2025-03-07 23:26:05,1.742944
2025-03-07 23:26:36,1.742944
2025-03-07 23:27:06,1.742944
2025-03-07 23:27:36,1.742944
2025-03-07 23:28:06,1.742944
2025-03-07 23:28:36,1.742944
2025-03-07 23:29:07,1.742944
2025-03-07 23:29:37,1.742944
2025-03-07 23:30:07,1.742944
2025-03-07 23:30:37,1.742944
2025-03-07 23:31:07,1.742944
2025-03-07 23:31:38,1.742944
2025-03-07 23:32:08,1.742944
2025-03-07 23:32:38,1.742944
2025-03-07 23:33:08,1.742944
2025-03-07 23:33:38,1.742944
2025-03-07 23:34:08,1.742944
2025-03-07 23:34:39,1.742944
2025-03-07 23:35:09,1.742944
2025-03-07 23:35:39,1.742944
2025-03-07 23:36:09,1.742944
2025-03-07 23:36:39,1.742944
2025-03-07 23:37:09,1.742944
2025-03-07 23:37:40,1.742944
2025-03-07 23:38:10,1.742944
2025-03-07 23:38:40,1.742944
2025-03-07 23:39:10,1.742944
2025-03-07 23:39:40,1.742944
2025-03-07 23:40:10,1.742944
2025-03-07 23:40:41,1.742944
2025-03-07 23:41:11,1.742944
2025-03-07 23:41:41,1.742944
2025-03-07 23:42:11,1.742944
2025-03-07 23:42:41,1.742944
2025-03-07 23:43:11,1.742944
2025-03-07 23:43:42,1.742944
2025-03-07 23:44:12,1.742944
2025-03-07 23:44:42,1.742944
2025-03-07 23:45:12,1.742944
2025-03-07 23:45:42,1.742944
2025-03-07 23:46:13,1.742944
2025-03-07 23:46:43,1.742944
2025-03-07 23:47:13,1.742944
2025-03-07 23:47:43,1.742944
2025-03-07 23:48:13,1.742944
2025-03-07 23:48:44,1.742944
2025-03-07 23:49:14,1.742944
2025-03-07 23:49:44,1.742944
2025-03-07 23:50:14,1.742944
2025-03-07 23:50:44,1.742944
2025-03-07 23:51:14,1.742944
2025-03-07 23:51:45,1.742944
2025-03-07 23:52:15,1.742944
2025-03-07 23:52:45,1.742944
2025-03-07 23:53:15,1.742944
2025-03-07 23:53:45,1.742944
2025-03-07 23:54:15,1.742944
2025-03-07 23:54:46,1.742944
2025-03-07 23:55:16,1.742944
2025-03-07 23:55:46,1.742944
2025-03-07 23:56:16,1.742944
2025-03-07 23:56:46,1.742944
2025-03-07 23:57:16,1.742944
2025-03-07 23:57:46,1.742944
2025-03-07 23:58:17,1.742944
2025-03-07 23:58:47,1.742944
2025-03-07 23:59:17,1.742944
2025-03-07 23:59:47,1.742944
2025-03-08 00:00:17,1.742944
2025-03-08 00:00:48,1.742944
2025-03-08 00:01:18,1.742944
2025-03-08 00:01:48,1.742944
2025-03-08 00:02:18,1.742944
2025-03-08 00:02:48,1.742944
2025-03-08 00:03:19,1.742944
2025-03-08 00:03:49,1.742944
2025-03-08 00:04:19,1.742944
2025-03-08 00:04:49,1.742944
2025-03-08 00:05:19,1.742944
2025-03-08 00:05:49,1.742944
2025-03-08 00:06:20,1.742944
2025-03-08 00:06:50,1.742944
2025-03-08 00:07:20,1.742944
2025-03-08 00:07:50,1.742944
2025-03-08 00:08:20,1.742944
2025-03-08 00:08:50,1.742944
2025-03-08 00:09:21,1.742944
2025-03-08 00:09:51,1.742944
2025-03-08 00:10:21,1.742944
2025-03-08 00:10:51,1.742944
2025-03-08 00:11:21,1.742944
2025-03-08 00:11:52,1.742944
2025-03-08 00:12:22,1.742944
2025-03-08 00:12:52,1.742944
2025-03-08 00:13:22,1.742944
2025-03-08 00:13:52,1.742944
2025-03-08 00:14:23,1.742944
2025-03-08 00:14:53,1.742944
2025-03-08 00:15:23,1.742944
2025-03-08 00:15:53,1.742944
2025-03-08 00:16:23,1.742944
2025-03-08 00:16:54,1.742944
2025-03-08 00:17:24,1.742944
2025-03-08 00:17:54,1.742944
2025-03-08 00:18:24,1.742944
2025-03-08 00:18:55,1.742944
2025-03-08 00:19:25,1.742944
2025-03-08 00:19:55,1.742944
2025-03-08 00:20:25,1.742944
2025-03-08 00:20:55,1.742944
2025-03-08 00:21:25,1.742944
2025-03-08 00:21:56,1.742944
2025-03-08 00:22:26,1.742944
2025-03-08 00:22:56,1.742944
2025-03-08 00:23:26,1.742944
2025-03-08 00:23:56,1.742944
2025-03-08 00:24:27,1.742944
2025-03-08 00:24:57,1.742944
2025-03-08 00:25:27,1.742944
2025-03-08 00:25:57,1.742944
2025-03-08 00:26:27,1.742944
2025-03-08 00:26:57,1.742944
2025-03-08 00:27:28,1.742944
2025-03-08 00:27:58,1.742944
2025-03-08 00:28:28,1.742944
2025-03-08 00:28:58,1.742944
2025-03-08 00:29:28,1.742944
2025-03-08 00:29:58,1.742944
2025-03-08 00:30:29,1.742944
2025-03-08 00:30:59,1.742944
2025-03-08 00:31:29,1.742944
2025-03-08 00:31:59,1.742944
2025-03-08 00:32:29,1.742944
2025-03-08 00:32:59,1.742944
2025-03-08 00:33:30,1.742944
2025-03-08 00:34:00,1.742944
2025-03-08 00:34:30,1.742944
2025-03-08 00:35:00,1.742944
2025-03-08 00:35:30,1.742944
2025-03-08 00:36:01,1.742944
2025-03-08 00:36:31,1.742944
2025-03-08 00:37:01,1.742944
2025-03-08 00:37:32,1.742944
2025-03-08 00:38:02,1.742944
2025-03-08 00:38:32,1.742944
2025-03-08 00:39:02,1.742944
2025-03-08 00:39:32,1.742944
2025-03-08 00:40:02,1.742944
2025-03-08 00:40:33,1.742944
2025-03-08 00:41:03,1.742944
2025-03-08 00:41:33,1.742944
2025-03-08 00:42:03,1.742944
2025-03-08 00:42:33,1.742944
2025-03-08 00:43:04,1.742944
2025-03-08 00:43:34,1.742944
2025-03-08 00:44:04,1.742944
2025-03-08 00:44:34,1.742944
2025-03-08 00:45:05,1.742944
2025-03-08 00:45:35,1.742944
2025-03-08 00:46:05,1.742944
2025-03-08 00:46:35,1.742944
2025-03-08 00:47:05,1.742944
2025-03-08 00:47:35,1.742944
2025-03-08 00:48:06,1.742944
2025-03-08 00:48:36,1.742944
2025-03-08 00:49:06,1.742944
2025-03-08 00:49:36,1.742944
2025-03-08 00:50:06,1.742944
2025-03-08 00:50:37,1.742944
2025-03-08 00:51:07,1.742944
2025-03-08 00:51:37,1.742944
2025-03-08 00:52:07,1.742944
2025-03-08 00:52:37,1.742944
2025-03-08 00:53:08,1.742944
2025-03-08 00:53:38,1.742944
2025-03-08 00:54:08,1.742944
2025-03-08 00:54:38,1.742944
2025-03-08 00:55:08,1.742944
2025-03-08 00:55:38,1.742944
2025-03-08 00:56:09,1.742944
2025-03-08 00:56:39,1.742944
2025-03-08 00:57:09,1.742944
2025-03-08 00:57:39,1.742944
2025-03-08 00:58:09,1.742944
2025-03-08 00:58:40,1.742944
2025-03-08 00:59:10,1.742944
2025-03-08 00:59:40,1.742944
2025-03-08 01:00:10,1.742944
2025-03-08 01:00:40,1.742944
2025-03-08 01:01:10,1.742944
2025-03-08 01:01:41,1.742944
2025-03-08 01:02:11,1.742944
2025-03-08 01:02:41,1.742944
2025-03-08 01:03:11,1.742944
2025-03-08 01:03:41,1.742944
2025-03-08 01:04:11,1.742944
2025-03-08 01:04:41,1.742944
2025-03-08 01:05:12,1.742944
2025-03-08 01:05:42,1.742944
2025-03-08 01:06:12,1.742944
2025-03-08 01:06:42,1.742944
2025-03-08 01:07:12,1.742944
2025-03-08 01:07:43,1.742944
2025-03-08 01:08:13,1.742944
2025-03-08 01:08:43,1.742944
2025-03-08 01:09:13,1.742944
2025-03-08 01:09:43,1.742944
2025-03-08 01:10:13,1.742944
2025-03-08 01:10:43,1.750678
2025-03-08 01:11:14,1.750678
2025-03-08 01:11:44,1.750678
2025-03-08 01:12:14,1.750678
2025-03-08 01:12:44,1.750678
2025-03-08 01:13:14,1.750678
2025-03-08 01:13:44,1.750678
2025-03-08 01:14:14,1.750678
2025-03-08 01:14:45,1.750678
2025-03-08 01:15:15,1.750678
2025-03-08 01:15:45,1.750678
2025-03-08 01:16:15,1.750678
2025-03-08 01:16:45,1.750678
2025-03-08 01:17:15,1.750678
2025-03-08 01:17:46,1.750678
2025-03-08 01:18:16,1.750678
2025-03-08 01:18:46,1.750678
2025-03-08 01:19:16,1.750678
2025-03-08 01:19:46,1.750678
2025-03-08 01:20:16,1.750678
2025-03-08 01:20:46,1.750678
2025-03-08 01:21:17,1.750678
2025-03-08 01:21:47,1.750678
2025-03-08 01:22:17,1.750678
2025-03-08 01:22:47,1.750678
2025-03-08 01:23:17,1.750678
2025-03-08 01:23:47,1.750678
2025-03-08 01:24:18,1.750678
2025-03-08 01:24:48,1.750678
2025-03-08 01:25:18,1.750678
2025-03-08 01:25:48,1.750678
2025-03-08 01:26:18,1.750678
2025-03-08 01:26:48,1.750678
2025-03-08 01:27:19,1.750678
2025-03-08 01:27:49,1.750678
2025-03-08 01:28:19,1.750678
2025-03-08 01:28:49,1.750678
2025-03-08 01:29:19,1.750678
2025-03-08 01:29:49,1.750678
2025-03-08 01:30:19,1.750678
2025-03-08 01:30:49,1.750678
2025-03-08 01:31:20,1.750678
2025-03-08 01:31:50,1.750678
2025-03-08 01:32:20,1.750678
2025-03-08 01:32:50,1.750678
2025-03-08 01:33:20,1.750678
2025-03-08 01:33:50,1.750678
2025-03-08 01:34:21,1.750678
2025-03-08 01:34:51,1.750678
2025-03-08 01:35:21,1.750678
2025-03-08 01:35:51,1.750678
2025-03-08 01:36:21,1.750678
2025-03-08 01:36:51,1.750678
2025-03-08 01:37:22,1.750678
2025-03-08 01:37:52,1.750678
2025-03-08 01:38:22,1.750678
2025-03-08 01:38:52,1.750678
2025-03-08 01:39:22,1.750678
2025-03-08 01:39:52,1.750678
2025-03-08 01:40:22,1.750678
2025-03-08 01:40:53,1.750678
2025-03-08 01:41:23,1.750678
2025-03-08 01:41:53,1.750678
2025-03-08 01:42:23,1.750678
2025-03-08 01:42:53,1.750678
2025-03-08 01:43:23,1.750678
2025-03-08 01:43:53,1.750678
2025-03-08 01:44:24,1.750678
2025-03-08 01:44:54,1.750678
2025-03-08 01:45:24,1.750678
2025-03-08 01:45:54,1.750678
2025-03-08 01:46:24,1.750678
2025-03-08 01:46:54,1.750678
2025-03-08 01:47:24,1.750678
2025-03-08 01:47:55,1.750678
2025-03-08 01:48:25,1.750678
2025-03-08 01:48:55,1.750678
2025-03-08 01:49:25,1.750678
2025-03-08 01:49:55,1.750678
2025-03-08 01:50:25,1.750678
2025-03-08 01:50:56,1.750678
2025-03-08 01:51:26,1.750678
2025-03-08 01:51:56,1.750678
2025-03-08 01:52:26,1.750678
2025-03-08 01:52:56,1.750678
2025-03-08 01:53:26,1.750678
2025-03-08 01:53:56,1.750678
2025-03-08 01:54:27,1.750678
2025-03-08 01:54:57,1.750678
2025-03-08 01:55:27,1.750678
2025-03-08 01:55:57,1.750678
2025-03-08 01:56:27,1.750678
2025-03-08 01:56:58,1.750678
2025-03-08 01:57:28,1.750678
2025-03-08 01:57:58,1.750678
2025-03-08 01:58:28,1.750678
2025-03-08 01:58:58,1.750678
2025-03-08 01:59:28,1.750678
2025-03-08 01:59:59,1.750678
2025-03-08 02:00:29,1.750678
2025-03-08 02:00:59,1.750678
2025-03-08 02:01:29,1.750678
2025-03-08 02:01:59,1.750678
2025-03-08 02:02:29,1.750678
2025-03-08 02:03:00,1.750678
2025-03-08 02:03:30,1.750678
2025-03-08 02:04:00,1.750678
2025-03-08 02:04:30,1.750678
2025-03-08 02:05:00,1.750678
2025-03-08 02:05:30,1.750678
2025-03-08 02:06:01,1.750678
2025-03-08 02:06:31,1.750678
2025-03-08 02:07:01,1.750678
2025-03-08 02:07:31,1.750678
2025-03-08 02:08:01,1.750678
2025-03-08 02:08:31,1.750678
2025-03-08 02:09:01,1.750678
2025-03-08 02:09:32,1.750678
2025-03-08 02:10:02,1.750678
2025-03-08 02:10:32,1.750678
2025-03-08 02:11:02,1.750678
2025-03-08 02:11:32,1.750678
2025-03-08 02:12:02,1.750678
2025-03-08 02:12:33,1.750678
2025-03-08 02:13:03,1.750678
2025-03-08 02:13:33,1.750678
2025-03-08 02:14:03,1.750678
2025-03-08 02:14:33,1.750678
2025-03-08 02:15:03,1.750678
2025-03-08 02:15:34,1.750678
2025-03-08 02:16:04,1.750678
2025-03-08 02:16:34,1.750678
2025-03-08 02:17:04,1.750678
2025-03-08 02:17:34,1.750678
2025-03-08 02:18:04,1.750678
2025-03-08 02:18:35,1.750678
2025-03-08 02:19:05,1.750678
2025-03-08 02:19:35,1.750678
2025-03-08 02:20:05,1.750678
2025-03-08 02:20:35,1.750678
2025-03-08 02:21:05,1.750678
2025-03-08 02:21:35,1.750678
2025-03-08 02:22:06,1.750678
2025-03-08 02:22:36,1.750678
2025-03-08 02:23:06,1.750678
2025-03-08 02:23:36,1.750678
2025-03-08 02:24:06,1.750678
2025-03-08 02:24:36,1.750678
2025-03-08 02:25:07,1.750678
2025-03-08 02:25:37,1.750678
2025-03-08 02:26:07,1.750678
2025-03-08 02:26:37,1.750678
2025-03-08 02:27:07,1.750678
2025-03-08 02:27:38,1.750678
2025-03-08 02:28:08,1.750678
2025-03-08 02:28:38,1.750678
2025-03-08 02:29:08,1.750678
2025-03-08 02:29:38,1.750678
2025-03-08 02:30:08,1.750678
2025-03-08 02:30:39,1.750678
2025-03-08 02:31:09,1.750678
2025-03-08 02:31:40,1.750678
2025-03-08 02:32:11,1.750678
2025-03-08 02:32:41,1.750678
2025-03-08 02:33:11,1.750678
2025-03-08 02:33:41,1.750678
2025-03-08 02:34:11,1.750678
2025-03-08 02:34:41,1.750678
2025-03-08 02:35:12,1.750678
2025-03-08 02:35:42,1.750678
2025-03-08 02:36:12,1.750678
2025-03-08 02:36:42,1.750678
2025-03-08 02:37:12,1.750678
2025-03-08 02:37:43,1.750678
2025-03-08 02:38:13,1.750678
2025-03-08 02:38:43,1.750678
2025-03-08 02:39:13,1.750678
2025-03-08 02:39:43,1.750678
2025-03-08 02:40:14,1.750678
2025-03-08 02:40:44,1.750678
2025-03-08 02:41:14,1.750678
2025-03-08 02:41:44,1.750678
2025-03-08 02:42:14,1.750678
2025-03-08 02:42:45,1.750678
2025-03-08 02:43:15,1.750678
2025-03-08 02:43:45,1.750678
2025-03-08 02:44:15,1.750678
2025-03-08 02:44:45,1.750678
2025-03-08 02:45:15,1.750678
2025-03-08 02:45:46,1.750678
2025-03-08 02:46:16,1.750678
2025-03-08 02:46:46,1.750678
2025-03-08 02:47:16,1.750678
2025-03-08 02:47:46,1.750678
2025-03-08 02:48:16,1.750678
2025-03-08 02:48:46,1.750678
2025-03-08 02:49:17,1.750678
2025-03-08 02:49:47,1.750678
2025-03-08 02:50:17,1.750678
2025-03-08 02:50:47,1.750678
2025-03-08 02:51:17,1.750678
2025-03-08 02:51:47,1.750678
2025-03-08 02:52:18,1.750678
2025-03-08 02:52:48,1.750678
2025-03-08 02:53:18,1.750678
2025-03-08 02:53:48,1.750678
2025-03-08 02:54:18,1.750678
2025-03-08 02:54:48,1.750678
2025-03-08 02:55:19,1.750678
2025-03-08 02:55:49,1.750678
2025-03-08 02:56:19,1.750678
2025-03-08 02:56:49,1.750678
2025-03-08 02:57:19,1.750678
2025-03-08 02:57:50,1.750678
2025-03-08 02:58:20,1.750678
2025-03-08 02:58:50,1.750678
2025-03-08 02:59:20,1.750678
2025-03-08 02:59:50,1.750678
2025-03-08 03:00:20,1.750678
2025-03-08 03:00:50,1.750678
2025-03-08 03:01:21,1.750678
2025-03-08 03:01:51,1.750678
2025-03-08 03:02:21,1.750678
2025-03-08 03:02:51,1.750678
2025-03-08 03:03:21,1.750678
2025-03-08 03:03:51,1.750678
2025-03-08 03:04:22,1.750678
2025-03-08 03:04:52,1.750678
2025-03-08 03:05:22,1.750678
2025-03-08 03:05:52,1.750678
2025-03-08 03:06:22,1.750678
2025-03-08 03:06:52,1.750678
2025-03-08 03:07:23,1.750678
2025-03-08 03:07:53,1.750678
2025-03-08 03:08:23,1.750678
2025-03-08 03:08:53,1.750678
2025-03-08 03:09:23,1.750678
2025-03-08 03:09:53,1.750678
2025-03-08 03:10:23,1.750678
2025-03-08 03:10:54,1.750678
2025-03-08 03:11:24,1.750678
2025-03-08 03:11:54,1.750678
2025-03-08 03:12:24,1.750678
2025-03-08 03:12:54,1.750678
2025-03-08 03:13:25,1.750678
2025-03-08 03:13:55,1.750678
2025-03-08 03:14:25,1.750678
2025-03-08 03:14:55,1.750678
2025-03-08 03:15:25,1.750678
2025-03-08 03:15:55,1.750678
2025-03-08 03:16:26,1.750678
2025-03-08 03:16:56,1.750678
2025-03-08 03:17:26,1.750678
2025-03-08 03:17:56,1.750678
2025-03-08 03:18:26,1.750678
2025-03-08 03:18:56,1.750678
2025-03-08 03:19:26,1.750678
2025-03-08 03:19:57,1.750678
2025-03-08 03:20:27,1.750678
2025-03-08 03:20:57,1.750678
2025-03-08 03:21:27,1.750678
2025-03-08 03:21:57,1.750678
2025-03-08 03:22:28,1.750678
2025-03-08 03:22:58,1.750678
2025-03-08 03:23:28,1.750678
2025-03-08 03:23:58,1.750678
2025-03-08 03:24:28,1.750678
2025-03-08 03:24:58,1.750678
2025-03-08 03:25:28,1.750678
2025-03-08 03:25:59,1.750678
2025-03-08 03:26:29,1.750678
2025-03-08 03:26:59,1.750678
2025-03-08 03:27:29,1.750678
2025-03-08 03:27:59,1.750678
2025-03-08 03:28:30,1.750678
2025-03-08 03:29:00,1.750678
2025-03-08 03:29:30,1.750678
2025-03-08 03:30:00,1.750678
2025-03-08 03:30:30,1.750678
2025-03-08 03:31:00,1.750678
2025-03-08 03:31:30,1.750678
2025-03-08 03:32:01,1.750678
2025-03-08 03:32:31,1.750678
2025-03-08 03:33:01,1.750678
2025-03-08 03:33:31,1.750678
2025-03-08 03:34:01,1.750678
2025-03-08 03:34:31,1.750678
2025-03-08 03:35:01,1.750678
2025-03-08 03:35:32,1.750678
2025-03-08 03:36:02,1.750678
2025-03-08 03:36:32,1.750678
2025-03-08 03:37:02,1.750678
2025-03-08 03:37:32,1.750678
2025-03-08 03:38:02,1.750678
2025-03-08 03:38:32,1.750678
2025-03-08 03:39:03,1.750678
2025-03-08 03:39:33,1.750678
2025-03-08 03:40:03,1.750678
2025-03-08 03:41:23,1.750678
2025-03-08 03:41:53,1.750678
2025-03-08 03:42:23,1.750678
2025-03-08 03:42:54,1.750678
2025-03-08 03:43:24,1.750678
2025-03-08 03:43:54,1.750678
2025-03-08 03:44:24,1.750678
2025-03-08 03:44:54,1.750678
2025-03-08 03:45:24,1.750678
2025-03-08 03:45:54,1.750678
2025-03-08 03:46:25,1.750678
2025-03-08 03:46:55,1.750678
2025-03-08 03:47:25,1.750678
2025-03-08 03:47:55,1.750678
2025-03-08 03:48:25,1.750678
2025-03-08 03:48:55,1.750678
2025-03-08 03:49:25,1.750678
2025-03-08 03:49:56,1.750678
2025-03-08 03:50:26,1.750678
2025-03-08 03:50:56,1.750678
2025-03-08 03:51:26,1.750678
2025-03-08 03:51:56,1.750678
2025-03-08 03:52:26,1.750678
2025-03-08 03:52:57,1.750678
2025-03-08 03:53:27,1.750678
2025-03-08 03:53:57,1.750678
2025-03-08 03:54:27,1.750678
2025-03-08 03:54:57,1.750678
2025-03-08 03:55:27,1.750678
2025-03-08 03:55:58,1.750678
2025-03-08 03:56:28,1.750678
2025-03-08 03:56:58,1.750678
2025-03-08 03:57:28,1.750678
2025-03-08 03:57:58,1.750678
2025-03-08 03:58:28,1.750678
2025-03-08 03:58:59,1.750678
2025-03-08 03:59:29,1.750678
2025-03-08 03:59:59,1.750678
2025-03-08 04:00:29,1.750678
2025-03-08 04:00:59,1.750678
2025-03-08 04:01:29,1.750678
2025-03-08 04:02:00,1.750678
2025-03-08 04:02:30,1.750678
2025-03-08 04:03:00,1.750678
2025-03-08 04:03:30,1.750678
2025-03-08 04:04:00,1.750678
2025-03-08 04:04:30,1.750678
2025-03-08 04:05:00,1.750678
2025-03-08 04:05:31,1.750678
2025-03-08 04:06:01,1.750678
2025-03-08 04:06:31,1.750678
2025-03-08 04:07:01,1.750678
2025-03-08 04:07:31,1.750678
2025-03-08 04:08:01,1.750678
2025-03-08 04:08:32,1.750678
2025-03-08 04:09:02,1.750678
2025-03-08 04:09:32,1.750678
2025-03-08 04:10:02,1.750678
2025-03-08 04:10:32,1.750678
2025-03-08 04:11:02,1.750678
2025-03-08 04:11:33,1.750678
2025-03-08 04:12:03,1.750678
2025-03-08 04:12:33,1.750678
2025-03-08 04:13:03,1.750678
2025-03-08 04:13:33,1.750678
2025-03-08 04:14:03,1.750678
2025-03-08 04:14:34,1.750678
2025-03-08 04:15:04,1.750678
2025-03-08 04:15:34,1.750678
2025-03-08 04:16:04,1.750678
2025-03-08 04:16:34,1.750678
2025-03-08 04:17:05,1.750678
2025-03-08 04:17:35,1.750678
2025-03-08 04:18:05,1.750678
2025-03-08 04:18:35,1.750678
2025-03-08 04:19:05,1.750678
2025-03-08 04:19:35,1.750678
2025-03-08 04:20:06,1.750678
2025-03-08 04:20:36,1.750678
2025-03-08 04:21:06,1.750678
2025-03-08 04:21:36,1.750678
2025-03-08 04:22:06,1.750678
2025-03-08 04:22:36,1.750678
2025-03-08 04:23:07,1.750678
2025-03-08 04:23:37,1.750678
2025-03-08 04:24:07,1.750678
2025-03-08 04:24:37,1.750678
2025-03-08 04:25:07,1.750678
2025-03-08 04:25:37,1.750678
2025-03-08 04:26:08,1.750678
2025-03-08 04:26:38,1.750678
2025-03-08 04:27:08,1.750678
2025-03-08 04:27:38,1.750678
2025-03-08 04:28:08,1.750678
2025-03-08 04:28:38,1.750678
2025-03-08 04:29:09,1.750678
2025-03-08 04:29:39,1.750678
2025-03-08 04:30:09,1.750678
2025-03-08 04:30:39,1.750678
2025-03-08 04:31:09,1.750678
2025-03-08 04:31:40,1.750678
2025-03-08 04:32:10,1.750678
2025-03-08 04:32:40,1.750678
2025-03-08 04:33:10,1.750678
2025-03-08 04:33:40,1.750678
2025-03-08 04:34:10,1.750678
2025-03-08 04:34:41,1.750678
2025-03-08 04:35:11,1.750678
2025-03-08 04:35:41,1.750678
2025-03-08 04:36:11,1.750678
2025-03-08 04:36:41,1.750678
2025-03-08 04:37:12,1.750678
2025-03-08 04:37:42,1.750678
2025-03-08 04:38:12,1.750678
2025-03-08 04:38:42,1.750678
2025-03-08 04:39:12,1.750678
2025-03-08 04:39:42,1.750678
2025-03-08 04:40:13,1.750678
2025-03-08 04:40:43,1.750678
2025-03-08 04:41:13,1.750678
2025-03-08 04:41:43,1.750678
2025-03-08 04:42:13,1.750678
2025-03-08 04:42:43,1.750678
2025-03-08 04:43:14,1.750678
2025-03-08 04:43:44,1.750678
2025-03-08 04:44:14,1.750678
2025-03-08 04:44:44,1.750678
2025-03-08 04:45:14,1.750678
2025-03-08 04:45:44,1.750678
2025-03-08 04:46:14,1.750678
2025-03-08 04:46:45,1.750678
2025-03-08 04:47:15,1.750678
2025-03-08 04:47:45,1.750678
2025-03-08 04:48:15,1.750678
2025-03-08 04:48:46,1.750678
2025-03-08 04:49:16,1.750678
2025-03-08 04:49:46,1.750678
2025-03-08 04:50:16,1.750678
2025-03-08 04:50:46,1.750678
2025-03-08 04:51:16,1.750678
2025-03-08 04:51:46,1.750678
2025-03-08 04:52:17,1.750678
2025-03-08 04:52:47,1.750678
2025-03-08 04:53:17,1.750678
2025-03-08 04:53:47,1.750678
2025-03-08 04:54:17,1.750678
2025-03-08 04:54:47,1.750678
2025-03-08 04:55:17,1.750678
2025-03-08 04:55:48,1.750678
2025-03-08 04:56:18,1.750678
2025-03-08 04:56:48,1.750678
2025-03-08 04:57:18,1.750678
2025-03-08 04:57:48,1.750678
2025-03-08 04:58:18,1.750678
2025-03-08 04:58:48,1.750678
2025-03-08 04:59:19,1.750678
2025-03-08 04:59:49,1.750678
2025-03-08 05:00:19,1.750678
2025-03-08 05:00:49,1.750678
2025-03-08 05:01:19,1.750678
2025-03-08 05:01:50,1.750678
2025-03-08 05:02:20,1.750678
2025-03-08 05:02:50,1.750678
2025-03-08 05:03:20,1.750678
2025-03-08 05:03:50,1.750678
2025-03-08 05:04:20,1.750678
2025-03-08 05:04:50,1.750678
2025-03-08 05:05:21,1.750678
2025-03-08 05:05:51,1.750678
2025-03-08 05:06:21,1.750678
2025-03-08 05:06:51,1.750678
2025-03-08 05:07:21,1.750678
2025-03-08 05:07:51,1.750678
2025-03-08 05:08:21,1.750678
2025-03-08 05:08:52,1.750678
2025-03-08 05:09:22,1.750678
2025-03-08 05:09:52,1.750678
2025-03-08 05:10:22,1.750678
2025-03-08 05:10:52,1.750678
2025-03-08 05:11:22,1.750678
2025-03-08 05:11:53,1.750678
2025-03-08 05:12:23,1.750678
2025-03-08 05:12:53,1.750678
2025-03-08 05:13:23,1.750678
2025-03-08 05:13:53,1.750678
2025-03-08 05:14:23,1.750678
2025-03-08 05:14:53,1.750678
2025-03-08 05:15:24,1.750678
2025-03-08 05:15:54,1.750678
2025-03-08 05:16:24,1.750678
2025-03-08 05:16:54,1.750678
2025-03-08 05:17:24,1.750678
2025-03-08 05:17:55,1.750678
2025-03-08 05:18:25,1.750678
2025-03-08 05:18:55,1.750678
2025-03-08 05:19:25,1.750678
2025-03-08 05:19:55,1.750678
2025-03-08 05:20:25,1.750678
2025-03-08 05:20:55,1.750678
2025-03-08 05:21:26,1.750678
2025-03-08 05:21:56,1.750678
2025-03-08 05:22:26,1.750678
2025-03-08 05:22:56,1.750678
2025-03-08 05:23:26,1.750678
2025-03-08 05:23:56,1.750678
2025-03-08 05:24:26,1.750678
2025-03-08 05:24:57,1.750678
2025-03-08 05:25:27,1.750678
2025-03-08 05:25:57,1.750678
2025-03-08 05:26:27,1.750678
2025-03-08 05:26:57,1.750678
2025-03-08 05:27:27,1.750678
2025-03-08 05:27:58,1.750678
2025-03-08 05:28:28,1.750678
2025-03-08 05:28:58,1.750678
2025-03-08 05:29:28,1.750678
2025-03-08 05:29:58,1.750678
2025-03-08 05:30:28,1.750678
2025-03-08 05:30:59,1.750678
2025-03-08 05:31:29,1.750678
2025-03-08 05:31:59,1.750678
2025-03-08 05:32:29,1.750678
2025-03-08 05:33:00,1.750678
2025-03-08 05:33:30,1.750678
2025-03-08 05:34:00,1.750678
2025-03-08 05:34:30,1.750678
2025-03-08 05:35:00,1.750678
2025-03-08 05:35:30,1.750678
2025-03-08 05:36:00,1.750678
2025-03-08 05:36:31,1.750678
2025-03-08 05:37:01,1.750678
2025-03-08 05:37:31,1.750678
2025-03-08 05:38:01,1.750678
2025-03-08 05:38:31,1.750678
2025-03-08 05:39:01,1.750678
2025-03-08 05:39:31,1.750678
2025-03-08 05:40:02,1.750678
2025-03-08 05:40:32,1.750678
2025-03-08 05:41:02,1.750678
2025-03-08 05:41:32,1.750678
2025-03-08 05:42:02,1.750678
2025-03-08 05:42:32,1.750678
2025-03-08 05:43:02,1.750678
2025-03-08 05:43:33,1.750678
2025-03-08 05:44:03,1.750678
2025-03-08 05:44:33,1.750678
2025-03-08 05:45:03,1.750678
2025-03-08 05:45:33,1.750678
2025-03-08 05:46:03,1.750678
2025-03-08 05:46:34,1.750678
2025-03-08 05:47:04,1.750678
2025-03-08 05:47:34,1.750678
2025-03-08 05:48:04,1.750678
2025-03-08 05:48:34,1.750678
2025-03-08 05:49:04,1.750678
2025-03-08 05:49:35,1.750678
2025-03-08 05:50:05,1.750678
2025-03-08 05:50:35,1.750678
2025-03-08 05:51:05,1.750678
2025-03-08 05:51:35,1.750678
2025-03-08 05:52:06,1.750678
2025-03-08 05:52:36,1.750678
2025-03-08 05:53:06,1.750678
2025-03-08 05:53:36,1.750678
2025-03-08 05:54:06,1.750678
2025-03-08 05:54:36,1.750678
2025-03-08 05:55:06,1.750678
2025-03-08 05:55:37,1.750678
2025-03-08 05:56:07,1.750678
2025-03-08 05:56:37,1.750678
2025-03-08 05:57:07,1.750678
2025-03-08 05:57:37,1.750678
2025-03-08 05:58:07,1.750678
2025-03-08 05:58:38,1.750678
2025-03-08 05:59:08,1.750678
2025-03-08 05:59:38,1.750678
2025-03-08 06:00:08,1.750678
2025-03-08 06:00:38,1.750678
2025-03-08 06:01:08,1.750678
2025-03-08 06:01:38,1.750678
2025-03-08 06:02:09,1.750678
2025-03-08 06:02:39,1.750678
2025-03-08 06:03:09,1.750678
2025-03-08 06:03:39,1.750678
2025-03-08 06:04:09,1.750678
2025-03-08 06:04:39,1.750678
2025-03-08 06:05:10,1.750678
2025-03-08 06:05:40,1.750678
2025-03-08 06:06:10,1.750678
2025-03-08 06:06:40,1.750678
2025-03-08 06:07:10,1.750678
2025-03-08 06:07:40,1.750678
2025-03-08 06:08:11,1.750678
2025-03-08 06:08:41,1.750678
2025-03-08 06:09:11,1.750678
2025-03-08 06:09:41,1.750678
2025-03-08 06:10:11,1.750678
2025-03-08 06:10:41,1.750678
2025-03-08 06:11:11,1.750678
2025-03-08 06:11:41,1.750678
2025-03-08 06:12:12,1.750678
2025-03-08 06:12:42,1.750678
2025-03-08 06:13:12,1.750678
2025-03-08 06:13:42,1.750678
2025-03-08 06:14:12,1.750678
2025-03-08 06:14:42,1.750678
2025-03-08 06:15:12,1.750678
2025-03-08 06:15:43,1.750678
2025-03-08 06:16:13,1.750678
2025-03-08 06:16:43,1.750678
2025-03-08 06:17:13,1.750678
2025-03-08 06:17:43,1.750678
2025-03-08 06:18:13,1.750678
2025-03-08 06:18:43,1.750678
2025-03-08 06:19:13,1.750678
2025-03-08 06:19:44,1.750678
2025-03-08 06:20:14,1.750678
2025-03-08 06:20:44,1.750678
2025-03-08 06:21:14,1.750678
2025-03-08 06:21:44,1.750678
2025-03-08 06:22:14,1.750678
2025-03-08 06:22:44,1.750678
2025-03-08 06:23:15,1.750678
2025-03-08 06:23:45,1.750678
2025-03-08 06:24:15,1.750678
2025-03-08 06:24:45,1.750678
2025-03-08 06:25:15,1.750678
2025-03-08 06:25:45,1.750678
2025-03-08 06:26:15,1.750678
2025-03-08 06:26:45,1.750678
2025-03-08 06:27:16,1.750678
2025-03-08 06:27:46,1.750678
2025-03-08 06:28:16,1.750678
2025-03-08 06:28:46,1.750678
2025-03-08 06:29:16,1.750678
2025-03-08 06:29:46,1.750678
2025-03-08 06:30:16,1.750678
2025-03-08 06:30:47,1.750678
2025-03-08 06:31:17,1.750678
2025-03-08 06:31:47,1.750678
2025-03-08 06:32:17,1.750678
2025-03-08 06:32:47,1.750678
2025-03-08 06:33:17,1.750678
2025-03-08 06:33:47,1.750678
2025-03-08 06:34:17,1.750678
2025-03-08 06:34:48,1.750678
2025-03-08 06:35:18,1.750678
2025-03-08 06:35:48,1.750678
2025-03-08 06:36:18,1.750678
2025-03-08 06:36:48,1.750678
2025-03-08 06:37:18,1.750678
2025-03-08 06:37:48,1.750678
2025-03-08 06:38:19,1.750678
2025-03-08 06:38:49,1.750678
2025-03-08 06:39:19,1.750678
2025-03-08 06:39:49,1.750678
2025-03-08 06:40:19,1.750678
2025-03-08 06:40:49,1.750678
2025-03-08 06:41:19,1.750678
2025-03-08 06:41:50,1.750678
2025-03-08 06:42:20,1.750678
2025-03-08 06:42:50,1.750678
2025-03-08 06:43:20,1.750678
2025-03-08 06:43:50,1.750678
2025-03-08 06:44:20,1.750678
2025-03-08 06:44:50,1.750678
2025-03-08 06:45:21,1.750678
2025-03-08 06:45:51,1.750678
2025-03-08 06:46:21,1.750678
2025-03-08 06:46:51,1.750678
2025-03-08 06:47:21,1.750678
2025-03-08 06:47:51,1.750678
2025-03-08 06:48:21,1.750678
2025-03-08 06:48:52,1.750678
2025-03-08 06:49:22,1.750678
2025-03-08 06:49:52,1.750678
2025-03-08 06:50:22,1.750678
2025-03-08 06:50:52,1.750678
2025-03-08 06:51:22,1.750678
2025-03-08 06:51:52,1.750678
2025-03-08 06:52:23,1.750678
2025-03-08 06:52:53,1.750678
2025-03-08 06:53:23,1.750678
2025-03-08 06:53:53,1.750678
2025-03-08 06:54:23,1.750678
2025-03-08 06:54:53,1.750678
2025-03-08 06:55:24,1.750678
2025-03-08 06:55:54,1.750678
2025-03-08 06:56:24,1.750678
2025-03-08 06:56:54,1.750678
2025-03-08 06:57:24,1.750678
2025-03-08 06:57:54,1.750678
2025-03-08 06:58:24,1.750678
2025-03-08 06:58:55,1.750678
2025-03-08 06:59:25,1.750678
2025-03-08 06:59:55,1.750678
2025-03-08 07:00:25,1.750678
2025-03-08 07:00:55,1.750678
2025-03-08 07:01:25,1.750678
2025-03-08 07:01:55,1.750678
2025-03-08 07:02:26,1.750678
2025-03-08 07:02:56,1.750678
2025-03-08 07:03:26,1.750678
2025-03-08 07:03:56,1.750678
2025-03-08 07:04:26,1.750678
2025-03-08 07:04:56,1.750678
2025-03-08 07:05:26,1.750678
2025-03-08 07:05:57,1.750678
2025-03-08 07:06:27,1.750678
2025-03-08 07:06:57,1.750678
2025-03-08 07:07:27,1.750678
2025-03-08 07:07:57,1.750678
2025-03-08 07:08:27,1.750678
2025-03-08 07:08:58,1.750678
2025-03-08 07:09:28,1.750678
2025-03-08 07:09:58,1.750678
2025-03-08 07:10:28,1.750678
2025-03-08 07:10:58,1.750678
2025-03-08 07:11:28,1.750678
2025-03-08 07:11:58,1.750678
2025-03-08 07:12:29,1.750678
2025-03-08 07:12:59,1.750678
2025-03-08 07:13:29,1.750678
2025-03-08 07:13:59,1.750678
2025-03-08 07:14:29,1.750678
2025-03-08 07:14:59,1.750678
2025-03-08 07:15:29,1.750678
2025-03-08 07:15:59,1.750678
2025-03-08 07:16:30,1.750678
2025-03-08 07:17:00,1.750678
2025-03-08 07:17:30,1.750678
2025-03-08 07:18:00,1.750678
2025-03-08 07:18:30,1.750678
2025-03-08 07:19:00,1.750678
2025-03-08 07:19:30,1.750678
2025-03-08 07:20:00,1.750678
2025-03-08 07:20:31,1.750678
2025-03-08 07:21:01,1.750678
2025-03-08 07:21:31,1.750678
2025-03-08 07:22:01,1.750678
2025-03-08 07:22:31,1.750678
2025-03-08 07:23:01,1.750678
2025-03-08 07:23:32,1.750678
2025-03-08 07:24:02,1.750678
2025-03-08 07:24:32,1.750678
2025-03-08 07:25:02,1.750678
2025-03-08 07:25:32,1.750678
2025-03-08 07:26:02,1.750678
2025-03-08 07:26:32,1.750678
2025-03-08 07:27:02,1.750678
2025-03-08 07:27:33,1.750678
2025-03-08 07:28:03,1.750678
2025-03-08 07:28:33,1.750678
2025-03-08 07:29:03,1.750678
2025-03-08 07:29:33,1.750678
2025-03-08 07:30:03,1.750678
2025-03-08 07:30:34,1.750678
2025-03-08 07:31:04,1.750678
2025-03-08 07:31:34,1.750678
2025-03-08 07:32:04,1.750678
2025-03-08 07:32:34,1.750678
2025-03-08 07:33:04,1.750678
2025-03-08 07:33:34,1.750678
2025-03-08 07:34:04,1.750678
2025-03-08 07:34:35,1.750678
2025-03-08 07:35:05,1.750678
2025-03-08 07:35:35,1.750678
2025-03-08 07:36:05,1.750678
2025-03-08 07:36:35,1.750678
2025-03-08 07:37:05,1.750678
2025-03-08 07:37:35,1.750678
2025-03-08 07:38:06,1.750678
2025-03-08 07:38:36,1.750678
2025-03-08 07:39:06,1.750678
2025-03-08 07:39:36,1.750678
2025-03-08 07:40:06,1.750678
2025-03-08 07:40:36,1.750678
2025-03-08 07:41:06,1.750678
2025-03-08 07:41:37,1.750678
2025-03-08 07:42:07,1.750678
2025-03-08 07:42:37,1.750678
2025-03-08 07:43:07,1.750678
2025-03-08 07:43:37,1.750678
2025-03-08 07:44:07,1.750678
2025-03-08 07:44:37,1.750678
2025-03-08 07:45:08,1.750678
2025-03-08 07:45:38,1.750678
2025-03-08 07:46:08,1.750678
2025-03-08 07:46:38,1.750678
2025-03-08 07:47:08,1.750678
2025-03-08 07:47:38,1.750678
2025-03-08 07:48:08,1.750678
2025-03-08 07:48:39,1.750678
2025-03-08 07:49:09,1.750678
2025-03-08 07:49:39,1.750678
2025-03-08 07:50:09,1.750678
2025-03-08 07:50:39,1.750678
2025-03-08 07:51:09,1.750678
2025-03-08 07:51:39,1.750678
2025-03-08 07:52:10,1.750678
2025-03-08 07:52:40,1.750678
2025-03-08 07:53:10,1.750678
2025-03-08 07:53:40,1.750678
2025-03-08 07:54:10,1.750678
2025-03-08 07:54:40,1.750678
2025-03-08 07:55:10,1.750678
2025-03-08 07:55:40,1.750678
2025-03-08 07:56:11,1.750678
2025-03-08 07:56:41,1.750678
2025-03-08 07:57:11,1.750678
2025-03-08 07:57:41,1.750678
2025-03-08 07:58:11,1.750678
2025-03-08 07:58:42,1.750678
2025-03-08 07:59:12,1.750678
2025-03-08 07:59:42,1.750678
2025-03-08 08:00:12,1.750678
2025-03-08 08:00:42,1.750678
2025-03-08 08:01:12,1.750678
2025-03-08 08:01:42,1.750678
2025-03-08 08:02:13,1.750678
2025-03-08 08:02:43,1.750678
2025-03-08 08:03:13,1.750678
2025-03-08 08:03:43,1.750678
2025-03-08 08:04:13,1.750678
2025-03-08 08:04:43,1.750678
2025-03-08 08:05:13,1.750678
2025-03-08 08:05:43,1.750678
2025-03-08 08:06:14,1.750678
2025-03-08 08:06:44,1.750678
2025-03-08 08:07:14,1.750678
2025-03-08 08:07:44,1.750678
2025-03-08 08:08:14,1.750678
2025-03-08 08:08:44,1.750678
2025-03-08 08:09:14,1.750678
2025-03-08 08:09:45,1.750678
2025-03-08 08:10:15,1.750678
2025-03-08 08:10:45,1.750678
2025-03-08 08:11:15,1.750678
2025-03-08 08:11:45,1.750678
2025-03-08 08:12:16,1.750678
2025-03-08 08:12:46,1.750678
2025-03-08 08:13:16,1.750678
2025-03-08 08:13:46,1.750678
2025-03-08 08:14:16,1.750678
2025-03-08 08:14:46,1.750678
2025-03-08 08:15:16,1.750678
2025-03-08 08:15:46,1.750678
2025-03-08 08:16:17,1.750678
2025-03-08 08:16:47,1.750678
2025-03-08 08:17:17,1.750678
2025-03-08 08:17:47,1.750678
2025-03-08 08:18:17,1.750678
2025-03-08 08:18:47,1.750678
2025-03-08 08:19:17,1.750678
2025-03-08 08:19:48,1.750678
2025-03-08 08:20:18,1.750678
2025-03-08 08:20:48,1.750678
2025-03-08 08:21:18,1.750678
2025-03-08 08:21:48,1.750678
2025-03-08 08:22:18,1.750678
2025-03-08 08:22:49,1.750678
2025-03-08 08:23:19,1.750678
2025-03-08 08:23:49,1.750678
2025-03-08 08:24:19,1.750678
2025-03-08 08:24:49,1.750678
2025-03-08 08:25:19,1.750678
2025-03-08 08:25:49,1.750678
2025-03-08 08:26:19,1.750678
2025-03-08 08:26:50,1.750678
2025-03-08 08:27:20,1.750678
2025-03-08 08:27:50,1.750678
2025-03-08 08:28:20,1.750678
2025-03-08 08:28:50,1.750678
2025-03-08 08:29:20,1.750678
2025-03-08 08:29:50,1.750678
2025-03-08 08:30:21,1.750678
2025-03-08 08:30:51,1.750678
2025-03-08 08:31:21,1.750678
2025-03-08 08:31:51,1.750678
2025-03-08 08:32:21,1.750678
2025-03-08 08:32:51,1.750678
2025-03-08 08:33:21,1.750678
2025-03-08 08:33:52,1.750678
2025-03-08 08:34:22,1.750678
2025-03-08 08:34:52,1.750678
2025-03-08 08:35:22,1.750678
2025-03-08 08:35:52,1.750678
2025-03-08 08:36:22,1.750678
2025-03-08 08:36:52,1.750678
2025-03-08 08:37:23,1.750678
2025-03-08 08:37:53,1.750678
2025-03-08 08:38:23,1.750678
2025-03-08 08:38:53,1.750678
2025-03-08 08:39:23,1.750678
2025-03-08 08:39:53,1.750678
2025-03-08 08:40:23,1.750678
2025-03-08 08:40:54,1.750678
2025-03-08 08:41:24,1.750678
2025-03-08 08:41:54,1.750678
2025-03-08 08:42:24,1.750678
2025-03-08 08:42:54,1.750678
